filename,score
BILLS-109s3799.txt,6
BILLS-112s1475.txt,2
BILLS-107hr685.txt,8
BILLS-109hr4080.txt,5
BILLS-109s2487.txt,6
BILLS-116hr1315.txt,7
BILLS-110hr4685.txt,8
BILLS-117hr8018.txt,8
BILLS-117hr1982.txt,8
BILLS-115s9.txt,5
BILLS-117hres221.txt,5
BILLS-115hr5345.txt,5
BILLS-113s208.txt,7
BILLS-118hr3904.txt,5
BILLS-116hr5601.txt,2
BILLS-114hr5078.txt,8
BILLS-112s1307.txt,5
BILLS-115s2441.txt,3
BILLS-110hr3840.txt,8
BILLS-115hr1889.txt,10
BILLS-108hr2914.txt,6
BILLS-116hr2608.txt,8
BILLS-112s79.txt,8
BILLS-114s1612.txt,3
BILLS-107hr1468.txt,4
BILLS-115hr1679.txt,5
BILLS-108s21.txt,4
BILLS-112s741.txt,8
BILLS-107hr2161.txt,2
BILLS-117hr4178.txt,5
BILLS-114s3005.txt,5
BILLS-110hr6910.txt,3
BILLS-118hr3092.txt,8
BILLS-111s3580.txt,7
BILLS-112s999.txt,3
BILLS-106hr3630.txt,7
BILLS-114hr5050.txt,5
BILLS-117sres363.txt,5
BILLS-110hr1919.txt,9
BILLS-115s3011.txt,8
BILLS-117hr8024.txt,4
BILLS-113hr3486.txt,3
BILLS-115s70.txt,5
BILLS-112s3538.txt,0
BILLS-118hr7586.txt,5
BILLS-115hr6664.txt,3
BILLS-113hr3492.txt,5
BILLS-114s1160.txt,8
BILLS-116hr2152.txt,8
BILLS-106s2934.txt,9
BILLS-106hr3624.txt,7
BILLS-111hr6393.txt,2
BILLS-108hr288.txt,3
BILLS-117sres411.txt,8
BILLS-111s2852.txt,8
BILLS-110s485.txt,8
BILLS-113s2626.txt,5
BILLS-111s696.txt,5
BILLS-108hr2928.txt,5
BILLS-107s2920.txt,5
BILLS-116hr6452.txt,5
BILLS-111hr2693.txt,7
BILLS-115hr6102.txt,0
BILLS-112s2154.txt,8
BILLS-118s3301.txt,7
BILLS-118hr8138.txt,7
BILLS-116s1899.txt,8
BILLS-109hr4043.txt,3
BILLS-115s1821.txt,5
BILLS-117s1655.txt,2
BILLS-115hr4098.txt,0
BILLS-116s3730.txt,2
BILLS-116hres852.txt,5
BILLS-118s2779.txt,8
BILLS-113hr4316.txt,5
BILLS-110hr5558.txt,2
BILLS-107s2075.txt,5
BILLS-114hjres107.txt,2
BILLS-111hres389.txt,8
BILLS-113hr2767.txt,4
BILLS-118s3467.txt,2
BILLS-116hres846.txt,8
BILLS-111hr5665.txt,0
BILLS-108hr1560.txt,8
BILLS-106s2713.txt,3
BILLS-110hr734.txt,6
BILLS-107hr5183.txt,7
BILLS-108hr511.txt,5
BILLS-109s2336.txt,7
BILLS-110s1368.txt,4
BILLS-114s738.txt,7
BILLS-118hr2367.txt,5
BILLS-112s972.txt,9
BILLS-115hr4932.txt,9
BILLS-118hres1144.txt,4
BILLS-106s2075.txt,7
BILLS-113sres450.txt,8
BILLS-118s3315.txt,7
BILLS-113hr2015.txt,5
BILLS-112hr3022.txt,7
BILLS-110s1426.txt,5
BILLS-111s899.txt,5
BILLS-114hr3384.txt,8
BILLS-115hres1110.txt,8
BILLS-110s452.txt,9
BILLS-116s2374.txt,1
BILLS-108s3014.txt,8
BILLS-118s4452.txt,2
BILLS-117s2406.txt,8
BILLS-110s3231.txt,8
BILLS-117hr6974.txt,2
BILLS-118hr6129.txt,7
BILLS-118s2023.txt,7
BILLS-118hr1646.txt,5
BILLS-117s4711.txt,3
BILLS-113hr5034.txt,2
BILLS-109hr1661.txt,5
BILLS-118hr4058.txt,6
BILLS-116hr5832.txt,5
BILLS-111hr6344.txt,8
BILLS-114hr2924.txt,8
BILLS-115s1809.txt,7
BILLS-115s517.txt,4
BILLS-109hr3062.txt,8
BILLS-117s4705.txt,3
BILLS-110s3543.txt,5
BILLS-118s4320.txt,2
BILLS-111hr5881.txt,5
BILLS-111hr3228.txt,7
BILLS-110hr3667.txt,8
BILLS-118hr7223.txt,3
BILLS-118s4446.txt,7
BILLS-110hr5216.txt,6
BILLS-116hr6491.txt,6
BILLS-118s2037.txt,6
BILLS-117hr547.txt,3
BILLS-113hres512.txt,5
BILLS-110s1432.txt,7
BILLS-115s271.txt,2
BILLS-109hr5375.txt,7
BILLS-108hr2733.txt,7
BILLS-111s655.txt,8
BILLS-116hr3066.txt,0
BILLS-110hr6290.txt,8
BILLS-116s2837.txt,8
BILLS-112s3706.txt,5
BILLS-117s3283.txt,9
BILLS-115hr1321.txt,0
BILLS-114sres386.txt,9
BILLS-118s911.txt,4
BILLS-113hr4869.txt,7
BILLS-117hr5058.txt,6
BILLS-114hconres29.txt,8
BILLS-110s1803.txt,6
BILLS-116hr5365.txt,3
BILLS-116s35.txt,5
BILLS-114hr2273.txt,4
BILLS-112s1663.txt,5
BILLS-115hr1453.txt,5
BILLS-110hr2784.txt,3
BILLS-116hr976.txt,7
BILLS-113s1677.txt,9
BILLS-114hr702.txt,3
BILLS-118hr7948.txt,4
BILLS-113s2356.txt,7
BILLS-115hr4265.txt,4
BILLS-115s1404.txt,3
BILLS-109s294.txt,5
BILLS-118s1933.txt,2
BILLS-113s1139.txt,7
BILLS-111hr2485.txt,5
BILLS-115hr6300.txt,8
BILLS-118hres903.txt,7
BILLS-109hr2803.txt,2
BILLS-115hr5609.txt,8
BILLS-118s1927.txt,5
BILLS-112s231.txt,0
BILLS-115hr2600.txt,5
BILLS-114hr5246.txt,3
BILLS-118s1099.txt,8
BILLS-115hr1309.txt,4
BILLS-113hr3848.txt,5
BILLS-109s2120.txt,3
BILLS-116s826.txt,4
BILLS-107hr5395.txt,8
BILLS-107hr4935.txt,8
BILLS-118hres1352.txt,8
BILLS-117s1331.txt,6
BILLS-116sres290.txt,10
BILLS-107hr3082.txt,5
BILLS-107hr1695.txt,7
BILLS-111hr5301.txt,3
BILLS-110hr4336.txt,2
BILLS-110s678.txt,5
BILLS-110hr6521.txt,2
BILLS-115hr3287.txt,9
BILLS-107hr3096.txt,5
BILLS-111hr1167.txt,8
BILLS-118s1066.txt,5
BILLS-115s729.txt,7
BILLS-108hr713.txt,5
BILLS-107hr5381.txt,3
BILLS-107hr3928.txt,7
BILLS-114hr3810.txt,5
BILLS-118s3671.txt,4
BILLS-112hr2658.txt,3
BILLS-118hr8448.txt,5
BILLS-113hr4100.txt,5
BILLS-112hr3546.txt,5
BILLS-108s2646.txt,8
BILLS-112hr6416.txt,5
BILLS-109hr5605.txt,5
BILLS-107hr3900.txt,4
BILLS-112hr1379.txt,8
BILLS-116hr1856.txt,3
BILLS-109s1415.txt,7
BILLS-118s736.txt,8
BILLS-118hr1444.txt,8
BILLS-116hr6687.txt,2
BILLS-115s2870.txt,6
BILLS-110hr278.txt,5
BILLS-112hr71.txt,2
BILLS-118hr5622.txt,5
BILLS-107hr478.txt,4
BILLS-109s257.txt,5
BILLS-111s3755.txt,2
BILLS-118hr4528.txt,5
BILLS-116s4513.txt,8
BILLS-112s1844.txt,3
BILLS-109s243.txt,7
BILLS-118s2235.txt,3
BILLS-116hr8866.txt,8
BILLS-117hres1247.txt,2
BILLS-112hr2102.txt,5
BILLS-110hr3465.txt,5
BILLS-113hr5222.txt,5
BILLS-110hr5772.txt,5
BILLS-114hr925.txt,8
BILLS-116hr2393.txt,7
BILLS-114hres575.txt,7
BILLS-116s2604.txt,2
BILLS-108hr2257.txt,5
BILLS-116sres441.txt,4
BILLS-106hr4215.txt,2
BILLS-110hr495.txt,5
BILLS-115s2723.txt,5
BILLS-113s1071.txt,7
BILLS-114hr104.txt,0
BILLS-107hr4882.txt,1
BILLS-115hr5755.txt,6
BILLS-114hr2307.txt,7
BILLS-114hr4776.txt,8
BILLS-111sres630.txt,5
BILLS-116hr6718.txt,8
BILLS-112hr3397.txt,3
BILLS-112hr2089.txt,6
BILLS-115hr1241.txt,5
BILLS-110hr3288.txt,7
BILLS-112hr2937.txt,5
BILLS-116hr2218.txt,5
BILLS-116s2957.txt,0
BILLS-109s2083.txt,2
BILLS-106hr4201.txt,5
BILLS-115hr1269.txt,4
BILLS-116hr7348.txt,8
BILLS-111hres1027.txt,7
BILLS-111hr2297.txt,6
BILLS-111s1787.txt,6
BILLS-108hr4785.txt,8
BILLS-112hr405.txt,5
BILLS-112s351.txt,2
BILLS-116hr3648.txt,6
BILLS-113s2544.txt,5
BILLS-113hr1859.txt,5
BILLS-115hr3318.txt,5
BILLS-109s49.txt,8
BILLS-118hr5795.txt,5
BILLS-111hr3837.txt,5
BILLS-112hr5916.txt,5
BILLS-116hr6724.txt,5
BILLS-118s2382.txt,5
BILLS-110hr2814.txt,2
BILLS-108hr3940.txt,8
BILLS-115hr2012.txt,8
BILLS-113s630.txt,3
BILLS-115s1202.txt,5
BILLS-108s681.txt,5
BILLS-115hr4305.txt,5
BILLS-118hr2950.txt,9
BILLS-117hr7075.txt,5
BILLS-114s1216.txt,5
BILLS-114hr892.txt,7
BILLS-108s2726.txt,2
BILLS-117s3334.txt,5
BILLS-114sres557.txt,3
BILLS-111hr324.txt,8
BILLS-116s1251.txt,8
BILLS-112hr1231.txt,2
BILLS-107hr3848.txt,5
BILLS-116s952.txt,2
BILLS-117hr68.txt,0
BILLS-116s2980.txt,8
BILLS-109hr4453.txt,4
BILLS-108s1549.txt,5
BILLS-112s1918.txt,3
BILLS-116s3320.txt,8
BILLS-109hr2744.txt,5
BILLS-112hres224.txt,7
BILLS-117hr1389.txt,8
BILLS-113hr4706.txt,8
BILLS-110hr2627.txt,5
BILLS-117s2994.txt,8
BILLS-116s1523.txt,10
BILLS-107s2471.txt,5
BILLS-117s4329.txt,8
BILLS-114hr1815.txt,6
BILLS-113s817.txt,5
BILLS-108s118.txt,3
BILLS-110hr442.txt,5
BILLS-112hr1225.txt,5
BILLS-109hr5759.txt,5
BILLS-116s3452.txt,6
BILLS-117hr6394.txt,4
BILLS-112hr3432.txt,8
BILLS-109s1549.txt,7
BILLS-111hr5513.txt,3
BILLS-110s3609.txt,8
BILLS-113hr1124.txt,6
BILLS-113s181.txt,3
BILLS-115s675.txt,8
BILLS-109hr3300.txt,8
BILLS-114hr845.txt,8
BILLS-111s1744.txt,3
BILLS-117s3308.txt,7
BILLS-107s3021.txt,8
BILLS-111hr318.txt,7
BILLS-110s3147.txt,3
BILLS-118hr8272.txt,3
BILLS-110s2259.txt,7
BILLS-112s1924.txt,5
BILLS-109s323.txt,5
BILLS-108s130.txt,8
BILLS-108hres212.txt,5
BILLS-114hr4945.txt,4
BILLS-115hr845.txt,8
BILLS-108s124.txt,5
BILLS-109s3404.txt,5
BILLS-109hr1265.txt,8
BILLS-111s1036.txt,8
BILLS-118s2341.txt,5
BILLS-112hr4361.txt,8
BILLS-113hr5356.txt,5
BILLS-118hr8500.txt,5
BILLS-116hr1936.txt,4
BILLS-109hr129.txt,3
BILLS-108s642.txt,7
BILLS-114s472.txt,8
BILLS-108s1788.txt,5
BILLS-115hr474.txt,4
BILLS-107hr2029.txt,5
BILLS-112s609.txt,3
BILLS-114s1982.txt,5
BILLS-115hr1731.txt,7
BILLS-111hres558.txt,5
BILLS-113s1273.txt,3
BILLS-117s3693.txt,8
BILLS-116hr1261.txt,8
BILLS-117hr1148.txt,5
BILLS-113hres41.txt,6
BILLS-113hr2808.txt,8
BILLS-117s4842.txt,5
BILLS-110hr1851.txt,0
BILLS-116hr3310.txt,3
BILLS-115s1996.txt,10
BILLS-107hr5020.txt,4
BILLS-106hr4017.txt,6
BILLS-114s2535.txt,8
BILLS-115hr306.txt,8
BILLS-116s3693.txt,5
BILLS-112s3464.txt,6
BILLS-113s1501.txt,8
BILLS-116hr7162.txt,3
BILLS-107s758.txt,8
BILLS-112s3302.txt,3
BILLS-116sres131.txt,3
BILLS-110hr6694.txt,0
BILLS-114hr4574.txt,5
BILLS-115hr460.txt,3
BILLS-115s3603.txt,3
BILLS-111hr4382.txt,8
BILLS-118hr7380.txt,3
BILLS-108hr1399.txt,8
BILLS-111hr867.txt,8
BILLS-117sres217.txt,5
BILLS-111s3392.txt,7
BILLS-109s684.txt,3
BILLS-115hr6704.txt,5
BILLS-117hr8150.txt,4
BILLS-113hr161.txt,4
BILLS-111hres1231.txt,7
BILLS-109hr4862.txt,2
BILLS-115hr4661.txt,5
BILLS-114s3165.txt,8
BILLS-114hr5656.txt,7
BILLS-112s621.txt,4
BILLS-107s1385.txt,7
BILLS-112s1529.txt,5
BILLS-111hr4396.txt,0
BILLS-107s764.txt,4
BILLS-116hr382.txt,3
BILLS-114s1941.txt,7
BILLS-118s3275.txt,4
BILLS-118hr3119.txt,8
BILLS-118hr4676.txt,6
BILLS-108s1993.txt,6
BILLS-113s2961.txt,8
BILLS-118hr2561.txt,7
BILLS-108hr3217.txt,4
BILLS-109s2256.txt,5
BILLS-118hr6707.txt,3
BILLS-117hr1821.txt,0
BILLS-110hr3049.txt,4
BILLS-117s4895.txt,8
BILLS-117s3122.txt,5
BILLS-118s2619.txt,5
BILLS-108s1039.txt,7
BILLS-116sres694.txt,1
BILLS-110s268.txt,8
BILLS-111s3379.txt,8
BILLS-116s4881.txt,6
BILLS-109hr4123.txt,5
BILLS-112s806.txt,5
BILLS-118s3261.txt,8
BILLS-113s2785.txt,7
BILLS-108hr2653.txt,8
BILLS-110s1552.txt,4
BILLS-116hr2797.txt,7
BILLS-110s3345.txt,3
BILLS-115sres301.txt,5
BILLS-118s2631.txt,9
BILLS-111s1546.txt,5
BILLS-116hr45.txt,5
BILLS-117hr4971.txt,7
BILLS-110hr7207.txt,3
BILLS-110s240.txt,5
BILLS-112s1298.txt,3
BILLS-116hres1229.txt,8
BILLS-110hr7213.txt,6
BILLS-115hr3873.txt,5
BILLS-116s2572.txt,5
BILLS-118hr3657.txt,7
BILLS-112hr2512.txt,7
BILLS-116hr427.txt,5
BILLS-118s2625.txt,2
BILLS-118hr1726.txt,9
BILLS-117s4117.txt,5
BILLS-111hr2724.txt,8
BILLS-115sres473.txt,7
BILLS-116hr7823.txt,5
BILLS-117s3678.txt,7
BILLS-113s2791.txt,3
BILLS-113hr1454.txt,4
BILLS-109s135.txt,5
BILLS-111s1553.txt,5
BILLS-110s2728.txt,8
BILLS-116hr426.txt,8
BILLS-112hr4162.txt,8
BILLS-110s3436.txt,2
BILLS-112hr2513.txt,0
BILLS-108hr1429.txt,4
BILLS-109hr2209.txt,5
BILLS-115hr3872.txt,5
BILLS-116hr5953.txt,5
BILLS-108s441.txt,5
BILLS-106s2882.txt,5
BILLS-108hr3558.txt,4
BILLS-113hres467.txt,6
BILLS-106s3222.txt,7
BILLS-109s134.txt,8
BILLS-110s533.txt,7
BILLS-111s720.txt,8
BILLS-106hr5485.txt,3
BILLS-112hr2275.txt,4
BILLS-113s1299.txt,5
BILLS-117s5208.txt,5
BILLS-108s1776.txt,3
BILLS-114hres170.txt,5
BILLS-114hr5680.txt,5
BILLS-113s2784.txt,5
BILLS-115s1968.txt,5
BILLS-116s2567.txt,5
BILLS-116hr4481.txt,6
BILLS-114hr2689.txt,5
BILLS-112hr3619.txt,0
BILLS-109s1762.txt,5
BILLS-109sres261.txt,5
BILLS-110s3422.txt,7
BILLS-118hr7424.txt,8
BILLS-112hr1026.txt,4
BILLS-115s1940.txt,8
BILLS-110hr6130.txt,4
BILLS-110hr899.txt,5
BILLS-108s1038.txt,4
BILLS-118hr995.txt,6
BILLS-116s3651.txt,5
BILLS-118s1311.txt,8
BILLS-118s4269.txt,2
BILLS-109hr316.txt,5
BILLS-117hr1820.txt,3
BILLS-116s1046.txt,5
BILLS-117hr7289.txt,8
BILLS-115hr6088.txt,3
BILLS-107s2672.txt,8
BILLS-117hr6829.txt,0
BILLS-109s108.txt,4
BILLS-110hr1139.txt,6
BILLS-118hr4663.txt,7
BILLS-109hr3895.txt,5
BILLS-115hr4847.txt,3
BILLS-113hr1469.txt,3
BILLS-109hr4136.txt,8
BILLS-118hr4677.txt,6
BILLS-115hr4853.txt,5
BILLS-116s1734.txt,5
BILLS-118hres447.txt,8
BILLS-107s956.txt,0
BILLS-111hr5062.txt,3
BILLS-115hr7382.txt,5
BILLS-108s2243.txt,6
BILLS-110hr2342.txt,8
BILLS-113hr4263.txt,0
BILLS-117s2229.txt,5
BILLS-109s1986.txt,5
BILLS-109hr1728.txt,7
BILLS-106s2672.txt,4
BILLS-115s1954.txt,3
BILLS-110s1209.txt,7
BILLS-109hr4650.txt,6
BILLS-114s659.txt,4
BILLS-115hr3669.txt,5
BILLS-111s3387.txt,8
BILLS-107hr5009.txt,5
BILLS-116hr5990.txt,5
BILLS-117hr3010.txt,5
BILLS-112hr3816.txt,2
BILLS-111s1590.txt,8
BILLS-112s3459.txt,5
BILLS-116hr1248.txt,8
BILLS-116s1907.txt,5
BILLS-107s1384.txt,3
BILLS-107hr2000.txt,8
BILLS-112s1528.txt,3
BILLS-113hr1496.txt,3
BILLS-118s1488.txt,5
BILLS-106hr4758.txt,3
BILLS-118hr4844.txt,5
BILLS-114hr4549.txt,5
BILLS-112hr1967.txt,9
BILLS-111s2933.txt,5
BILLS-116hr2755.txt,5
BILLS-116s1913.txt,5
BILLS-107s771.txt,10
BILLS-118s2195.txt,7
BILLS-107s2841.txt,5
BILLS-109s1979.txt,2
BILLS-106hr3745.txt,8
BILLS-117s1907.txt,9
BILLS-113s341.txt,8
BILLS-116hres728.txt,3
BILLS-116s1085.txt,8
BILLS-117hr6154.txt,7
BILLS-114s1029.txt,3
BILLS-118hr956.txt,9
BILLS-107hr5035.txt,3
BILLS-117hr4025.txt,2
BILLS-107hr3322.txt,8
BILLS-112s3303.txt,0
BILLS-107s2869.txt,5
BILLS-117hr9501.txt,8
BILLS-113hr5814.txt,2
BILLS-116hr7605.txt,0
BILLS-111hr2902.txt,5
BILLS-117hr1149.txt,3
BILLS-117s3692.txt,4
BILLS-108s2280.txt,9
BILLS-113hr5800.txt,5
BILLS-116hr8522.txt,5
BILLS-111hr2916.txt,4
BILLS-112s608.txt,5
BILLS-110hr29.txt,4
BILLS-115hr475.txt,5
BILLS-108s1789.txt,6
BILLS-109s2294.txt,8
BILLS-118hr942.txt,5
BILLS-116hr5760.txt,4
BILLS-114s842.txt,3
BILLS-112s1266.txt,9
BILLS-116hr7177.txt,5
BILLS-110hr2381.txt,8
BILLS-110hr4928.txt,7
BILLS-118s2340.txt,7
BILLS-112hr4406.txt,8
BILLS-109hr896.txt,4
BILLS-110hr5161.txt,9
BILLS-110hr3510.txt,4
BILLS-113hr1657.txt,2
BILLS-110s731.txt,8
BILLS-108s125.txt,5
BILLS-118hr5743.txt,5
BILLS-118hjres128.txt,0
BILLS-109s336.txt,5
BILLS-118s1649.txt,3
BILLS-107s1623.txt,0
BILLS-118hr573.txt,0
BILLS-116s2771.txt,4
BILLS-118hr7632.txt,5
BILLS-112hr4360.txt,9
BILLS-113s1925.txt,5
BILLS-118s2426.txt,5
BILLS-108s1212.txt,5
BILLS-110s1037.txt,7
BILLS-114s2911.txt,6
BILLS-118hr567.txt,3
BILLS-107s1637.txt,5
BILLS-109hr2779.txt,5
BILLS-108hr2450.txt,3
BILLS-116s4472.txt,3
BILLS-115hr5973.txt,5
BILLS-109hr3467.txt,5
BILLS-118s2354.txt,8
BILLS-118s643.txt,7
BILLS-109hr882.txt,6
BILLS-107s1179.txt,5
BILLS-117sres799.txt,9
BILLS-113s816.txt,8
BILLS-118s1675.txt,5
BILLS-114s329.txt,8
BILLS-117s4328.txt,7
BILLS-110hr2632.txt,10
BILLS-114hr1814.txt,8
BILLS-116hconres33.txt,5
BILLS-113hr2362.txt,5
BILLS-110s3608.txt,8
BILLS-109hr6251.txt,3
BILLS-118hr6510.txt,5
BILLS-109s1548.txt,5
BILLS-115s2093.txt,5
BILLS-111hr5512.txt,7
BILLS-118hr3468.txt,8
BILLS-114hr3965.txt,5
BILLS-115s884.txt,4
BILLS-112hr1224.txt,3
BILLS-111hr1760.txt,9
BILLS-117s598.txt,8
BILLS-116s2981.txt,5
BILLS-112hres543.txt,5
BILLS-112hr1230.txt,2
BILLS-116hr8085.txt,4
BILLS-111hr3177.txt,8
BILLS-109hr6245.txt,9
BILLS-111hr325.txt,7
BILLS-114hr878.txt,2
BILLS-118s4719.txt,5
BILLS-106s2316.txt,5
BILLS-112hr6239.txt,5
BILLS-107hr4840.txt,7
BILLS-108hr3772.txt,5
BILLS-117hr618.txt,2
BILLS-110s1786.txt,8
BILLS-115hr4462.txt,5
BILLS-107s71.txt,7
BILLS-107hr2202.txt,5
BILLS-110hr2815.txt,8
BILLS-118hr7197.txt,7
BILLS-110s3191.txt,9
BILLS-118s2383.txt,8
BILLS-113hr3083.txt,2
BILLS-114s1217.txt,5
BILLS-113s157.txt,6
BILLS-107hres514.txt,3
BILLS-118hr2945.txt,9
BILLS-118hr3483.txt,5
BILLS-113hr6.txt,3
BILLS-108s694.txt,4
BILLS-117s567.txt,7
BILLS-114hr3756.txt,5
BILLS-117hr96.txt,5
BILLS-116hr6057.txt,7
BILLS-116hr7349.txt,5
BILLS-117hr7060.txt,6
BILLS-113hr3929.txt,8
BILLS-115s3400.txt,7
BILLS-110hr2801.txt,4
BILLS-118s1846.txt,5
BILLS-115hr1526.txt,3
BILLS-118s870.txt,5
BILLS-117s2942.txt,6
BILLS-117s3484.txt,10
BILLS-117hres624.txt,7
BILLS-110s916.txt,6
BILLS-118hr5964.txt,7
BILLS-110s1962.txt,8
BILLS-117hr4541.txt,5
BILLS-117hres142.txt,0
BILLS-111hr4817.txt,5
BILLS-110hr5820.txt,8
BILLS-116s1287.txt,4
BILLS-113hr3901.txt,3
BILLS-112hr2922.txt,9
BILLS-110hres455.txt,5
BILLS-109hr6286.txt,0
BILLS-118hr2979.txt,5
BILLS-118hr598.txt,10
BILLS-110hr494.txt,5
BILLS-112hr438.txt,8
BILLS-117hr2642.txt,8
BILLS-111s3813.txt,9
BILLS-109s74.txt,9
BILLS-111hr38.txt,5
BILLS-114hr2312.txt,6
BILLS-116hr3675.txt,5
BILLS-107hr4883.txt,6
BILLS-117hr803.txt,8
BILLS-115s2722.txt,8
BILLS-117hr8596.txt,7
BILLS-118hres719.txt,9
BILLS-117s2611.txt,2
BILLS-111hr2453.txt,8
BILLS-117s1318.txt,5
BILLS-110s645.txt,5
BILLS-108hr2530.txt,2
BILLS-113s2380.txt,7
BILLS-118sjres104.txt,2
BILLS-116s2605.txt,2
BILLS-112hr6403.txt,7
BILLS-110s123.txt,5
BILLS-115s714.txt,7
BILLS-108hr4627.txt,7
BILLS-110hr1515.txt,5
BILLS-109s1400.txt,8
BILLS-112hr4214.txt,8
BILLS-111hr4744.txt,0
BILLS-116hr1843.txt,4
BILLS-113hr3646.txt,7
BILLS-110hr2008.txt,4
BILLS-118s3658.txt,4
BILLS-116s1318.txt,9
BILLS-116s2611.txt,5
BILLS-109hr5604.txt,5
BILLS-116s4260.txt,2
BILLS-108s723.txt,5
BILLS-108s1400.txt,7
BILLS-116s3269.txt,9
BILLS-110s889.txt,4
BILLS-110hr1267.txt,7
BILLS-112s1851.txt,8
BILLS-107hr479.txt,4
BILLS-114hr3187.txt,2
BILLS-117hr988.txt,2
BILLS-107hconres352.txt,7
BILLS-111hr4036.txt,2
BILLS-109s1372.txt,0
BILLS-107hr451.txt,5
BILLS-109s2653.txt,0
BILLS-115hr3286.txt,7
BILLS-116sres285.txt,5
BILLS-112hr1436.txt,7
BILLS-108hr1005.txt,5
BILLS-115s2859.txt,3
BILLS-113hr4667.txt,7
BILLS-117hr6587.txt,5
BILLS-118s2208.txt,6
BILLS-113hr3108.txt,5
BILLS-108s2647.txt,8
BILLS-111hr4778.txt,5
BILLS-110hr5997.txt,4
BILLS-108hr1763.txt,4
BILLS-114hr3805.txt,4
BILLS-106s2504.txt,3
BILLS-110hr523.txt,2
BILLS-108hr3160.txt,3
BILLS-110hr5983.txt,0
BILLS-108hr1777.txt,8
BILLS-107sjres34.txt,3
BILLS-118hr7008.txt,4
BILLS-107s2510.txt,8
BILLS-112hr3235.txt,4
BILLS-117s4248.txt,8
BILLS-118hr1479.txt,7
BILLS-116s199.txt,8
BILLS-107s1019.txt,5
BILLS-114s3212.txt,5
BILLS-107hr4707.txt,9
BILLS-115hr3279.txt,3
BILLS-115s1377.txt,5
BILLS-117s361.txt,3
BILLS-114s1405.txt,0
BILLS-110hr2961.txt,8
BILLS-116hr6889.txt,2
BILLS-116hr1880.txt,8
BILLS-108hr1944.txt,3
BILLS-116hr2351.txt,7
BILLS-111hr6190.txt,3
BILLS-116s614.txt,3
BILLS-112s230.txt,7
BILLS-107s1794.txt,0
BILLS-118hr5186.txt,7
BILLS-117hr5703.txt,5
BILLS-112hr570.txt,5
BILLS-107hr2404.txt,7
BILLS-111hr4793.txt,5
BILLS-112hr5863.txt,5
BILLS-111s1194.txt,4
BILLS-113hr4854.txt,3
BILLS-113s1138.txt,7
BILLS-111hres613.txt,7
BILLS-118s1932.txt,7
BILLS-113s2431.txt,5
BILLS-113s751.txt,5
BILLS-118hr3291.txt,0
BILLS-112s1892.txt,0
BILLS-115s1363.txt,3
BILLS-116hres338.txt,5
BILLS-110s1816.txt,5
BILLS-111s3973.txt,7
BILLS-108hr4800.txt,6
BILLS-111hr286.txt,5
BILLS-116hr977.txt,7
BILLS-118hr7961.txt,4
BILLS-117hr9111.txt,5
BILLS-112hr2842.txt,6
BILLS-111s1816.txt,8
BILLS-110hr5940.txt,6
BILLS-117s3282.txt,8
BILLS-116hr5416.txt,9
BILLS-109hr5823.txt,5
BILLS-117hr4421.txt,8
BILLS-107hr2438.txt,8
BILLS-110hr286.txt,5
BILLS-110s1802.txt,5
BILLS-114hr4617.txt,5
BILLS-115hr3251.txt,8
BILLS-109hr1674.txt,7
BILLS-113hr5021.txt,1
BILLS-115sres260.txt,5
BILLS-116s3719.txt,4
BILLS-114s705.txt,5
BILLS-111hr6351.txt,2
BILLS-110hr6078.txt,9
BILLS-113hr1247.txt,4
BILLS-111s3230.txt,1
BILLS-112hr6167.txt,5
BILLS-110s1433.txt,5
BILLS-109hr1112.txt,6
BILLS-108s3001.txt,7
BILLS-110hr3666.txt,5
BILLS-117s4076.txt,8
BILLS-111s3542.txt,7
BILLS-108hr2726.txt,7
BILLS-107s1227.txt,7
BILLS-109hr5360.txt,2
BILLS-108hr5049.txt,7
BILLS-108s247.txt,8
BILLS-110s1427.txt,5
BILLS-118hr2428.txt,5
BILLS-110hr1703.txt,7
BILLS-114hr2925.txt,8
BILLS-116s4062.txt,0
BILLS-110s1341.txt,7
BILLS-115s502.txt,8
BILLS-112hr2473.txt,5
BILLS-110hr3114.txt,5
BILLS-118s4335.txt,5
BILLS-117s2361.txt,8
BILLS-109s1616.txt,6
BILLS-118s2744.txt,1
BILLS-117s4710.txt,5
BILLS-108s509.txt,4
BILLS-109hr2341.txt,8
BILLS-115hr5393.txt,5
BILLS-117hr1954.txt,7
BILLS-117hres1078.txt,5
BILLS-117hres591.txt,7
BILLS-117s3731.txt,0
BILLS-107s2706.txt,0
BILLS-110hr4135.txt,3
BILLS-118hr4717.txt,4
BILLS-116s3043.txt,2
BILLS-112hr1620.txt,7
BILLS-111hr1370.txt,5
BILLS-112s967.txt,0
BILLS-111hr5116.txt,6
BILLS-117hr6949.txt,7
BILLS-113hr941.txt,2
BILLS-111hr3201.txt,5
BILLS-111hr5670.txt,8
BILLS-117hr1798.txt,5
BILLS-115sres248.txt,5
BILLS-108s2451.txt,3
BILLS-109hr4724.txt,7
BILLS-108hr504.txt,8
BILLS-115hr5387.txt,8
BILLS-115hr4072.txt,9
BILLS-112hres806.txt,5
BILLS-117s605.txt,5
BILLS-118s2793.txt,8
BILLS-115hr6665.txt,7
BILLS-118hr7587.txt,4
BILLS-111hres405.txt,4
BILLS-111hr906.txt,2
BILLS-108hr2929.txt,5
BILLS-108s290.txt,3
BILLS-118hr3087.txt,5
BILLS-107hr2174.txt,8
BILLS-115hr2365.txt,2
BILLS-117sres410.txt,0
BILLS-116s364.txt,7
BILLS-106hr4638.txt,4
BILLS-115hr1678.txt,5
BILLS-112s2141.txt,5
BILLS-114hr1551.txt,3
BILLS-111hr3598.txt,7
BILLS-112s78.txt,8
BILLS-115s3010.txt,4
BILLS-110hr1918.txt,5
BILLS-113s235.txt,3
BILLS-107hr5169.txt,7
BILLS-111hr6386.txt,7
BILLS-110hr906.txt,8
BILLS-116hr6309.txt,3
BILLS-115hr6659.txt,5
BILLS-114hr2716.txt,2
BILLS-118hr3905.txt,6
BILLS-114hr4401.txt,0
BILLS-115hr515.txt,8
BILLS-113hr996.txt,8
BILLS-117hr1029.txt,5
BILLS-114hr6202.txt,8
BILLS-110hr2593.txt,8
BILLS-112s3263.txt,3
BILLS-109hr4081.txt,5
BILLS-114s2326.txt,7
BILLS-116s3094.txt,5
BILLS-106hr4604.txt,5
BILLS-109s3798.txt,5
BILLS-114s936.txt,5
BILLS-114hr2702.txt,5
BILLS-112s1312.txt,8
BILLS-117hr4623.txt,2
BILLS-107hr5155.txt,9
BILLS-114hr4373.txt,3
BILLS-118hr836.txt,5
BILLS-112hr3792.txt,6
BILLS-117hr1983.txt,8
BILLS-118hr6869.txt,8
BILLS-113sres490.txt,4
BILLS-116s3082.txt,6
BILLS-106hr4612.txt,9
BILLS-108hr39.txt,1
BILLS-118hr820.txt,2
BILLS-117hr4635.txt,3
BILLS-107hr5143.txt,7
BILLS-117s1681.txt,5
BILLS-112s1304.txt,5
BILLS-117s2388.txt,8
BILLS-117hjres91.txt,3
BILLS-110s2879.txt,3
BILLS-118hjres27.txt,2
BILLS-112s3513.txt,4
BILLS-118s2961.txt,5
BILLS-115sres289.txt,8
BILLS-117s3082.txt,5
BILLS-114s2442.txt,4
BILLS-107hr5157.txt,5
BILLS-108s1827.txt,5
BILLS-111s2879.txt,5
BILLS-116hr5170.txt,5
BILLS-111s865.txt,4
BILLS-113hr758.txt,3
BILLS-116hr6479.txt,4
BILLS-113sres484.txt,10
BILLS-117sres412.txt,8
BILLS-111s3597.txt,7
BILLS-113s545.txt,8
BILLS-110hr6907.txt,2
BILLS-116hr2637.txt,5
BILLS-116s1871.txt,3
BILLS-115s3760.txt,0
BILLS-111hres361.txt,6
BILLS-116hr9004.txt,5
BILLS-118s2791.txt,0
BILLS-117s607.txt,8
BILLS-106hr3627.txt,5
BILLS-115s1605.txt,0
BILLS-110s1380.txt,8
BILLS-110sres663.txt,8
BILLS-106hr5242.txt,6
BILLS-115hr2415.txt,8
BILLS-115s3012.txt,9
BILLS-117hr8027.txt,5
BILLS-117hr9339.txt,7
BILLS-107s2937.txt,8
BILLS-111hres413.txt,5
BILLS-118s4492.txt,5
BILLS-111s681.txt,5
BILLS-114s3006.txt,6
BILLS-114hr3344.txt,6
BILLS-116hr2623.txt,3
BILLS-114hr5906.txt,5
BILLS-110hr6720.txt,5
BILLS-115hr3086.txt,5
BILLS-113hr957.txt,2
BILLS-111hr5100.txt,5
BILLS-112hr3021.txt,7
BILLS-118hr8891.txt,8
BILLS-111hr5666.txt,6
BILLS-107hr5180.txt,3
BILLS-115hr3938.txt,8
BILLS-108hr512.txt,8
BILLS-117hr2287.txt,8
BILLS-106s2704.txt,8
BILLS-110hr723.txt,7
BILLS-111s118.txt,3
BILLS-108hr506.txt,8
BILLS-112hr3753.txt,5
BILLS-118hr6670.txt,5
BILLS-113hr4315.txt,5
BILLS-111hr3203.txt,8
BILLS-113hr943.txt,5
BILLS-117s2439.txt,5
BILLS-111hr5114.txt,7
BILLS-108hr3406.txt,5
BILLS-116hr2804.txt,5
BILLS-109hr1110.txt,5
BILLS-116hr7954.txt,8
BILLS-116hr6492.txt,2
BILLS-108s1614.txt,8
BILLS-117hr544.txt,9
BILLS-118hr5437.txt,5
BILLS-108hres173.txt,9
BILLS-106hr4835.txt,4
BILLS-115hres1107.txt,4
BILLS-116s2363.txt,5
BILLS-107s1557.txt,6
BILLS-110s323.txt,4
BILLS-110hr1715.txt,5
BILLS-111hr2135.txt,3
BILLS-117s3069.txt,8
BILLS-109s1600.txt,2
BILLS-118hr6880.txt,6
BILLS-113sres309.txt,9
BILLS-118hr1123.txt,0
BILLS-112hr4000.txt,0
BILLS-109sres317.txt,0
BILLS-111s3226.txt,10
BILLS-109hr5404.txt,8
BILLS-111hr6347.txt,7
BILLS-115s500.txt,5
BILLS-116s4060.txt,8
BILLS-116s3069.txt,7
BILLS-110hr1067.txt,5
BILLS-115hres1113.txt,6
BILLS-115hr4919.txt,5
BILLS-107hconres152.txt,9
BILLS-112hr2317.txt,8
BILLS-108s3017.txt,8
BILLS-117hr6977.txt,3
BILLS-118s4451.txt,7
BILLS-117hres1052.txt,5
BILLS-118s2020.txt,7
BILLS-118hr1645.txt,8
BILLS-113hr228.txt,3
BILLS-112hr2840.txt,5
BILLS-110hr5956.txt,6
BILLS-110hconres146.txt,5
BILLS-108hr4802.txt,3
BILLS-114s2654.txt,5
BILLS-114hr4167.txt,3
BILLS-111s3971.txt,8
BILLS-113hr1906.txt,3
BILLS-115hr3247.txt,5
BILLS-106hr4410.txt,8
BILLS-115hr4528.txt,7
BILLS-116s36.txt,7
BILLS-116hr5366.txt,8
BILLS-107hr4739.txt,9
BILLS-115hr5636.txt,9
BILLS-114sres385.txt,3
BILLS-110hr2793.txt,5
BILLS-115s2654.txt,5
BILLS-109s2686.txt,2
BILLS-109hr2828.txt,8
BILLS-106hr4404.txt,4
BILLS-107hr5433.txt,6
BILLS-112hr1385.txt,5
BILLS-115hr2603.txt,2
BILLS-117hr5715.txt,6
BILLS-111hr4785.txt,8
BILLS-114s1407.txt,9
BILLS-111hr3954.txt,7
BILLS-112hr200.txt,7
BILLS-110s1828.txt,5
BILLS-116hr4044.txt,8
BILLS-115hr2165.txt,0
BILLS-108hr4194.txt,2
BILLS-112s1890.txt,7
BILLS-114s3204.txt,2
BILLS-112s1648.txt,4
BILLS-116hr785.txt,3
BILLS-113hr3687.txt,3
BILLS-111hres1150.txt,3
BILLS-115s3210.txt,9
BILLS-117hr3370.txt,5
BILLS-107hr3718.txt,2
BILLS-108hr3176.txt,8
BILLS-107s1769.txt,7
BILLS-118hr439.txt,5
BILLS-118hres91.txt,5
BILLS-110hr535.txt,5
BILLS-110hr5995.txt,3
BILLS-118s3672.txt,8
BILLS-112hr3545.txt,7
BILLS-112hr3223.txt,5
BILLS-117s3531.txt,8
BILLS-117s1326.txt,0
BILLS-115hr3284.txt,0
BILLS-109hr3539.txt,7
BILLS-109s2645.txt,6
BILLS-110hr1259.txt,10
BILLS-115hres888.txt,5
BILLS-117s3525.txt,3
BILLS-118hr6314.txt,8
BILLS-112hr5646.txt,5
BILLS-113hr2200.txt,5
BILLS-118s2578.txt,5
BILLS-110hr2036.txt,8
BILLS-113hr3678.txt,0
BILLS-115hr2830.txt,8
BILLS-114s2683.txt,0
BILLS-109s2123.txt,5
BILLS-117hr2091.txt,8
BILLS-108hr704.txt,7
BILLS-111hr2337.txt,7
BILLS-109hr3263.txt,9
BILLS-118s1059.txt,8
BILLS-108hr4625.txt,3
BILLS-106hr5097.txt,9
BILLS-111s3030.txt,5
BILLS-113s784.txt,5
BILLS-106s2248.txt,8
BILLS-111s3756.txt,5
BILLS-115hr932.txt,6
BILLS-116hr8865.txt,5
BILLS-117s2613.txt,9
BILLS-110hr4309.txt,3
BILLS-118s735.txt,5
BILLS-114hr1792.txt,4
BILLS-106s3142.txt,7
BILLS-108s1364.txt,5
BILLS-107s1999.txt,5
BILLS-110hr1503.txt,8
BILLS-110hr7172.txt,6
BILLS-114hr5292.txt,3
BILLS-116s2613.txt,5
BILLS-118hr8463.txt,5
BILLS-110s2448.txt,4
BILLS-116hr7363.txt,3
BILLS-118hr7817.txt,3
BILLS-114s1229.txt,5
BILLS-111hr4815.txt,5
BILLS-117hr2132.txt,8
BILLS-116s2954.txt,4
BILLS-116s3492.txt,3
BILLS-112s1714.txt,3
BILLS-107hr4895.txt,8
BILLS-117hr815.txt,10
BILLS-114s2046.txt,5
BILLS-110hr6495.txt,9
BILLS-115hr7155.txt,7
BILLS-117hr9701.txt,3
BILLS-118s872.txt,5
BILLS-115sres699.txt,3
BILLS-117hr6426.txt,4
BILLS-107hr1721.txt,5
BILLS-115hr4448.txt,3
BILLS-116sres324.txt,8
BILLS-107hr3888.txt,3
BILLS-110hr496.txt,6
BILLS-115hr1256.txt,3
BILLS-116hr7377.txt,5
BILLS-118s3909.txt,5
BILLS-115hr3469.txt,5
BILLS-114hr3740.txt,5
BILLS-116hr5548.txt,7
BILLS-115hr4306.txt,7
BILLS-113s155.txt,5
BILLS-106hr5120.txt,3
BILLS-116hr4656.txt,8
BILLS-118hr3495.txt,8
BILLS-111s3187.txt,3
BILLS-112s346.txt,5
BILLS-115hr6511.txt,4
BILLS-111hr4829.txt,5
BILLS-114s1215.txt,2
BILLS-111hr5289.txt,9
BILLS-111hr3820.txt,8
BILLS-111hr4197.txt,5
BILLS-117hr4219.txt,3
BILLS-106hr4558.txt,8
BILLS-110s1948.txt,5
BILLS-117hr1375.txt,8
BILLS-113hr412.txt,8
BILLS-110s2299.txt,6
BILLS-107s2499.txt,5
BILLS-108s2902.txt,8
BILLS-117hr1413.txt,5
BILLS-115s1573.txt,5
BILLS-109s485.txt,5
BILLS-107hr4103.txt,4
BILLS-113s141.txt,4
BILLS-112s352.txt,1
BILLS-112hr1226.txt,3
BILLS-109hr4444.txt,3
BILLS-116sres495.txt,5
BILLS-115hr2950.txt,6
BILLS-115hr1281.txt,8
BILLS-113hr2360.txt,8
BILLS-111hr455.txt,8
BILLS-116s3337.txt,3
BILLS-117hr2697.txt,5
BILLS-107sconres52.txt,1
BILLS-106s2300.txt,2
BILLS-117hr2683.txt,5
BILLS-107hr5584.txt,5
BILLS-117s3451.txt,5
BILLS-109s1238.txt,8
BILLS-118hr1269.txt,5
BILLS-115s2085.txt,5
BILLS-111hr5504.txt,3
BILLS-107hr1084.txt,2
BILLS-114hr3973.txt,5
BILLS-107s1609.txt,7
BILLS-118hr559.txt,4
BILLS-108hr670.txt,7
BILLS-118hr1241.txt,5
BILLS-109s1576.txt,4
BILLS-107s3036.txt,7
BILLS-118hr7630.txt,3
BILLS-108hr1629.txt,4
BILLS-110hr7012.txt,2
BILLS-107s1621.txt,7
BILLS-110hr1463.txt,8
BILLS-106s3022.txt,3
BILLS-116hr3844.txt,7
BILLS-110hr1305.txt,3
BILLS-113s828.txt,8
BILLS-108hr5329.txt,6
BILLS-107s1147.txt,5
BILLS-112hr6213.txt,3
BILLS-111s3622.txt,3
BILLS-109hr1266.txt,7
BILLS-110s3150.txt,4
BILLS-115sres672.txt,8
BILLS-118hr6248.txt,5
BILLS-118hr1527.txt,7
BILLS-115s2907.txt,8
BILLS-110hr5177.txt,8
BILLS-110hr2618.txt,9
BILLS-106s3036.txt,5
BILLS-110hr1311.txt,2
BILLS-112s1927.txt,5
BILLS-115s110.txt,8
BILLS-112hr6207.txt,8
BILLS-107s1153.txt,8
BILLS-108hr3994.txt,5
BILLS-112hr1568.txt,6
BILLS-118hr3324.txt,5
BILLS-113s182.txt,3
BILLS-114hr2489.txt,7
BILLS-109s446.txt,2
BILLS-117s4464.txt,8
BILLS-118s2430.txt,2
BILLS-107s3022.txt,5
BILLS-117hres1442.txt,9
BILLS-111hr5538.txt,5
BILLS-110hr3260.txt,5
BILLS-109hr1514.txt,8
BILLS-114s1995.txt,8
BILLS-113s1264.txt,9
BILLS-116s1939.txt,7
BILLS-115hr3131.txt,3
BILLS-117hr2456.txt,8
BILLS-112s1516.txt,8
BILLS-114hr2106.txt,5
BILLS-114hr4211.txt,0
BILLS-114s2522.txt,2
BILLS-117hr4999.txt,3
BILLS-118hr3873.txt,8
BILLS-112s3467.txt,3
BILLS-110hr3089.txt,3
BILLS-116hr8252.txt,3
BILLS-113s1502.txt,5
BILLS-117s4699.txt,3
BILLS-110s2919.txt,4
BILLS-115hr1054.txt,8
BILLS-110hr1852.txt,3
BILLS-109s3188.txt,5
BILLS-116hr5762.txt,7
BILLS-110hr6683.txt,5
BILLS-117hr2442.txt,9
BILLS-117s1087.txt,5
BILLS-112s1502.txt,8
BILLS-111hr2914.txt,5
BILLS-107s997.txt,8
BILLS-115hr7343.txt,2
BILLS-117hr9517.txt,5
BILLS-117hres430.txt,9
BILLS-117s62.txt,5
BILLS-107hr2002.txt,5
BILLS-111hr4395.txt,6
BILLS-112s2023.txt,5
BILLS-117hres418.txt,0
BILLS-118hr6937.txt,6
BILLS-111s3385.txt,2
BILLS-118sjres11.txt,2
BILLS-116hr5986.txt,8
BILLS-111s3391.txt,5
BILLS-109hr4875.txt,7
BILLS-109s687.txt,2
BILLS-114hr3556.txt,8
BILLS-113hr176.txt,4
BILLS-111hres201.txt,0
BILLS-110s2925.txt,8
BILLS-118s3289.txt,0
BILLS-117hr6618.txt,6
BILLS-115s1017.txt,5
BILLS-117s76.txt,0
BILLS-113s2745.txt,7
BILLS-107hr2016.txt,8
BILLS-109s3639.txt,7
BILLS-110s1579.txt,8
BILLS-114s2287.txt,7
BILLS-112s805.txt,4
BILLS-108hr3566.txt,8
BILLS-112hr3155.txt,2
BILLS-111hr5074.txt,5
BILLS-107s2670.txt,8
BILLS-109hr472.txt,6
BILLS-113hr823.txt,5
BILLS-118hres337.txt,6
BILLS-116hr8291.txt,8
BILLS-107hr1292.txt,3
BILLS-109s1748.txt,7
BILLS-115hr6934.txt,5
BILLS-116hr418.txt,5
BILLS-117s3121.txt,7
BILLS-110hr6132.txt,4
BILLS-109hr5558.txt,6
BILLS-110hr1885.txt,7
BILLS-118hr2562.txt,8
BILLS-114s883.txt,4
BILLS-110hr1891.txt,5
BILLS-115hr3858.txt,5
BILLS-115s1956.txt,6
BILLS-116s1050.txt,3
BILLS-117s4882.txt,3
BILLS-112hr4148.txt,7
BILLS-118s319.txt,0
BILLS-108s2241.txt,5
BILLS-118hr6062.txt,5
BILLS-114s1942.txt,4
BILLS-111hr3411.txt,3
BILLS-115hr5597.txt,8
BILLS-118hr4675.txt,5
BILLS-115hr4851.txt,5
BILLS-106hr4969.txt,5
BILLS-112hr4606.txt,3
BILLS-107s1345.txt,3
BILLS-109s136.txt,7
BILLS-116hr52.txt,0
BILLS-106s2880.txt,5
BILLS-110s1223.txt,4
BILLS-108s443.txt,7
BILLS-110s257.txt,8
BILLS-110hr7210.txt,4
BILLS-109hres309.txt,2
BILLS-109s888.txt,0
BILLS-114hr488.txt,2
BILLS-114hr1396.txt,5
BILLS-112sres615.txt,5
BILLS-117s2217.txt,5
BILLS-111hr119.txt,5
BILLS-109s1760.txt,5
BILLS-112hr4174.txt,5
BILLS-116hr6294.txt,5
BILLS-110hr1675.txt,5
BILLS-117hr4972.txt,9
BILLS-110hr7204.txt,3
BILLS-118hr3126.txt,5
BILLS-111s3434.txt,9
BILLS-108hr2650.txt,8
BILLS-106hr4955.txt,5
BILLS-109s3611.txt,7
BILLS-115s312.txt,5
BILLS-107s2880.txt,6
BILLS-118s4525.txt,5
BILLS-116hr4482.txt,6
BILLS-108hr4546.txt,8
BILLS-108s1013.txt,9
BILLS-111hconres203.txt,5
BILLS-118hr1056.txt,6
BILLS-113hr3533.txt,2
BILLS-117s4667.txt,6
BILLS-116hr431.txt,2
BILLS-111hr118.txt,7
BILLS-118s4242.txt,6
BILLS-110hr3063.txt,6
BILLS-112hr2504.txt,7
BILLS-110hr3705.txt,0
BILLS-118hr8072.txt,0
BILLS-118hr7341.txt,5
BILLS-118s2155.txt,8
BILLS-108hr2889.txt,8
BILLS-110s524.txt,5
BILLS-111s3435.txt,6
BILLS-118s1448.txt,5
BILLS-116s4667.txt,5
BILLS-110s530.txt,6
BILLS-106hr4940.txt,5
BILLS-109s1013.txt,0
BILLS-116hr343.txt,4
BILLS-107s2895.txt,3
BILLS-112s3499.txt,5
BILLS-118hr8700.txt,4
BILLS-116s1079.txt,8
BILLS-118hr3655.txt,8
BILLS-109s889.txt,8
BILLS-110hr7211.txt,6
BILLS-116hr5950.txt,5
BILLS-106s2881.txt,4
BILLS-118sres274.txt,5
BILLS-116hr5788.txt,2
BILLS-112hr3626.txt,2
BILLS-118s318.txt,8
BILLS-117s4883.txt,8
BILLS-118hr8728.txt,5
BILLS-111hr3376.txt,3
BILLS-112hr2538.txt,4
BILLS-118s3511.txt,5
BILLS-116s1051.txt,3
BILLS-117s941.txt,5
BILLS-110hr656.txt,8
BILLS-115hr3859.txt,8
BILLS-110s81.txt,8
BILLS-110hr7239.txt,7
BILLS-117s799.txt,7
BILLS-110hr6127.txt,8
BILLS-110hr1648.txt,5
BILLS-118hr2563.txt,2
BILLS-113s2963.txt,5
BILLS-118hr4674.txt,6
BILLS-111s3409.txt,5
BILLS-115hr5596.txt,8
BILLS-110hr130.txt,3
BILLS-111hr3410.txt,6
BILLS-117s5223.txt,6
BILLS-110hr3739.txt,5
BILLS-118s3277.txt,8
BILLS-108s2240.txt,3
BILLS-110hr2427.txt,5
BILLS-116s1723.txt,3
BILLS-109hr473.txt,3
BILLS-107s941.txt,7
BILLS-117s3646.txt,6
BILLS-118s1474.txt,4
BILLS-109s3638.txt,8
BILLS-110hr124.txt,4
BILLS-112hr836.txt,5
BILLS-114s896.txt,9
BILLS-112hr3632.txt,5
BILLS-117s3120.txt,8
BILLS-115s3167.txt,0
BILLS-111hjres100.txt,0
BILLS-115s2279.txt,6
BILLS-117hr1610.txt,5
BILLS-116hr2030.txt,8
BILLS-113s2022.txt,2
BILLS-114hr5126.txt,2
BILLS-114hr5640.txt,8
BILLS-115hr5569.txt,8
BILLS-107hr4466.txt,5
BILLS-112hr163.txt,8
BILLS-117s3875.txt,8
BILLS-116s1904.txt,5
BILLS-118s2182.txt,5
BILLS-113hr3282.txt,7
BILLS-111hr4394.txt,8
BILLS-108hr2686.txt,3
BILLS-114hr5132.txt,4
BILLS-114s869.txt,8
BILLS-114hr1354.txt,5
BILLS-116hres717.txt,3
BILLS-112hr3815.txt,4
BILLS-109s2297.txt,5
BILLS-116s3685.txt,3
BILLS-109s3189.txt,5
BILLS-112s1265.txt,8
BILLS-110s42.txt,5
BILLS-109hr1930.txt,5
BILLS-117hres357.txt,7
BILLS-115hr1733.txt,8
BILLS-116hr3474.txt,4
BILLS-115hr5555.txt,0
BILLS-117hr4032.txt,5
BILLS-106hr4773.txt,8
BILLS-110hr6682.txt,2
BILLS-117s1092.txt,5
BILLS-114hr5668.txt,2
BILLS-114hr4576.txt,9
BILLS-117s3685.txt,5
BILLS-112s3300.txt,5
BILLS-111hr2901.txt,3
BILLS-111hr695.txt,8
BILLS-111hr5908.txt,5
BILLS-117hr1638.txt,4
BILLS-117s996.txt,4
BILLS-110hr1847.txt,8
BILLS-114hr2661.txt,7
BILLS-114s855.txt,3
BILLS-112s179.txt,9
BILLS-111s3637.txt,5
BILLS-112s1926.txt,6
BILLS-108s1577.txt,7
BILLS-109s1205.txt,3
BILLS-113hr5426.txt,5
BILLS-118hr8270.txt,8
BILLS-112hr2060.txt,5
BILLS-109hr1515.txt,7
BILLS-110hr3261.txt,6
BILLS-116hr7389.txt,8
BILLS-114hr1181.txt,3
BILLS-110hr5610.txt,9
BILLS-107s3023.txt,9
BILLS-111hr5539.txt,5
BILLS-117s4465.txt,5
BILLS-117hr141.txt,5
BILLS-109hr3302.txt,5
BILLS-110s1034.txt,5
BILLS-110hr1462.txt,7
BILLS-109hr3316.txt,5
BILLS-110hres1498.txt,4
BILLS-106hr3593.txt,5
BILLS-118hr3457.txt,8
BILLS-111s247.txt,8
BILLS-113s197.txt,3
BILLS-109s1577.txt,6
BILLS-118s654.txt,8
BILLS-118hr6249.txt,5
BILLS-117s5009.txt,7
BILLS-108hr3981.txt,3
BILLS-115hr847.txt,5
BILLS-118sres710.txt,5
BILLS-108s1563.txt,5
BILLS-117s2996.txt,3
BILLS-116hr169.txt,0
BILLS-110s3179.txt,2
BILLS-118hres646.txt,3
BILLS-117hr2682.txt,8
BILLS-111hr1005.txt,8
BILLS-109hr5997.txt,2
BILLS-110hr6325.txt,8
BILLS-116s2982.txt,5
BILLS-108hr671.txt,8
BILLS-113hr2413.txt,4
BILLS-109hr1529.txt,5
BILLS-107hr1085.txt,5
BILLS-114sres555.txt,5
BILLS-111hr5505.txt,7
BILLS-112hr3424.txt,8
BILLS-113hr2407.txt,6
BILLS-114sres541.txt,10
BILLS-110s2515.txt,4
BILLS-113hr3719.txt,3
BILLS-117hr169.txt,0
BILLS-117hr5847.txt,3
BILLS-109s2724.txt,8
BILLS-117hr2696.txt,5
BILLS-118hjres117.txt,3
BILLS-116s3336.txt,7
BILLS-118s1676.txt,6
BILLS-115hr7197.txt,8
BILLS-107s2473.txt,6
BILLS-111hr454.txt,7
BILLS-117s5035.txt,5
BILLS-116s1521.txt,5
BILLS-110hr2802.txt,5
BILLS-118s683.txt,9
BILLS-110s2298.txt,5
BILLS-117hr1374.txt,7
BILLS-109s2917.txt,5
BILLS-115hr648.txt,2
BILLS-107hr2573.txt,9
BILLS-111s290.txt,0
BILLS-113hr361.txt,9
BILLS-107s202.txt,5
BILLS-114s1214.txt,5
BILLS-111s3186.txt,3
BILLS-118hr3494.txt,10
BILLS-116hr4657.txt,8
BILLS-111s284.txt,8
BILLS-117s216.txt,9
BILLS-116hr2540.txt,4
BILLS-107s72.txt,7
BILLS-117sres765.txt,7
BILLS-118s2380.txt,6
BILLS-112hr5900.txt,5
BILLS-112hjres42.txt,0
BILLS-107hr5546.txt,6
BILLS-116hr3676.txt,3
BILLS-112s1701.txt,8
BILLS-112s2208.txt,4
BILLS-110hr5189.txt,5
BILLS-116hr1061.txt,6
BILLS-113hr349.txt,8
BILLS-115hr6538.txt,8
BILLS-116hr8045.txt,4
BILLS-112s1067.txt,3
BILLS-108s873.txt,8
BILLS-117hr4556.txt,8
BILLS-116s2799.txt,7
BILLS-107hr297.txt,8
BILLS-109hr4492.txt,0
BILLS-117s558.txt,9
BILLS-115hr5025.txt,3
BILLS-117hr2133.txt,7
BILLS-114s1228.txt,3
BILLS-114hr674.txt,5
BILLS-116hr8737.txt,2
BILLS-115hr7154.txt,7
BILLS-109s63.txt,8
BILLS-110s1961.txt,8
BILLS-115hr5743.txt,4
BILLS-112s1715.txt,5
BILLS-109s3566.txt,3
BILLS-114hr4833.txt,7
BILLS-109hr1307.txt,8
BILLS-117s5169.txt,4
BILLS-114hr1793.txt,5
BILLS-106hconres388.txt,4
BILLS-118s2223.txt,5
BILLS-112sres576.txt,7
BILLS-113s1846.txt,3
BILLS-118s4134.txt,9
BILLS-109hr1461.txt,3
BILLS-111s3025.txt,9
BILLS-111hr6144.txt,2
BILLS-110hr1502.txt,4
BILLS-116s2606.txt,2
BILLS-118hr404.txt,5
BILLS-110hr6279.txt,3
BILLS-118s1058.txt,0
BILLS-114s504.txt,9
BILLS-111hr2336.txt,9
BILLS-113hr5220.txt,5
BILLS-118hr7745.txt,5
BILLS-111hres1186.txt,3
BILLS-118s3129.txt,8
BILLS-115s2866.txt,5
BILLS-118hr7023.txt,3
BILLS-118s4646.txt,5
BILLS-110hr4308.txt,0
BILLS-111hr4021.txt,7
BILLS-116hr8864.txt,4
BILLS-112sres204.txt,5
BILLS-118s720.txt,7
BILLS-110hr1270.txt,6
BILLS-116hr5398.txt,9
BILLS-109s241.txt,5
BILLS-114hr3190.txt,8
BILLS-110s1632.txt,3
BILLS-112hr6366.txt,2
BILLS-114hr4827.txt,7
BILLS-113hr2201.txt,8
BILLS-107hr1697.txt,5
BILLS-111hr5317.txt,4
BILLS-111s1168.txt,7
BILLS-110hr6537.txt,10
BILLS-110hr520.txt,5
BILLS-112hr6428.txt,3
BILLS-110hr6251.txt,7
BILLS-111hr6178.txt,5
BILLS-115hr4298.txt,5
BILLS-118s2579.txt,2
BILLS-117hr1599.txt,5
BILLS-110s2475.txt,4
BILLS-110hr5758.txt,3
BILLS-108hr1774.txt,8
BILLS-110hconres184.txt,2
BILLS-110hr5994.txt,5
BILLS-110hr534.txt,5
BILLS-107hr5383.txt,4
BILLS-112hr1353.txt,6
BILLS-107s1768.txt,7
BILLS-109hr3538.txt,8
BILLS-110hr6523.txt,7
BILLS-109hr4257.txt,2
BILLS-106s2275.txt,7
BILLS-118s3115.txt,7
BILLS-118hres726.txt,7
BILLS-110s3019.txt,2
BILLS-110s2307.txt,8
BILLS-117s3530.txt,3
BILLS-118s32.txt,4
BILLS-106s3180.txt,0
BILLS-117s376.txt,5
BILLS-115s1406.txt,8
BILLS-106hr5041.txt,8
BILLS-114hr1022.txt,0
BILLS-111hr4784.txt,5
BILLS-117s404.txt,6
BILLS-116hr2352.txt,8
BILLS-108hr3188.txt,2
BILLS-107hr4062.txt,5
BILLS-110sres474.txt,5
BILLS-116hr4723.txt,8
BILLS-112s233.txt,7
BILLS-107hr2375.txt,8
BILLS-115hr728.txt,7
BILLS-113s746.txt,5
BILLS-117hr5072.txt,5
BILLS-117s362.txt,4
BILLS-113hr573.txt,5
BILLS-117sres639.txt,6
BILLS-116hr3702.txt,6
BILLS-109s3599.txt,9
BILLS-110s1801.txt,5
BILLS-110hr285.txt,5
BILLS-116s3295.txt,5
BILLS-112hr229.txt,6
BILLS-116s23.txt,6
BILLS-113hr1913.txt,0
BILLS-109hr4280.txt,5
BILLS-117s5196.txt,5
BILLS-110hr5943.txt,5
BILLS-114s1348.txt,3
BILLS-115s2133.txt,6
BILLS-117s3281.txt,7
BILLS-116sres537.txt,8
BILLS-117hr2053.txt,6
BILLS-112s1113.txt,5
BILLS-109hr29.txt,0
BILLS-106hr4377.txt,7
BILLS-106hr5069.txt,4
BILLS-111s1801.txt,8
BILLS-110hr5957.txt,7
BILLS-115s2641.txt,6
BILLS-116hr1101.txt,5
BILLS-116hr3716.txt,5
BILLS-107hr4738.txt,3
BILLS-116s37.txt,3
BILLS-106hr4411.txt,8
BILLS-116s3281.txt,9
BILLS-111s3970.txt,8
BILLS-114s712.txt,5
BILLS-114hr2926.txt,9
BILLS-118hr5344.txt,6
BILLS-116s4061.txt,5
BILLS-107s1542.txt,5
BILLS-117s809.txt,9
BILLS-116s2410.txt,5
BILLS-116s1119.txt,3
BILLS-109hr249.txt,3
BILLS-110s2893.txt,3
BILLS-109s1615.txt,4
BILLS-111hr2120.txt,0
BILLS-111s1356.txt,7
BILLS-110s3233.txt,8
BILLS-117s2404.txt,7
BILLS-109hr1105.txt,7
BILLS-108hr2725.txt,7
BILLS-111s3541.txt,8
BILLS-109hr5363.txt,5
BILLS-115hr4918.txt,0
BILLS-110s1424.txt,8
BILLS-115s267.txt,5
BILLS-110hr6709.txt,6
BILLS-109hr3712.txt,4
BILLS-118s1528.txt,5
BILLS-116s3068.txt,7
BILLS-109hr2418.txt,2
BILLS-118hr3047.txt,5
BILLS-118hr4728.txt,7
BILLS-110s444.txt,8
BILLS-118hr5436.txt,5
BILLS-117hr9489.txt,5
BILLS-109sres464.txt,5
BILLS-109hr1111.txt,5
BILLS-111hr5883.txt,9
BILLS-110s2887.txt,5
BILLS-118hr8674.txt,5
BILLS-110hr5572.txt,5
BILLS-118hr6659.txt,8
BILLS-118s244.txt,3
BILLS-110hr1714.txt,7
BILLS-109hr5411.txt,6
BILLS-116hr5824.txt,0
BILLS-114hr5085.txt,2
BILLS-113s2181.txt,8
BILLS-116s2404.txt,6
BILLS-106hr5294.txt,5
BILLS-111hr3202.txt,9
BILLS-116hr579.txt,3
BILLS-108s2452.txt,5
BILLS-117hr2292.txt,5
BILLS-106hr3815.txt,7
BILLS-108hr4368.txt,5
BILLS-108s278.txt,6
BILLS-114hr5913.txt,8
BILLS-113s2817.txt,5
BILLS-118hr2371.txt,6
BILLS-108hr3407.txt,5
BILLS-108s2334.txt,8
BILLS-114s1837.txt,7
BILLS-109hr1139.txt,3
BILLS-111hr5101.txt,9
BILLS-111hr3570.txt,0
BILLS-117hr7498.txt,3
BILLS-117s5343.txt,3
BILLS-109s4023.txt,0
BILLS-115hr4930.txt,5
BILLS-107hr3296.txt,3
BILLS-112s970.txt,8
BILLS-109s719.txt,3
BILLS-107hr5181.txt,4
BILLS-106s2711.txt,8
BILLS-118s3471.txt,4
BILLS-114sres637.txt,5
BILLS-113hr4300.txt,6
BILLS-111s1418.txt,7
BILLS-118s2784.txt,5
BILLS-113hr3484.txt,4
BILLS-115hr6672.txt,5
BILLS-110s1381.txt,4
BILLS-111s858.txt,9
BILLS-116s367.txt,8
BILLS-113s2630.txt,6
BILLS-110s493.txt,9
BILLS-117s3901.txt,5
BILLS-113s1339.txt,7
BILLS-111hr2685.txt,8
BILLS-116s1864.txt,8
BILLS-117hres1090.txt,6
BILLS-115s3761.txt,7
BILLS-118hr1693.txt,4
BILLS-107s2922.txt,3
BILLS-116hr7996.txt,5
BILLS-108hr4383.txt,7
BILLS-116hr2636.txt,8
BILLS-111hr1398.txt,5
BILLS-111sres578.txt,5
BILLS-106s2088.txt,4
BILLS-107s1595.txt,5
BILLS-113s222.txt,7
BILLS-116hr4521.txt,5
BILLS-117hr8032.txt,2
BILLS-111hr4586.txt,0
BILLS-112hr995.txt,8
BILLS-115hr5347.txt,5
BILLS-107hr5156.txt,4
BILLS-115s1638.txt,1
BILLS-116sres735.txt,8
BILLS-115s2331.txt,2
BILLS-116hr8333.txt,5
BILLS-117hr7329.txt,9
BILLS-109s1832.txt,2
BILLS-115hr1647.txt,8
BILLS-107hr1456.txt,7
BILLS-114sres186.txt,6
BILLS-111hres28.txt,5
BILLS-113hr981.txt,4
BILLS-113s1305.txt,4
BILLS-114hr6201.txt,8
BILLS-116hr6478.txt,5
BILLS-116hr1317.txt,9
BILLS-114hr3379.txt,5
BILLS-115hr3050.txt,6
BILLS-114s2325.txt,7
BILLS-115hr502.txt,8
BILLS-107hr5630.txt,3
BILLS-112s1477.txt,3
BILLS-118hres1191.txt,5
BILLS-116s4934.txt,8
BILLS-117s3929.txt,6
BILLS-113hr995.txt,7
BILLS-116s1694.txt,4
BILLS-112s3512.txt,3
BILLS-117hr1994.txt,0
BILLS-115hr1135.txt,5
BILLS-117s2389.txt,9
BILLS-110hr1933.txt,7
BILLS-114s921.txt,8
BILLS-117hr4634.txt,5
BILLS-112hr1192.txt,3
BILLS-107hr5142.txt,7
BILLS-111sres222.txt,4
BILLS-114hr1224.txt,5
BILLS-111hr4582.txt,5
BILLS-113hr2952.txt,0
BILLS-118s283.txt,3
BILLS-118hr819.txt,4
BILLS-111hr6395.txt,3
BILLS-107s1591.txt,4
BILLS-109hr3919.txt,5
BILLS-114s2309.txt,5
BILLS-116hr6454.txt,5
BILLS-117hres1080.txt,5
BILLS-113hr761.txt,3
BILLS-113hr4489.txt,0
BILLS-112s2146.txt,8
BILLS-107hres117.txt,8
BILLS-111s684.txt,8
BILLS-110s497.txt,5
BILLS-108hr4393.txt,7
BILLS-116hr2626.txt,8
BILLS-118s1289.txt,2
BILLS-117hr3177.txt,5
BILLS-113hr1297.txt,5
BILLS-118hr6852.txt,5
BILLS-115hr6676.txt,7
BILLS-118s2958.txt,8
BILLS-113hr2946.txt,5
BILLS-116hr6326.txt,0
BILLS-106hr4171.txt,5
BILLS-116hr5607.txt,9
BILLS-110hr929.txt,7
BILLS-118hr3902.txt,7
BILLS-109s906.txt,5
BILLS-116s3939.txt,8
BILLS-107hr5146.txt,9
BILLS-112s3516.txt,5
BILLS-117s3093.txt,5
BILLS-117hr6027.txt,2
BILLS-115hr7226.txt,7
BILLS-114sres196.txt,3
BILLS-111hres1419.txt,5
BILLS-113sres495.txt,5
BILLS-114hr6211.txt,4
BILLS-114hr5718.txt,8
BILLS-116s2399.txt,5
BILLS-115hr3040.txt,8
BILLS-111s874.txt,9
BILLS-114s2335.txt,8
BILLS-110hr1089.txt,3
BILLS-113s2608.txt,3
BILLS-112s1473.txt,8
BILLS-116s3093.txt,5
BILLS-110hr3852.txt,2
BILLS-114sres182.txt,5
BILLS-111hr2865.txt,6
BILLS-113hr985.txt,8
BILLS-107hr1334.txt,5
BILLS-112s3502.txt,5
BILLS-117hr9300.txt,6
BILLS-116hr3262.txt,3
BILLS-109s912.txt,8
BILLS-114hr2705.txt,3
BILLS-112hr1182.txt,3
BILLS-109hr2391.txt,8
BILLS-115hr6879.txt,3
BILLS-116s1109.txt,9
BILLS-118s4440.txt,7
BILLS-108hr4344.txt,8
BILLS-107hr668.txt,8
BILLS-109hr3702.txt,4
BILLS-112s948.txt,7
BILLS-113hr1526.txt,3
BILLS-115hr4908.txt,8
BILLS-118sres476.txt,3
BILLS-113hr66.txt,5
BILLS-109s3760.txt,3
BILLS-118hr4738.txt,3
BILLS-117s2400.txt,3
BILLS-118s2743.txt,8
BILLS-112hr2474.txt,4
BILLS-118hr7557.txt,0
BILLS-107s1546.txt,4
BILLS-118sres310.txt,4
BILLS-109hr3070.txt,3
BILLS-111hr6342.txt,8
BILLS-118s3475.txt,2
BILLS-108hr517.txt,7
BILLS-109hr5429.txt,0
BILLS-115s1833.txt,6
BILLS-117s825.txt,7
BILLS-109hr1129.txt,7
BILLS-117hr8977.txt,5
BILLS-111hr5105.txt,5
BILLS-118hr6107.txt,5
BILLS-117s3736.txt,3
BILLS-107hr1491.txt,5
BILLS-111hr732.txt,5
BILLS-114s1833.txt,6
BILLS-113hr2007.txt,4
BILLS-109hr517.txt,5
BILLS-110hr5238.txt,2
BILLS-108hr5072.txt,4
BILLS-108hr265.txt,7
BILLS-112hr1141.txt,8
BILLS-115hr3929.txt,3
BILLS-116s3736.txt,5
BILLS-110hr6057.txt,9
BILLS-111hr5677.txt,8
BILLS-112hr4039.txt,3
BILLS-111s1408.txt,7
BILLS-108s2456.txt,4
BILLS-117hr1947.txt,5
BILLS-118s4681.txt,0
BILLS-115hr7018.txt,8
BILLS-112hr5870.txt,5
BILLS-118hr1495.txt,8
BILLS-107s414.txt,5
BILLS-116hr4041.txt,9
BILLS-107hr5378.txt,3
BILLS-115hr5169.txt,5
BILLS-106hr5051.txt,2
BILLS-111hr6197.txt,5
BILLS-115hr4277.txt,5
BILLS-117hr6219.txt,0
BILLS-118hr7782.txt,8
BILLS-118s2582.txt,6
BILLS-112s223.txt,6
BILLS-118hr5181.txt,5
BILLS-111s12.txt,5
BILLS-107hr4072.txt,6
BILLS-116s161.txt,5
BILLS-107hr2365.txt,3
BILLS-118s1935.txt,5
BILLS-117hr7675.txt,7
BILLS-110hr2972.txt,3
BILLS-118hr1481.txt,2
BILLS-111s1193.txt,3
BILLS-112hr5864.txt,9
BILLS-116s3285.txt,7
BILLS-116s33.txt,6
BILLS-115hr3242.txt,5
BILLS-112s1665.txt,4
BILLS-115hr5633.txt,0
BILLS-114s3229.txt,5
BILLS-114hr6013.txt,6
BILLS-107s428.txt,3
BILLS-117s4298.txt,3
BILLS-115hr7024.txt,8
BILLS-116hr970.txt,5
BILLS-108s917.txt,3
BILLS-114s2889.txt,5
BILLS-106hr5079.txt,3
BILLS-116hr3060.txt,4
BILLS-109hr39.txt,2
BILLS-114hr710.txt,2
BILLS-115s2889.txt,5
BILLS-109hconres482.txt,4
BILLS-117hr2731.txt,5
BILLS-114hr2261.txt,5
BILLS-115hr5627.txt,8
BILLS-110s1805.txt,5
BILLS-113s781.txt,9
BILLS-116s2164.txt,7
BILLS-108hr2537.txt,5
BILLS-108s1413.txt,7
BILLS-108hr3629.txt,8
BILLS-118sres660.txt,0
BILLS-111s1144.txt,8
BILLS-117s2616.txt,8
BILLS-118hr8472.txt,5
BILLS-116s4273.txt,6
BILLS-114s500.txt,2
BILLS-116s2602.txt,3
BILLS-111s337.txt,5
BILLS-118hr4248.txt,8
BILLS-115hr2809.txt,3
BILLS-110hr518.txt,8
BILLS-108hr2245.txt,4
BILLS-106hr5086.txt,8
BILLS-111s3021.txt,8
BILLS-118hr8466.txt,5
BILLS-117s4515.txt,5
BILLS-116s1479.txt,3
BILLS-112hr2110.txt,9
BILLS-118hr8300.txt,5
BILLS-111hr4031.txt,7
BILLS-117hr757.txt,0
BILLS-109s251.txt,6
BILLS-114s272.txt,0
BILLS-108s1407.txt,7
BILLS-106s3147.txt,5
BILLS-110s1622.txt,5
BILLS-117s5145.txt,5
BILLS-118s3111.txt,7
BILLS-107s2503.txt,3
BILLS-115sconres42.txt,10
BILLS-108hr5264.txt,4
BILLS-112hr1431.txt,5
BILLS-115hr3281.txt,2
BILLS-113s965.txt,2
BILLS-114sres431.txt,6
BILLS-116s3534.txt,5
BILLS-107hr324.txt,8
BILLS-106s2503.txt,8
BILLS-111s4014.txt,5
BILLS-111s479.txt,8
BILLS-118hr5618.txt,9
BILLS-118hr6311.txt,8
BILLS-116hr8848.txt,3
BILLS-109s1349.txt,5
BILLS-111hr5313.txt,6
BILLS-113hr2205.txt,8
BILLS-115hr1482.txt,6
BILLS-117s2979.txt,4
BILLS-107hr91.txt,5
BILLS-110s3196.txt,9
BILLS-117hr8426.txt,7
BILLS-108hr3946.txt,7
BILLS-115hres912.txt,8
BILLS-115hr4465.txt,8
BILLS-118hr3490.txt,9
BILLS-116hr838.txt,4
BILLS-117hr8340.txt,2
BILLS-116hr8069.txt,3
BILLS-113s1739.txt,7
BILLS-118s3924.txt,5
BILLS-118hr1287.txt,3
BILLS-111s1795.txt,6
BILLS-114hr894.txt,8
BILLS-112hr2919.txt,5
BILLS-114s1204.txt,7
BILLS-117hr5670.txt,7
BILLS-116hr5559.txt,5
BILLS-115hr3478.txt,5
BILLS-108hr4783.txt,7
BILLS-116s2979.txt,0
BILLS-118hr2942.txt,7
BILLS-118hr3484.txt,7
BILLS-115hr2000.txt,8
BILLS-107s1195.txt,1
BILLS-118hr5793.txt,6
BILLS-114hr8.txt,4
BILLS-118s2390.txt,3
BILLS-116hr6736.txt,1
BILLS-113hr417.txt,5
BILLS-117hr2889.txt,4
BILLS-114hr2301.txt,5
BILLS-112s419.txt,6
BILLS-117hr810.txt,6
BILLS-113hr1877.txt,8
BILLS-108s1598.txt,5
BILLS-112hr3391.txt,8
BILLS-111hr3819.txt,5
BILLS-107hr1730.txt,8
BILLS-118s877.txt,3
BILLS-116hr8055.txt,5
BILLS-115s3349.txt,5
BILLS-118s3918.txt,8
BILLS-118hr7812.txt,0
BILLS-117hr9062.txt,3
BILLS-115hr2996.txt,5
BILLS-117hr5658.txt,5
BILLS-116s2951.txt,7
BILLS-109s2085.txt,3
BILLS-116s983.txt,9
BILLS-114hr2467.txt,2
BILLS-116s2789.txt,5
BILLS-115hr3444.txt,8
BILLS-108s877.txt,5
BILLS-116s1294.txt,4
BILLS-111s1965.txt,8
BILLS-115hr1535.txt,9
BILLS-113s1077.txt,7
BILLS-115hr5753.txt,6
BILLS-110hr6484.txt,8
BILLS-109s73.txt,7
BILLS-115s101.txt,3
BILLS-114hres361.txt,7
BILLS-106s3027.txt,5
BILLS-108hr2443.txt,3
BILLS-116hr3699.txt,3
BILLS-115s2916.txt,3
BILLS-117hres804.txt,4
BILLS-107hr52.txt,8
BILLS-118s2421.txt,5
BILLS-112hr3408.txt,0
BILLS-114sres579.txt,4
BILLS-110hr7017.txt,7
BILLS-111hr1997.txt,7
BILLS-107s1624.txt,5
BILLS-116hr4690.txt,6
BILLS-108hr885.txt,7
BILLS-110hr6309.txt,8
BILLS-108hr2331.txt,4
BILLS-118hr2759.txt,5
BILLS-110s1030.txt,6
BILLS-109s1567.txt,2
BILLS-118s2435.txt,3
BILLS-110hr3265.txt,6
BILLS-118s2353.txt,6
BILLS-118hr5750.txt,7
BILLS-116s4475.txt,5
BILLS-108hr4026.txt,4
BILLS-115hr857.txt,8
BILLS-111s531.txt,8
BILLS-118hr3321.txt,3
BILLS-111s3633.txt,8
BILLS-113hr1644.txt,6
BILLS-117s5031.txt,6
BILLS-118hr6271.txt,7
BILLS-113s811.txt,5
BILLS-118hr5778.txt,0
BILLS-109hr3448.txt,5
BILLS-118hr3309.txt,3
BILLS-112hr1545.txt,7
BILLS-117s1531.txt,3
BILLS-112hres550.txt,7
BILLS-115s883.txt,1
BILLS-110hr2153.txt,5
BILLS-117s2038.txt,5
BILLS-109hr6256.txt,6
BILLS-118hr6503.txt,3
BILLS-118hres124.txt,7
BILLS-113hr2417.txt,3
BILLS-112hr1237.txt,5
BILLS-110hr450.txt,6
BILLS-115hr2941.txt,3
BILLS-115s129.txt,8
BILLS-116hr3869.txt,2
BILLS-108hr113.txt,7
BILLS-111hr3616.txt,2
BILLS-115hr6299.txt,4
BILLS-108s2046.txt,7
BILLS-111s1018.txt,7
BILLS-117hr1600.txt,8
BILLS-118s4291.txt,3
BILLS-110s291.txt,3
BILLS-117hr3017.txt,0
BILLS-112s1249.txt,3
BILLS-117hr2309.txt,7
BILLS-108s485.txt,4
BILLS-115hr4667.txt,5
BILLS-107hr907.txt,3
BILLS-114s3163.txt,8
BILLS-109hr488.txt,2
BILLS-110s3380.txt,9
BILLS-116s1914.txt,0
BILLS-118s2192.txt,5
BILLS-116hr6534.txt,5
BILLS-118s485.txt,7
BILLS-115hr4673.txt,5
BILLS-115s1012.txt,7
BILLS-113hr1485.txt,5
BILLS-109hr4870.txt,5
BILLS-114s1006.txt,6
BILLS-110s52.txt,5
BILLS-116hr5773.txt,3
BILLS-116s3695.txt,5
BILLS-116hr1515.txt,2
BILLS-109hr6097.txt,5
BILLS-115hr1045.txt,3
BILLS-113s1261.txt,8
BILLS-116hr8531.txt,8
BILLS-108sres183.txt,5
BILLS-113hr5813.txt,4
BILLS-113s2768.txt,5
BILLS-111s2908.txt,8
BILLS-115hr472.txt,5
BILLS-115hr6058.txt,4
BILLS-115s3639.txt,3
BILLS-116hr1267.txt,2
BILLS-108s2287.txt,8
BILLS-107hr1240.txt,5
BILLS-107hr2749.txt,7
BILLS-115hr3646.txt,8
BILLS-114s2533.txt,6
BILLS-118hr945.txt,5
BILLS-114hr3584.txt,2
BILLS-116hr57.txt,1
BILLS-108s1003.txt,3
BILLS-115hr3875.txt,5
BILLS-118s4252.txt,3
BILLS-110hr3073.txt,0
BILLS-117s3118.txt,7
BILLS-118hr6729.txt,5
BILLS-116hr421.txt,5
BILLS-116hr347.txt,4
BILLS-109s1017.txt,7
BILLS-111hr4353.txt,2
BILLS-109hr5207.txt,6
BILLS-118hr3137.txt,5
BILLS-108hr2641.txt,5
BILLS-113s2797.txt,9
BILLS-118sres516.txt,10
BILLS-114s110.txt,2
BILLS-116hr2785.txt,5
BILLS-107s1354.txt,5
BILLS-115hr4868.txt,5
BILLS-116s2206.txt,5
BILLS-111s3431.txt,6
BILLS-110hr1116.txt,5
BILLS-117hr421.txt,5
BILLS-106s3231.txt,4
BILLS-112s828.txt,8
BILLS-114hres177.txt,7
BILLS-118hr5552.txt,7
BILLS-110hr6679.txt,5
BILLS-112sres162.txt,5
BILLS-118hr8076.txt,9
BILLS-109hr1713.txt,7
BILLS-116s1069.txt,8
BILLS-116hr43.txt,0
BILLS-112hr1009.txt,5
BILLS-109s3172.txt,2
BILLS-109hr5575.txt,5
BILLS-109s899.txt,4
BILLS-113hres90.txt,4
BILLS-107hr3480.txt,8
BILLS-111hr1571.txt,6
BILLS-115s1947.txt,7
BILLS-114hr5877.txt,5
BILLS-114s1953.txt,7
BILLS-110hr2423.txt,7
BILLS-108hr5106.txt,5
BILLS-116s3124.txt,0
BILLS-108hr3577.txt,6
BILLS-115hr3685.txt,4
BILLS-107hr2952.txt,0
BILLS-108hr3211.txt,7
BILLS-110hr652.txt,5
BILLS-114s886.txt,8
BILLS-117hr1833.txt,5
BILLS-113hr4264.txt,5
BILLS-110s2707.txt,7
BILLS-108hr4219.txt,4
BILLS-108s309.txt,8
BILLS-108hr2668.txt,8
BILLS-106s2112.txt,0
BILLS-115hr4855.txt,6
BILLS-117s2549.txt,5
BILLS-111hr3415.txt,4
BILLS-108hr1361.txt,7
BILLS-112hr3145.txt,8
BILLS-115hr6924.txt,3
BILLS-114hconres180.txt,3
BILLS-116s1054.txt,4
BILLS-110hr4735.txt,5
BILLS-111hr121.txt,4
BILLS-108hr3210.txt,7
BILLS-109hr4656.txt,5
BILLS-117s1732.txt,8
BILLS-110hr647.txt,5
BILLS-112hr1020.txt,7
BILLS-110hr6136.txt,3
BILLS-117s3125.txt,8
BILLS-111hr5716.txt,3
BILLS-111hr2079.txt,5
BILLS-109hr310.txt,0
BILLS-113hr2166.txt,5
BILLS-108s2251.txt,5
BILLS-118s2178.txt,5
BILLS-117hr8802.txt,9
BILLS-112hr1746.txt,0
BILLS-110hr121.txt,10
BILLS-109hr2555.txt,5
BILLS-106hr4979.txt,4
BILLS-109hr3893.txt,0
BILLS-113hr5621.txt,7
BILLS-118s447.txt,7
BILLS-107s2884.txt,8
BILLS-108s2279.txt,3
BILLS-110hr6678.txt,8
BILLS-106hr4789.txt,7
BILLS-109s3173.txt,3
BILLS-113s384.txt,2
BILLS-112hr1008.txt,7
BILLS-117s978.txt,5
BILLS-116hr4487.txt,2
BILLS-114hr2857.txt,5
BILLS-116hr42.txt,0
BILLS-116hr434.txt,7
BILLS-118hr1053.txt,3
BILLS-113hr2628.txt,5
BILLS-109hr1712.txt,8
BILLS-118hr7422.txt,7
BILLS-118hr1047.txt,7
BILLS-110hr3072.txt,7
BILLS-109hr1706.txt,7
BILLS-118hr8705.txt,7
BILLS-112s183.txt,4
BILLS-109hr5560.txt,4
BILLS-110s253.txt,1
BILLS-118hr3650.txt,8
BILLS-114hr2843.txt,2
BILLS-110s1227.txt,7
BILLS-114hr3585.txt,5
BILLS-116hr2784.txt,5
BILLS-106s3224.txt,8
BILLS-116s2213.txt,5
BILLS-109s3601.txt,6
BILLS-107s978.txt,6
BILLS-118hr1721.txt,8
BILLS-112sres177.txt,6
BILLS-116hr346.txt,4
BILLS-116s1929.txt,0
BILLS-113s1274.txt,3
BILLS-115hr473.txt,3
BILLS-108s1957.txt,7
BILLS-116hr3471.txt,4
BILLS-110hr6687.txt,4
BILLS-116hr5000.txt,4
BILLS-117hr5329.txt,3
BILLS-114s2254.txt,7
BILLS-114s2532.txt,7
BILLS-112hres784.txt,5
BILLS-118s2811.txt,3
BILLS-110s2909.txt,5
BILLS-116hr8256.txt,5
BILLS-114hr4215.txt,8
BILLS-115hr301.txt,7
BILLS-116s4845.txt,8
BILLS-109hr3850.txt,7
BILLS-111s901.txt,7
BILLS-116sres136.txt,7
BILLS-110hr6693.txt,7
BILLS-114hr4573.txt,5
BILLS-115hr2203.txt,8
BILLS-112s632.txt,7
BILLS-117hr3764.txt,10
BILLS-110hr13.txt,6
BILLS-115hr4672.txt,1
BILLS-112hr166.txt,5
BILLS-111hr860.txt,10
BILLS-107s777.txt,5
BILLS-115s3604.txt,6
BILLS-115hr6065.txt,5
BILLS-117hr1615.txt,8
BILLS-110s284.txt,5
BILLS-113s347.txt,8
BILLS-117hr2308.txt,8
BILLS-117hr3016.txt,4
BILLS-111s3381.txt,5
BILLS-112hr3810.txt,5
BILLS-111s1596.txt,5
BILLS-107s2853.txt,8
BILLS-116s1901.txt,9
BILLS-111hr2938.txt,5
BILLS-109hr489.txt,8
BILLS-110hr6877.txt,8
BILLS-114hr5651.txt,6
BILLS-114s3162.txt,8
BILLS-115hr5578.txt,5
BILLS-111s2921.txt,8
BILLS-115s1007.txt,5
BILLS-106s2476.txt,4
BILLS-115s896.txt,8
BILLS-116s5030.txt,8
BILLS-113hr3708.txt,4
BILLS-111hr5500.txt,6
BILLS-117s3333.txt,2
BILLS-111hr5266.txt,5
BILLS-114hr1806.txt,7
BILLS-112hr3347.txt,2
BILLS-111hr2509.txt,4
BILLS-117s5024.txt,6
BILLS-116hconres21.txt,5
BILLS-117s1242.txt,5
BILLS-108hr5305.txt,5
BILLS-117hr3599.txt,0
BILLS-110hr6446.txt,4
BILLS-117hr2687.txt,5
BILLS-117hr2693.txt,5
BILLS-115hr7192.txt,5
BILLS-112hr3353.txt,8
BILLS-116hconres35.txt,8
BILLS-110hr4245.txt,2
BILLS-111hr337.txt,2
BILLS-116hr8097.txt,3
BILLS-108s2735.txt,3
BILLS-108hr3006.txt,6
BILLS-106s2462.txt,9
BILLS-116s5024.txt,7
BILLS-116s941.txt,2
BILLS-118hr7620.txt,5
BILLS-113hr5345.txt,6
BILLS-108hr1639.txt,3
BILLS-110s1031.txt,8
BILLS-118hr2980.txt,8
BILLS-112s395.txt,2
BILLS-110hr7002.txt,7
BILLS-118s1883.txt,2
BILLS-112hr6203.txt,3
BILLS-116s2005.txt,7
BILLS-113s2580.txt,8
BILLS-108hr4027.txt,7
BILLS-116hr8915.txt,8
BILLS-116s1518.txt,3
BILLS-110s3154.txt,5
BILLS-113hr5437.txt,8
BILLS-116hr3698.txt,0
BILLS-113hr1651.txt,4
BILLS-111s3626.txt,8
BILLS-113s2594.txt,5
BILLS-109s99.txt,3
BILLS-118hr5023.txt,8
BILLS-110hr1467.txt,5
BILLS-108s1200.txt,10
BILLS-118hr8507.txt,4
BILLS-108s2709.txt,8
BILLS-118hr1245.txt,3
BILLS-111s1757.txt,5
BILLS-116hr1702.txt,3
BILLS-115hr117.txt,0
BILLS-111sres145.txt,6
BILLS-114s2056.txt,8
BILLS-115hr3323.txt,7
BILLS-109hr2958.txt,7
BILLS-107hr3132.txt,4
BILLS-116hr7401.txt,0
BILLS-118s876.txt,4
BILLS-108s1599.txt,5
BILLS-106hr4560.txt,2
BILLS-116hr2579.txt,4
BILLS-112hr1587.txt,0
BILLS-106hr5118.txt,7
BILLS-115s2056.txt,5
BILLS-109hconres285.txt,5
BILLS-116hr1716.txt,8
BILLS-113s2225.txt,8
BILLS-111hr1941.txt,3
BILLS-116s2978.txt,8
BILLS-116hr2237.txt,5
BILLS-116hr5558.txt,8
BILLS-111sres179.txt,5
BILLS-118s3931.txt,5
BILLS-111hres1020.txt,9
BILLS-109hr847.txt,8
BILLS-115hr7179.txt,8
BILLS-117hr2678.txt,8
BILLS-114hr3036.txt,5
BILLS-115hr2001.txt,8
BILLS-110s1780.txt,0
BILLS-107hr2204.txt,5
BILLS-107s1180.txt,5
BILLS-112s2225.txt,8
BILLS-116hr187.txt,7
BILLS-107hr90.txt,0
BILLS-117hr1403.txt,3
BILLS-117hres1491.txt,9
BILLS-106hr3555.txt,5
BILLS-108hr2278.txt,6
BILLS-111hr1612.txt,8
BILLS-117hr2095.txt,4
BILLS-109s2127.txt,7
BILLS-116hr4915.txt,0
BILLS-117s4528.txt,5
BILLS-111hr3005.txt,4
BILLS-115hr1483.txt,3
BILLS-112sres229.txt,5
BILLS-112hr3233.txt,5
BILLS-116hr8849.txt,7
BILLS-117hr7853.txt,7
BILLS-113s970.txt,7
BILLS-118sres649.txt,8
BILLS-116s3253.txt,6
BILLS-116sres283.txt,5
BILLS-117s1322.txt,9
BILLS-108hr5265.txt,4
BILLS-115hres640.txt,6
BILLS-118s719.txt,9
BILLS-112hr3227.txt,8
BILLS-113hr2576.txt,5
BILLS-108s2899.txt,7
BILLS-114hr3817.txt,3
BILLS-111hr1606.txt,4
BILLS-109s2133.txt,5
BILLS-107s3152.txt,5
BILLS-112hr2677.txt,7
BILLS-108sres34.txt,5
BILLS-110hr7176.txt,5
BILLS-108hr2244.txt,8
BILLS-113s2392.txt,8
BILLS-118s1049.txt,7
BILLS-110hr1507.txt,8
BILLS-116s3509.txt,3
BILLS-118sres113.txt,5
BILLS-108hr4635.txt,3
BILLS-108s725.txt,6
BILLS-106s3146.txt,3
BILLS-111s3746.txt,6
BILLS-113s794.txt,4
BILLS-109s3563.txt,5
BILLS-112s587.txt,9
BILLS-110s3034.txt,3
BILLS-118s4657.txt,4
BILLS-112hr2111.txt,9
BILLS-113hr4891.txt,5
BILLS-110hr3476.txt,3
BILLS-118hr1457.txt,0
BILLS-117s4266.txt,7
BILLS-109s2669.txt,6
BILLS-118hr5631.txt,5
BILLS-108hr3628.txt,7
BILLS-109s244.txt,5
BILLS-118hr401.txt,5
BILLS-112hr6405.txt,8
BILLS-108hr2250.txt,1
BILLS-111hconres164.txt,5
BILLS-111hr6155.txt,8
BILLS-118hr5157.txt,8
BILLS-110s2458.txt,6
BILLS-108hr1981.txt,5
BILLS-111s1623.txt,7
BILLS-112s3701.txt,8
BILLS-118s3879.txt,5
BILLS-112hr2850.txt,5
BILLS-117hr9103.txt,8
BILLS-110hres527.txt,5
BILLS-108s2696.txt,2
BILLS-109hr38.txt,8
BILLS-116hr5410.txt,5
BILLS-110hr6297.txt,8
BILLS-110s1804.txt,6
BILLS-116hr3707.txt,0
BILLS-107hr2358.txt,7
BILLS-107hr480.txt,5
BILLS-117hr9665.txt,5
BILLS-117hr1239.txt,5
BILLS-111hr3978.txt,1
BILLS-116s1487.txt,9
BILLS-110hr2783.txt,8
BILLS-118hr5816.txt,5
BILLS-114hr2274.txt,5
BILLS-109s2696.txt,5
BILLS-106hr4414.txt,5
BILLS-115s935.txt,3
BILLS-108s916.txt,5
BILLS-114hr705.txt,6
BILLS-111s13.txt,5
BILLS-113hr1094.txt,7
BILLS-117hr7112.txt,3
BILLS-113hr204.txt,2
BILLS-117hr1563.txt,5
BILLS-118s3845.txt,9
BILLS-118s2583.txt,7
BILLS-113hr3683.txt,6
BILLS-114s1417.txt,3
BILLS-117s2818.txt,4
BILLS-115hr739.txt,8
BILLS-113s757.txt,7
BILLS-110s694.txt,4
BILLS-112s544.txt,7
BILLS-109s293.txt,3
BILLS-118hr3283.txt,4
BILLS-114hjres70.txt,2
BILLS-111s3949.txt,6
BILLS-117hr5077.txt,7
BILLS-117hr8235.txt,3
BILLS-113hr2589.txt,5
BILLS-108s2866.txt,4
BILLS-116hr795.txt,8
BILLS-107hr4067.txt,5
BILLS-111hr6196.txt,5
BILLS-115hr2607.txt,8
BILLS-115hr5168.txt,8
BILLS-109s3985.txt,2
BILLS-111hr1376.txt,8
BILLS-110hr6730.txt,5
BILLS-110s2114.txt,0
BILLS-111hr5110.txt,7
BILLS-115sres528.txt,5
BILLS-116hr7978.txt,7
BILLS-113sres443.txt,3
BILLS-112hr3757.txt,8
BILLS-108s2457.txt,5
BILLS-115s88.txt,2
BILLS-118s269.txt,9
BILLS-111hr5676.txt,6
BILLS-107hr2827.txt,3
BILLS-106s2700.txt,8
BILLS-109hr6121.txt,8
BILLS-110s2666.txt,5
BILLS-113sres457.txt,5
BILLS-108hr2708.txt,3
BILLS-106s2072.txt,3
BILLS-109s3991.txt,2
BILLS-111sres582.txt,1
BILLS-108hr3416.txt,7
BILLS-107hr3293.txt,5
BILLS-111hr2643.txt,7
BILLS-112s2184.txt,7
BILLS-118hr4739.txt,6
BILLS-113hr1533.txt,6
BILLS-108s241.txt,7
BILLS-111hr6343.txt,7
BILLS-115hr3914.txt,3
BILLS-111s3222.txt,5
BILLS-118hr7556.txt,3
BILLS-117s2367.txt,5
BILLS-110s3550.txt,5
BILLS-112hr2475.txt,6
BILLS-118s2742.txt,7
BILLS-118hr6884.txt,4
BILLS-108hres611.txt,3
BILLS-118hr5355.txt,8
BILLS-109hr3065.txt,3
BILLS-114s703.txt,8
BILLS-106s2728.txt,3
BILLS-113hr1241.txt,7
BILLS-108hr2052.txt,3
BILLS-111s3236.txt,5
BILLS-107hconres142.txt,4
BILLS-113s582.txt,2
BILLS-111s3550.txt,8
BILLS-116s3079.txt,5
BILLS-110s1435.txt,3
BILLS-108s255.txt,8
BILLS-112hr3019.txt,7
BILLS-118s4441.txt,6
BILLS-116s1685.txt,5
BILLS-111hr2864.txt,6
BILLS-112s3265.txt,3
BILLS-110hr1922.txt,7
BILLS-117sres358.txt,4
BILLS-114s2446.txt,3
BILLS-116hr9028.txt,6
BILLS-110hres725.txt,9
BILLS-117s2398.txt,7
BILLS-107hr1335.txt,9
BILLS-109s1837.txt,4
BILLS-116hres882.txt,5
BILLS-117s3092.txt,4
BILLS-115hr5356.txt,2
BILLS-118hr3903.txt,5
BILLS-116hr5606.txt,7
BILLS-114hr4407.txt,0
BILLS-116s1691.txt,8
BILLS-110hr3847.txt,3
BILLS-112hr1801.txt,4
BILLS-110hr6917.txt,5
BILLS-113s2635.txt,5
BILLS-115hr6111.txt,3
BILLS-112s2147.txt,8
BILLS-111hres11.txt,8
BILLS-113hr5796.txt,8
BILLS-116hr7987.txt,5
BILLS-117hr6768.txt,5
BILLS-114s1173.txt,3
BILLS-118s2959.txt,8
BILLS-110s3593.txt,5
BILLS-107hr2600.txt,5
BILLS-117hr3176.txt,8
BILLS-111hr6380.txt,5
BILLS-114hr3426.txt,8
BILLS-118s1288.txt,2
BILLS-106hr5252.txt,3
BILLS-113hr1282.txt,8
BILLS-115hr2405.txt,4
BILLS-117hr3162.txt,5
BILLS-107s1590.txt,5
BILLS-107hr2614.txt,8
BILLS-106s2933.txt,4
BILLS-110s3587.txt,8
BILLS-111hr5845.txt,5
BILLS-110s2841.txt,8
BILLS-117hres1081.txt,7
BILLS-116s1875.txt,5
BILLS-107s2927.txt,5
BILLS-118hr4936.txt,8
BILLS-116s376.txt,2
BILLS-108hr4386.txt,5
BILLS-111s849.txt,8
BILLS-115hr2363.txt,8
BILLS-108s32.txt,7
BILLS-109hr3918.txt,2
BILLS-117sres416.txt,5
BILLS-113s541.txt,5
BILLS-117s1877.txt,7
BILLS-116s406.txt,0
BILLS-110hr902.txt,4
BILLS-110s1386.txt,5
BILLS-114hr3424.txt,0
BILLS-118hconres58.txt,0
BILLS-107s1586.txt,2
BILLS-110s2857.txt,2
BILLS-111hr4595.txt,5
BILLS-110s3591.txt,5
BILLS-116hr7985.txt,6
BILLS-114hr1555.txt,2
BILLS-111hres415.txt,5
BILLS-108s280.txt,5
BILLS-111s3591.txt,7
BILLS-117sres414.txt,7
BILLS-117hr2518.txt,7
BILLS-112s988.txt,4
BILLS-116hr7991.txt,9
BILLS-114hr1541.txt,5
BILLS-118s4480.txt,7
BILLS-115hr6107.txt,2
BILLS-118s3489.txt,8
BILLS-111hres367.txt,9
BILLS-117hr7306.txt,0
BILLS-112s3529.txt,5
BILLS-112hr762.txt,5
BILLS-117hr3160.txt,8
BILLS-113s225.txt,7
BILLS-114hr5041.txt,0
BILLS-111hres1368.txt,4
BILLS-115sjres28.txt,3
BILLS-115s49.txt,3
BILLS-118hr3915.txt,5
BILLS-110hr6097.txt,4
BILLS-106hr3609.txt,2
BILLS-110hr1920.txt,8
BILLS-115hr5426.txt,7
BILLS-107hr5637.txt,8
BILLS-108s1821.txt,3
BILLS-115hr2349.txt,5
BILLS-106hr4600.txt,0
BILLS-116s3090.txt,4
BILLS-117hres542.txt,5
BILLS-117hr7448.txt,3
BILLS-117hr9471.txt,8
BILLS-116hr1304.txt,3
BILLS-114hr6212.txt,8
BILLS-116hr8446.txt,7
BILLS-115hr511.txt,4
BILLS-117hr4155.txt,10
BILLS-107hr5623.txt,7
BILLS-114s3028.txt,5
BILLS-114hr2074.txt,7
BILLS-117hr2524.txt,4
BILLS-109hr4091.txt,3
BILLS-112s1302.txt,5
BILLS-113s219.txt,7
BILLS-117s4927.txt,5
BILLS-108s2482.txt,8
BILLS-116hr542.txt,4
BILLS-108s2469.txt,5
BILLS-111hr3239.txt,4
BILLS-118s2998.txt,4
BILLS-117s2365.txt,5
BILLS-115hr3916.txt,5
BILLS-111hr6341.txt,8
BILLS-108hr4353.txt,4
BILLS-116s4700.txt,7
BILLS-110hr1061.txt,3
BILLS-108hr2722.txt,5
BILLS-111s2880.txt,5
BILLS-107s1223.txt,5
BILLS-115hres1115.txt,8
BILLS-111hr2899.txt,7
BILLS-118s4457.txt,8
BILLS-110hr3676.txt,0
BILLS-113hr3326.txt,5
BILLS-115hr1873.txt,6
BILLS-113hr71.txt,8
BILLS-109hr5370.txt,6
BILLS-110s443.txt,8
BILLS-111s2894.txt,7
BILLS-116hr5823.txt,0
BILLS-107s1551.txt,5
BILLS-115hr288.txt,4
BILLS-116s2403.txt,8
BILLS-112hr4012.txt,8
BILLS-118hr1131.txt,3
BILLS-111hres1383.txt,5
BILLS-118hr8673.txt,0
BILLS-107s1579.txt,5
BILLS-109s2327.txt,5
BILLS-110s2670.txt,8
BILLS-115hr6852.txt,7
BILLS-107s198.txt,8
BILLS-107s2716.txt,5
BILLS-114sres142.txt,9
BILLS-113hr2004.txt,7
BILLS-117hres581.txt,4
BILLS-117hr3835.txt,3
BILLS-112s963.txt,8
BILLS-117hr4182.txt,9
BILLS-108hr266.txt,8
BILLS-117hr3821.txt,5
BILLS-117s1122.txt,0
BILLS-114s1824.txt,7
BILLS-115s3799.txt,4
BILLS-112s97.txt,8
BILLS-113hr4307.txt,0
BILLS-117s3053.txt,8
BILLS-118s4319.txt,8
BILLS-112hr945.txt,3
BILLS-106s2716.txt,3
BILLS-114hr2909.txt,7
BILLS-115s1367.txt,8
BILLS-110s696.txt,8
BILLS-118s1936.txt,8
BILLS-117hr3410.txt,5
BILLS-114s3202.txt,0
BILLS-107hr5409.txt,5
BILLS-117hr8545.txt,3
BILLS-107s365.txt,2
BILLS-116hr1648.txt,3
BILLS-111hr5489.txt,5
BILLS-117hr1561.txt,2
BILLS-116hr7239.txt,8
BILLS-115hr2611.txt,5
BILLS-110s1184.txt,6
BILLS-114hr4149.txt,2
BILLS-108hr4838.txt,8
BILLS-112s234.txt,8
BILLS-118hr4288.txt,3
BILLS-114hr3632.txt,9
BILLS-116hr2355.txt,0
BILLS-109hr12.txt,5
BILLS-118s2595.txt,5
BILLS-117hr9129.txt,3
BILLS-111sconres61.txt,5
BILLS-114hr1025.txt,5
BILLS-115s3202.txt,2
BILLS-115s3564.txt,9
BILLS-107s417.txt,2
BILLS-118hr1496.txt,6
BILLS-115s1373.txt,8
BILLS-117hr3404.txt,8
BILLS-116hr8650.txt,5
BILLS-116s3292.txt,3
BILLS-109s2680.txt,7
BILLS-117hr973.txt,10
BILLS-108hr3819.txt,7
BILLS-113s2409.txt,2
BILLS-112hres396.txt,8
BILLS-108s900.txt,4
BILLS-117sres158.txt,0
BILLS-115hr3533.txt,8
BILLS-116s638.txt,8
BILLS-116hr7205.txt,5
BILLS-116hr967.txt,7
BILLS-117hr9115.txt,7
BILLS-117s3292.txt,5
BILLS-112hr2846.txt,5
BILLS-107hr1121.txt,7
BILLS-115hr1330.txt,8
BILLS-117hr7138.txt,0
BILLS-116hr2369.txt,7
BILLS-115s1429.txt,8
BILLS-114s2652.txt,8
BILLS-116hr5406.txt,5
BILLS-114hr4607.txt,8
BILLS-107hr496.txt,0
BILLS-115hr3241.txt,8
BILLS-114hr3168.txt,5
BILLS-113hr1900.txt,2
BILLS-118hres1380.txt,4
BILLS-118hr5814.txt,5
BILLS-116s2198.txt,5
BILLS-117s5185.txt,8
BILLS-107hr1647.txt,3
BILLS-114sres397.txt,8
BILLS-112hr2113.txt,6
BILLS-110s3036.txt,8
BILLS-111s3744.txt,8
BILLS-109hr4278.txt,0
BILLS-111hr4754.txt,3
BILLS-112hr2675.txt,5
BILLS-116hr998.txt,3
BILLS-118s2542.txt,6
BILLS-118s3648.txt,5
BILLS-113hr4139.txt,4
BILLS-112hr4210.txt,2
BILLS-108hr4623.txt,5
BILLS-108s733.txt,2
BILLS-109hr5614.txt,5
BILLS-112hr6361.txt,5
BILLS-118hr365.txt,5
BILLS-111s3750.txt,8
BILLS-116s2167.txt,2
BILLS-113s782.txt,7
BILLS-116hr3936.txt,7
BILLS-115hr5817.txt,6
BILLS-116hr8863.txt,3
BILLS-117hr8592.txt,2
BILLS-116hr7588.txt,0
BILLS-117s1334.txt,9
BILLS-111s4017.txt,5
BILLS-111s3778.txt,5
BILLS-108s2131.txt,0
BILLS-116hr8693.txt,7
BILLS-111hr255.txt,0
BILLS-108hr1773.txt,7
BILLS-111s1609.txt,4
BILLS-114hr908.txt,9
BILLS-111hr5476.txt,8
BILLS-117s3245.txt,9
BILLS-112hr1340.txt,6
BILLS-108hr702.txt,4
BILLS-111s308.txt,3
BILLS-110hr4455.txt,8
BILLS-112sres559.txt,5
BILLS-113hr4105.txt,5
BILLS-115s2685.txt,4
BILLS-117hres797.txt,7
BILLS-107s2500.txt,0
BILLS-110hr4333.txt,5
BILLS-117s1320.txt,8
BILLS-108hr2508.txt,7
BILLS-114s259.txt,7
BILLS-115hr3282.txt,5
BILLS-110hr6524.txt,3
BILLS-113hr1684.txt,4
BILLS-112s432.txt,8
BILLS-108hconres510.txt,8
BILLS-115s1213.txt,5
BILLS-118s684.txt,5
BILLS-113s14.txt,5
BILLS-114hr1623.txt,3
BILLS-113s1048.txt,0
BILLS-115hr6265.txt,3
BILLS-108s2904.txt,5
BILLS-114s1207.txt,8
BILLS-118hr1290.txt,2
BILLS-117hr9049.txt,7
BILLS-106hr3543.txt,2
BILLS-111s3195.txt,3
BILLS-118hr3487.txt,7
BILLS-115hr129.txt,5
BILLS-107hr4111.txt,7
BILLS-117hr191.txt,0
BILLS-111s283.txt,2
BILLS-110hr5818.txt,5
BILLS-117hr7070.txt,3
BILLS-115s3376.txt,8
BILLS-114hr897.txt,2
BILLS-107hr92.txt,5
BILLS-117hr6408.txt,6
BILLS-107sres308.txt,8
BILLS-118s690.txt,5
BILLS-118s2387.txt,7
BILLS-114hr129.txt,2
BILLS-118hr7193.txt,3
BILLS-108hr2483.txt,6
BILLS-111hr14.txt,9
BILLS-108hr3945.txt,7
BILLS-115s1207.txt,3
BILLS-113hr1848.txt,3
BILLS-115hr4466.txt,8
BILLS-107hr4677.txt,3
BILLS-115hr7147.txt,5
BILLS-108s2086.txt,8
BILLS-109hr879.txt,8
BILLS-114hr101.txt,3
BILLS-117hr4237.txt,5
BILLS-110s1972.txt,5
BILLS-116hr3671.txt,3
BILLS-116sres322.txt,5
BILLS-114s2732.txt,2
BILLS-106hr4210.txt,4
BILLS-116s3480.txt,9
BILLS-116s2946.txt,5
BILLS-112s368.txt,5
BILLS-117hr5897.txt,3
BILLS-115s857.txt,5
BILLS-110hr3299.txt,5
BILLS-116hr7365.txt,7
BILLS-115hr2995.txt,8
BILLS-116s2952.txt,7
BILLS-108hr4970.txt,5
BILLS-113s609.txt,4
BILLS-112hr1585.txt,3
BILLS-115hr5744.txt,8
BILLS-107hr4893.txt,4
BILLS-107s49.txt,4
BILLS-117hr6434.txt,7
BILLS-114hr115.txt,5
BILLS-118hr8277.txt,6
BILLS-111hr3629.txt,9
BILLS-112hr3379.txt,1
BILLS-118s647.txt,8
BILLS-116hr2590.txt,1
BILLS-118s1659.txt,5
BILLS-106hr4589.txt,5
BILLS-109s326.txt,8
BILLS-113hr1647.txt,8
BILLS-110hr309.txt,7
BILLS-112hr6201.txt,5
BILLS-112s397.txt,3
BILLS-113hr1121.txt,0
BILLS-108s1216.txt,4
BILLS-107s3024.txt,8
BILLS-109s1564.txt,7
BILLS-111s1741.txt,8
BILLS-109hr138.txt,7
BILLS-110s3624.txt,9
BILLS-111hr2245.txt,2
BILLS-118s4053.txt,6
BILLS-110s3630.txt,8
BILLS-117s2007.txt,3
BILLS-112s383.txt,5
BILLS-116s2775.txt,0
BILLS-108s1202.txt,7
BILLS-117hr152.txt,2
BILLS-109s2079.txt,5
BILLS-108hr4757.txt,5
BILLS-109hr4318.txt,2
BILLS-116s4462.txt,8
BILLS-110s1741.txt,5
BILLS-109hr3477.txt,5
BILLS-115hr698.txt,4
BILLS-117s1268.txt,7
BILLS-110s3156.txt,5
BILLS-109hr1260.txt,4
BILLS-112sres377.txt,0
BILLS-113hr3044.txt,5
BILLS-112hr4402.txt,3
BILLS-110s1769.txt,0
BILLS-117hr2685.txt,3
BILLS-111hr1002.txt,7
BILLS-107hr535.txt,4
BILLS-117sres789.txt,6
BILLS-114hr1804.txt,7
BILLS-118hr1509.txt,6
BILLS-107s588.txt,9
BILLS-115s2083.txt,2
BILLS-110s2506.txt,5
BILLS-109hr6241.txt,5
BILLS-118hr3478.txt,8
BILLS-115s880.txt,5
BILLS-108hr3004.txt,6
BILLS-107hr247.txt,5
BILLS-110hr6336.txt,7
BILLS-116s4338.txt,7
BILLS-109hr4442.txt,5
BILLS-110s2512.txt,7
BILLS-117hr6391.txt,4
BILLS-109hr110.txt,8
BILLS-116hr8095.txt,4
BILLS-114sres546.txt,5
BILLS-107s2474.txt,5
BILLS-111hr453.txt,6
BILLS-117s5032.txt,5
BILLS-108s2051.txt,7
BILLS-110hr6450.txt,8
BILLS-114s2083.txt,5
BILLS-107hr4688.txt,8
BILLS-116s3331.txt,8
BILLS-111s3618.txt,7
BILLS-117s1254.txt,2
BILLS-115hr5208.txt,7
BILLS-112s156.txt,7
BILLS-116s3866.txt,3
BILLS-116s572.txt,5
BILLS-114hr459.txt,3
BILLS-116hr7629.txt,4
BILLS-115s3606.txt,5
BILLS-112s2031.txt,3
BILLS-107hr1519.txt,8
BILLS-110s3383.txt,7
BILLS-116hr393.txt,5
BILLS-114hr4559.txt,3
BILLS-112hr164.txt,5
BILLS-112hr1977.txt,0
BILLS-112s630.txt,8
BILLS-117hr3766.txt,5
BILLS-108hr2859.txt,5
BILLS-112s624.txt,7
BILLS-118hr4698.txt,6
BILLS-106hr4984.txt,4
BILLS-113s2757.txt,6
BILLS-113s437.txt,8
BILLS-117s3866.txt,7
BILLS-118hr7391.txt,8
BILLS-116hr387.txt,6
BILLS-116hr6523.txt,2
BILLS-113hr2825.txt,8
BILLS-111hres1234.txt,5
BILLS-113s2031.txt,8
BILLS-112s142.txt,3
BILLS-107hr2762.txt,7
BILLS-116hr5994.txt,8
BILLS-115hr4102.txt,5
BILLS-115s2242.txt,3
BILLS-115hr5234.txt,7
BILLS-109s865.txt,2
BILLS-106hr4774.txt,4
BILLS-115hr5552.txt,9
BILLS-114s1987.txt,6
BILLS-110hr4092.txt,8
BILLS-116hr8532.txt,2
BILLS-115sres59.txt,5
BILLS-107hr1531.txt,1
BILLS-112s2019.txt,7
BILLS-109s3824.txt,6
BILLS-112s1510.txt,9
BILLS-115hr465.txt,8
BILLS-106hr5318.txt,6
BILLS-115s1987.txt,4
BILLS-115hr3889.txt,4
BILLS-114hr3578.txt,4
BILLS-117hr5459.txt,9
BILLS-114s2524.txt,5
BILLS-113hr158.txt,5
BILLS-118s2807.txt,10
BILLS-113s1504.txt,4
BILLS-118s4245.txt,7
BILLS-118hres319.txt,10
BILLS-118s2634.txt,6
BILLS-116hr436.txt,5
BILLS-112hr4172.txt,0
BILLS-113s386.txt,5
BILLS-111s3354.txt,7
BILLS-117s1718.txt,4
BILLS-109s3617.txt,7
BILLS-106hr5495.txt,4
BILLS-108hr2656.txt,5
BILLS-106s3232.txt,8
BILLS-117hres1120.txt,6
BILLS-118s445.txt,3
BILLS-115hr1913.txt,7
BILLS-110hr3702.txt,3
BILLS-112hr2265.txt,4
BILLS-113s1289.txt,3
BILLS-111s3426.txt,5
BILLS-114s113.txt,5
BILLS-110s1543.txt,8
BILLS-108s323.txt,8
BILLS-110hr6108.txt,0
BILLS-111hr6221.txt,7
BILLS-117sjres62.txt,5
BILLS-111hjres77.txt,3
BILLS-118s337.txt,2
BILLS-111s1557.txt,4
BILLS-109s1772.txt,0
BILLS-112hr4166.txt,9
BILLS-110hr889.txt,9
BILLS-117hr4948.txt,5
BILLS-115hr3686.txt,5
BILLS-118hr2564.txt,5
BILLS-115s1950.txt,5
BILLS-110hr651.txt,5
BILLS-117s4884.txt,8
BILLS-111hr3371.txt,2
BILLS-116s1056.txt,7
BILLS-110hr5429.txt,7
BILLS-118hr6064.txt,2
BILLS-118s479.txt,6
BILLS-111hr3417.txt,7
BILLS-116s1730.txt,9
BILLS-110hr4051.txt,5
BILLS-111hr4378.txt,5
BILLS-108hr5105.txt,5
BILLS-115hres520.txt,3
BILLS-116s2239.txt,8
BILLS-110hr1129.txt,4
BILLS-116s3127.txt,9
BILLS-107hr723.txt,4
BILLS-111hr5072.txt,0
BILLS-108s2253.txt,8
BILLS-115hr7392.txt,0
BILLS-118s3264.txt,5
BILLS-118hr7408.txt,9
BILLS-116hr8297.txt,8
BILLS-109s1996.txt,2
BILLS-109hr4640.txt,7
BILLS-110hr6134.txt,5
BILLS-116s3655.txt,7
BILLS-108hr460.txt,8
BILLS-110s92.txt,0
BILLS-107s947.txt,4
BILLS-117s3898.txt,5
BILLS-111hr888.txt,4
BILLS-110hr6653.txt,6
BILLS-113s2971.txt,8
BILLS-109hr4127.txt,0
BILLS-112s802.txt,5
BILLS-115hr5584.txt,5
BILLS-118hr3109.txt,4
BILLS-114s890.txt,9
BILLS-110s93.txt,5
BILLS-118hr748.txt,3
BILLS-112hr1023.txt,1
BILLS-108hr3207.txt,3
BILLS-113hr4272.txt,3
BILLS-116hr8296.txt,6
BILLS-110hr5428.txt,5
BILLS-110hr3059.txt,8
BILLS-111hr3370.txt,5
BILLS-110s278.txt,7
BILLS-117hr4791.txt,5
BILLS-111s3369.txt,5
BILLS-107hr2950.txt,8
BILLS-118hr2565.txt,6
BILLS-110hr6121.txt,3
BILLS-115hr3687.txt,8
BILLS-112hr1989.txt,8
BILLS-109hr4133.txt,4
BILLS-117hr2486.txt,4
BILLS-112hr1751.txt,6
BILLS-106s2111.txt,4
BILLS-117s1043.txt,9
BILLS-115hres521.txt,4
BILLS-108hr313.txt,5
BILLS-111hr644.txt,10
BILLS-118sres73.txt,5
BILLS-115hr7387.txt,6
BILLS-111hr6546.txt,8
BILLS-110hr1100.txt,6
BILLS-111s2739.txt,8
BILLS-109s131.txt,4
BILLS-114s112.txt,3
BILLS-106s3227.txt,8
BILLS-106s2139.txt,3
BILLS-110s536.txt,7
BILLS-113hr818.txt,6
BILLS-116hr7827.txt,8
BILLS-118s336.txt,5
BILLS-111hjres76.txt,2
BILLS-109hr1705.txt,7
BILLS-112s1288.txt,3
BILLS-113s393.txt,8
BILLS-116hr55.txt,4
BILLS-114hr2840.txt,2
BILLS-111hconres211.txt,9
BILLS-114hr3586.txt,3
BILLS-108s444.txt,7
BILLS-112hr818.txt,3
BILLS-116hr5942.txt,0
BILLS-118hr3647.txt,4
BILLS-115hr3863.txt,5
BILLS-109s643.txt,4
BILLS-110s2739.txt,8
BILLS-109s1767.txt,5
BILLS-118s2635.txt,5
BILLS-118s322.txt,7
BILLS-111hr4345.txt,7
BILLS-116hr7833.txt,7
BILLS-108hr4226.txt,4
BILLS-110hr1114.txt,6
BILLS-112hr6002.txt,5
BILLS-108hr2864.txt,5
BILLS-117hr2451.txt,9
BILLS-114hr4570.txt,5
BILLS-110hr3930.txt,8
BILLS-117s3683.txt,4
BILLS-112s2018.txt,8
BILLS-113s1263.txt,8
BILLS-111hres1209.txt,2
BILLS-114hr470.txt,3
BILLS-115s2257.txt,7
BILLS-113hr159.txt,5
BILLS-116s3697.txt,5
BILLS-107hr3441.txt,5
BILLS-114s853.txt,5
BILLS-109s870.txt,5
BILLS-107hr5030.txt,5
BILLS-117hr4746.txt,5
BILLS-114hr4202.txt,5
BILLS-106hr4013.txt,9
BILLS-117hr2323.txt,3
BILLS-109s864.txt,3
BILLS-117s984.txt,9
BILLS-111hr687.txt,5
BILLS-115hr1735.txt,7
BILLS-106hr4775.txt,6
BILLS-118sres98.txt,0
BILLS-116hr386.txt,7
BILLS-115s3613.txt,5
BILLS-115hr458.txt,8
BILLS-112hr617.txt,8
BILLS-108hr4597.txt,3
BILLS-111s3382.txt,9
BILLS-118hr1087.txt,5
BILLS-114hr6429.txt,3
BILLS-110s2922.txt,8
BILLS-115hr6700.txt,7
BILLS-112hr3807.txt,5
BILLS-117hr1616.txt,3
BILLS-109s680.txt,8
BILLS-117hr386.txt,7
BILLS-115s1776.txt,7
BILLS-108hr4583.txt,5
BILLS-110hr877.txt,5
BILLS-109s858.txt,4
BILLS-115hr5209.txt,5
BILLS-111s3396.txt,8
BILLS-113s344.txt,3
BILLS-114hr5120.txt,3
BILLS-112s631.txt,7
BILLS-114hr3237.txt,9
BILLS-115s2519.txt,6
BILLS-111hr5098.txt,5
BILLS-118hr8538.txt,7
BILLS-111hr3166.txt,3
BILLS-113hr2401.txt,6
BILLS-108s2736.txt,2
BILLS-111s1768.txt,7
BILLS-110s2513.txt,7
BILLS-117s3324.txt,7
BILLS-107hr3858.txt,8
BILLS-112hr1221.txt,2
BILLS-117s1533.txt,5
BILLS-112hr6228.txt,5
BILLS-108hr5312.txt,9
BILLS-118hr4464.txt,5
BILLS-116s3330.txt,5
BILLS-110hr6451.txt,7
BILLS-116s1527.txt,6
BILLS-118s3067.txt,6
BILLS-107s2475.txt,5
BILLS-114sres221.txt,9
BILLS-118hr4470.txt,5
BILLS-114s338.txt,8
BILLS-107hr3694.txt,3
BILLS-109s2050.txt,8
BILLS-115hr2943.txt,9
BILLS-117hr5855.txt,7
BILLS-118hr6501.txt,5
BILLS-111hr5503.txt,5
BILLS-106hr3595.txt,5
BILLS-111s241.txt,1
BILLS-108hr2327.txt,7
BILLS-112s382.txt,4
BILLS-112hr6572.txt,6
BILLS-118hr7637.txt,2
BILLS-118s2423.txt,5
BILLS-107s3031.txt,3
BILLS-115sres675.txt,9
BILLS-117hres1337.txt,5
BILLS-115s2914.txt,5
BILLS-109hr1261.txt,7
BILLS-111hr4153.txt,4
BILLS-110s3157.txt,4
BILLS-117s1269.txt,7
BILLS-118hr210.txt,8
BILLS-115hr699.txt,5
BILLS-118hr3337.txt,3
BILLS-110s1740.txt,5
BILLS-109hr5013.txt,3
BILLS-108hr3993.txt,5
BILLS-117hres29.txt,9
BILLS-113s2583.txt,7
BILLS-110hr308.txt,3
BILLS-116hr2591.txt,8
BILLS-118s646.txt,8
BILLS-113hr3051.txt,3
BILLS-118s2351.txt,5
BILLS-118hr8510.txt,8
BILLS-116s1269.txt,9
BILLS-117hr8395.txt,7
BILLS-111hr2250.txt,2
BILLS-117hres1445.txt,3
BILLS-107s3025.txt,8
BILLS-110s1032.txt,6
BILLS-114s462.txt,8
BILLS-111hr1759.txt,7
BILLS-112hr1209.txt,6
BILLS-116hr4686.txt,4
BILLS-116s2760.txt,0
BILLS-112hr6566.txt,5
BILLS-108s861.txt,8
BILLS-115hr3452.txt,5
BILLS-109hr5946.txt,7
BILLS-114s2727.txt,7
BILLS-117hr6353.txt,5
BILLS-113s1707.txt,5
BILLS-116hr7364.txt,4
BILLS-116hr8731.txt,7
BILLS-116hr7402.txt,5
BILLS-111hr491.txt,4
BILLS-112hr3393.txt,7
BILLS-111s3802.txt,5
BILLS-109s65.txt,5
BILLS-115hr5745.txt,3
BILLS-112hr1584.txt,3
BILLS-117hr3559.txt,5
BILLS-117s1282.txt,8
BILLS-117hr806.txt,8
BILLS-112hr1590.txt,5
BILLS-113s1075.txt,3
BILLS-116hr7416.txt,5
BILLS-118hr8289.txt,3
BILLS-116hr1067.txt,5
BILLS-115s2727.txt,8
BILLS-109hr878.txt,5
BILLS-114hr666.txt,2
BILLS-116hr4679.txt,8
BILLS-116s2947.txt,8
BILLS-115hr4329.txt,4
BILLS-116hr5567.txt,5
BILLS-114hr4000.txt,5
BILLS-114hr896.txt,4
BILLS-113hr3938.txt,5
BILLS-116hr7358.txt,5
BILLS-107hres511.txt,3
BILLS-111s3180.txt,4
BILLS-116hr2220.txt,3
BILLS-117s576.txt,3
BILLS-117hr190.txt,2
BILLS-109s496.txt,5
BILLS-116hr2546.txt,8
BILLS-108hr3944.txt,7
BILLS-113s2554.txt,3
BILLS-113hr1691.txt,3
BILLS-112s2226.txt,3
BILLS-110s3194.txt,8
BILLS-117hr7703.txt,0
BILLS-116hr8719.txt,0
BILLS-113hr4925.txt,5
BILLS-113s1049.txt,5
BILLS-118hr7186.txt,5
BILLS-109hr844.txt,5
BILLS-110s1797.txt,8
BILLS-108hjres72.txt,5
BILLS-107hr2213.txt,2
BILLS-113s2226.txt,9
BILLS-109s482.txt,7
BILLS-115hr4315.txt,5
BILLS-111s1783.txt,5
BILLS-117s3250.txt,8
BILLS-116hr769.txt,0
BILLS-111hr5463.txt,0
BILLS-114s2848.txt,6
BILLS-111s309.txt,3
BILLS-118hr3519.txt,5
BILLS-116hr4902.txt,7
BILLS-109hr4251.txt,2
BILLS-118s1704.txt,8
BILLS-106s2273.txt,8
BILLS-117s1321.txt,8
BILLS-117s5147.txt,5
BILLS-110hr2743.txt,5
BILLS-116hr6867.txt,4
BILLS-109s2642.txt,5
BILLS-117hr4381.txt,8
BILLS-112hr6348.txt,8
BILLS-111s4016.txt,8
BILLS-114hr3800.txt,7
BILLS-109s509.txt,3
BILLS-114s2684.txt,7
BILLS-112hr2890.txt,5
BILLS-115hr6489.txt,5
BILLS-118s3661.txt,7
BILLS-110hr7161.txt,5
BILLS-107hconres425.txt,9
BILLS-114hr5281.txt,1
BILLS-108hr2253.txt,8
BILLS-114hr3828.txt,6
BILLS-111hconres167.txt,4
BILLS-110s1152.txt,5
BILLS-118hr5154.txt,8
BILLS-118s3891.txt,6
BILLS-111hr2330.txt,7
BILLS-118hr7743.txt,5
BILLS-111hr4027.txt,4
BILLS-110hr3461.txt,5
BILLS-113hr4886.txt,8
BILLS-111hr3748.txt,8
BILLS-113hr3131.txt,8
BILLS-111hr5339.txt,2
BILLS-115hr935.txt,0
BILLS-109s247.txt,8
BILLS-108s1411.txt,5
BILLS-106s3151.txt,8
BILLS-116s2166.txt,9
BILLS-111s453.txt,8
BILLS-107hr4919.txt,6
BILLS-112s590.txt,5
BILLS-118hr364.txt,5
BILLS-118hr5626.txt,4
BILLS-110s1620.txt,8
BILLS-115s2874.txt,7
BILLS-108hr1028.txt,7
BILLS-117hr8587.txt,5
BILLS-116hr6683.txt,2
BILLS-118s732.txt,8
BILLS-111hr2442.txt,8
BILLS-110s2329.txt,7
BILLS-117s4517.txt,5
BILLS-114hr935.txt,6
BILLS-109hr6308.txt,5
BILLS-111hr4755.txt,9
BILLS-118s4132.txt,9
BILLS-117s2166.txt,3
BILLS-114s2860.txt,8
BILLS-110hr1504.txt,7
BILLS-116hr2383.txt,5
BILLS-108hr4636.txt,8
BILLS-114hr4160.txt,5
BILLS-116s2827.txt,6
BILLS-107hr2429.txt,5
BILLS-116hr972.txt,7
BILLS-108s2859.txt,7
BILLS-117hr1548.txt,9
BILLS-117hr6541.txt,0
BILLS-110hr2958.txt,5
BILLS-110s1813.txt,7
BILLS-115hr3240.txt,8
BILLS-114hconres39.txt,5
BILLS-110s867.txt,5
BILLS-114s2135.txt,5
BILLS-113s2408.txt,0
BILLS-117hr972.txt,8
BILLS-118hres1395.txt,7
BILLS-116s3293.txt,7
BILLS-117hr6555.txt,5
BILLS-116s1484.txt,5
BILLS-116hr7204.txt,0
BILLS-116hr5413.txt,5
BILLS-112hr549.txt,7
BILLS-107s1961.txt,8
BILLS-110hr6294.txt,8
BILLS-112s1115.txt,8
BILLS-117s1490.txt,5
BILLS-112hr1382.txt,7
BILLS-111hr4782.txt,8
BILLS-118s2594.txt,8
BILLS-113s2346.txt,7
BILLS-113hr1083.txt,5
BILLS-114s3217.txt,5
BILLS-110s683.txt,5
BILLS-109s284.txt,5
BILLS-117hr782.txt,5
BILLS-118hr1497.txt,3
BILLS-111s1191.txt,8
BILLS-114s1414.txt,6
BILLS-115s3571.txt,7
BILLS-113s754.txt,5
BILLS-114s3203.txt,2
BILLS-118hr3294.txt,5
BILLS-114hjres67.txt,0
BILLS-117hr3411.txt,3
BILLS-113hr1929.txt,3
BILLS-116s163.txt,3
BILLS-112s1897.txt,5
BILLS-108hr924.txt,4
BILLS-116hr1891.txt,8
BILLS-114hr1030.txt,3
BILLS-116hres473.txt,3
BILLS-118s3846.txt,8
BILLS-109hr501.txt,3
BILLS-116s2358.txt,4
BILLS-116s3046.txt,8
BILLS-118s1506.txt,1
BILLS-109s2332.txt,4
BILLS-118hr2405.txt,5
BILLS-112hr1157.txt,5
BILLS-110hr730.txt,4
BILLS-112hr944.txt,8
BILLS-107s2065.txt,8
BILLS-118s3477.txt,8
BILLS-118s3463.txt,0
BILLS-113hr2763.txt,5
BILLS-111hr3204.txt,5
BILLS-111hr5675.txt,2
BILLS-118hr6677.txt,3
BILLS-116s3734.txt,6
BILLS-109hr5359.txt,7
BILLS-109s3986.txt,9
BILLS-109s2440.txt,8
BILLS-110hr3893.txt,5
BILLS-117hres580.txt,7
BILLS-118hr6111.txt,8
BILLS-111hr730.txt,1
BILLS-116s2364.txt,8
BILLS-109s4019.txt,3
BILLS-113hr70.txt,5
BILLS-117hr543.txt,2
BILLS-110s1436.txt,5
BILLS-109hr1117.txt,5
BILLS-110hr3663.txt,8
BILLS-112hr2462.txt,5
BILLS-110s2659.txt,7
BILLS-118hr5356.txt,8
BILLS-115hr289.txt,5
BILLS-111s137.txt,9
BILLS-108hr2051.txt,5
BILLS-107hr2818.txt,3
BILLS-111s3221.txt,5
BILLS-107s1544.txt,3
BILLS-110s3553.txt,3
BILLS-112hr5319.txt,7
BILLS-112hr2476.txt,5
BILLS-109hr1665.txt,2
BILLS-110hr3111.txt,7
BILLS-110hr5560.txt,9
BILLS-109s1613.txt,5
BILLS-111hr2640.txt,7
BILLS-110hr2569.txt,7
BILLS-108s3010.txt,5
BILLS-110hr3677.txt,5
BILLS-111s2881.txt,5
BILLS-113hr64.txt,2
BILLS-106s2059.txt,5
BILLS-116hr5188.txt,7
BILLS-111hr6426.txt,9
BILLS-116s4701.txt,4
BILLS-107hr695.txt,7
BILLS-109hr4090.txt,3
BILLS-110hconres425.txt,5
BILLS-117hr6743.txt,5
BILLS-112s3514.txt,4
BILLS-117hr1992.txt,7
BILLS-118hr6878.txt,1
BILLS-118hres287.txt,0
BILLS-107hr5144.txt,5
BILLS-115hr276.txt,4
BILLS-114hres940.txt,6
BILLS-116sconres48.txt,5
BILLS-112hr993.txt,1
BILLS-116s4098.txt,5
BILLS-117hr9302.txt,8
BILLS-112s3500.txt,5
BILLS-112hr2489.txt,6
BILLS-113sres483.txt,8
BILLS-113s1303.txt,6
BILLS-117hr1038.txt,3
BILLS-116hr1311.txt,6
BILLS-109hr4084.txt,5
BILLS-112s779.txt,7
BILLS-115hr2348.txt,5
BILLS-109hr3933.txt,8
BILLS-117hr4140.txt,3
BILLS-111hr3589.txt,3
BILLS-116hr7748.txt,5
BILLS-115hr6106.txt,0
BILLS-115hr1669.txt,5
BILLS-117hres1082.txt,5
BILLS-115s2479.txt,7
BILLS-107s614.txt,2
BILLS-106hr4629.txt,3
BILLS-114hr4438.txt,8
BILLS-117hr2519.txt,9
BILLS-108s295.txt,3
BILLS-111s2856.txt,5
BILLS-112s1459.txt,0
BILLS-117sres415.txt,9
BILLS-113s542.txt,5
BILLS-113s224.txt,8
BILLS-117hr3161.txt,7
BILLS-117sres373.txt,4
BILLS-116hr2156.txt,8
BILLS-107s172.txt,5
BILLS-117hr6019.txt,5
BILLS-116hr6330.txt,5
BILLS-115s3001.txt,5
BILLS-118s3488.txt,5
BILLS-117hr8034.txt,2
BILLS-116hr580.txt,5
BILLS-115sjres15.txt,4
BILLS-115s3015.txt,8
BILLS-107s1587.txt,5
BILLS-117s614.txt,7
BILLS-115s1602.txt,7
BILLS-110hr903.txt,8
BILLS-115hr2374.txt,5
BILLS-111s3584.txt,8
BILLS-114s3001.txt,3
BILLS-114hr1554.txt,4
BILLS-115s3773.txt,7
BILLS-107s2930.txt,4
BILLS-116hr2119.txt,8
BILLS-117hr4641.txt,9
BILLS-115hr1140.txt,8
BILLS-116s1187.txt,8
BILLS-109s1853.txt,7
BILLS-118hjres53.txt,3
BILLS-115s2350.txt,8
BILLS-114hr211.txt,3
BILLS-111s2819.txt,7
BILLS-114hr5769.txt,0
BILLS-112hr1859.txt,3
BILLS-115hr4992.txt,6
BILLS-112hr1695.txt,5
BILLS-114hr4463.txt,8
BILLS-117hr2542.txt,0
BILLS-115s2422.txt,7
BILLS-118s2915.txt,7
BILLS-109s1847.txt,5
BILLS-110hr2283.txt,2
BILLS-112s3573.txt,3
BILLS-116sres740.txt,9
BILLS-108hr59.txt,5
BILLS-112hr738.txt,9
BILLS-112hr3914.txt,4
BILLS-111hr5835.txt,7
BILLS-117s673.txt,5
BILLS-116hr2125.txt,5
BILLS-108hr71.txt,2
BILLS-116sres768.txt,5
BILLS-108hr4490.txt,5
BILLS-106hr3653.txt,2
BILLS-114hr2984.txt,5
BILLS-115hr239.txt,0
BILLS-111s187.txt,3
BILLS-116hr5892.txt,7
BILLS-108s42.txt,5
BILLS-116hr4232.txt,5
BILLS-110hr6973.txt,7
BILLS-114s3066.txt,7
BILLS-111hr6482.txt,7
BILLS-112hr1865.txt,3
BILLS-107s667.txt,5
BILLS-117hr8721.txt,5
BILLS-113hconres76.txt,8
BILLS-117hr6718.txt,5
BILLS-109hr599.txt,8
BILLS-114hr239.txt,10
BILLS-116s4969.txt,0
BILLS-107hr3208.txt,7
BILLS-116hr2657.txt,0
BILLS-117s667.txt,7
BILLS-115hr46.txt,7
BILLS-118hr3783.txt,8
BILLS-113s2123.txt,5
BILLS-116s3960.txt,2
BILLS-107hr1379.txt,8
BILLS-117hr7360.txt,7
BILLS-117hr8053.txt,5
BILLS-110s2616.txt,7
BILLS-109hr214.txt,5
BILLS-108hr1517.txt,6
BILLS-109hr2337.txt,5
BILLS-115hr3794.txt,8
BILLS-117s2459.txt,3
BILLS-118hr1619.txt,5
BILLS-107s698.txt,8
BILLS-111hr3511.txt,7
BILLS-113hr937.txt,5
BILLS-107s2764.txt,2
BILLS-118s4419.txt,5
BILLS-113hr4407.txt,2
BILLS-110s2164.txt,8
BILLS-112s911.txt,5
BILLS-110hr6740.txt,8
BILLS-117hr2581.txt,8
BILLS-115hr4951.txt,5
BILLS-113hr1219.txt,4
BILLS-114s983.txt,4
BILLS-118hr2462.txt,2
BILLS-110s2602.txt,5
BILLS-115hr3970.txt,5
BILLS-110s357.txt,8
BILLS-118hr673.txt,5
BILLS-106s2980.txt,8
BILLS-108s1106.txt,7
BILLS-118s231.txt,7
BILLS-111s1451.txt,5
BILLS-116hr524.txt,5
BILLS-113hr5057.txt,3
BILLS-110hr3610.txt,6
BILLS-113hr3340.txt,5
BILLS-110hr1007.txt,2
BILLS-108s1660.txt,8
BILLS-115s212.txt,2
BILLS-116hr6394.txt,5
BILLS-113hr3432.txt,3
BILLS-116hr530.txt,5
BILLS-111hr4524.txt,8
BILLS-107s1537.txt,8
BILLS-118hr3998.txt,2
BILLS-113hr1972.txt,3
BILLS-114hr2204.txt,4
BILLS-117s2698.txt,7
BILLS-111hr596.txt,5
BILLS-116hr8636.txt,5
BILLS-117s3586.txt,5
BILLS-113s1600.txt,4
BILLS-116s886.txt,7
BILLS-115hres195.txt,7
BILLS-114s2620.txt,6
BILLS-109hr4587.txt,9
BILLS-117hr5991.txt,4
BILLS-116hr3011.txt,5
BILLS-107hr396.txt,4
BILLS-107s1912.txt,8
BILLS-109hr4593.txt,9
BILLS-114hr3668.txt,8
BILLS-117hr2026.txt,9
BILLS-115s789.txt,3
BILLS-117hr6240.txt,5
BILLS-107hr1147.txt,7
BILLS-115hr1430.txt,2
BILLS-114hr1719.txt,7
BILLS-111hr582.txt,5
BILLS-114hr6076.txt,1
BILLS-108s2180.txt,4
BILLS-115s2620.txt,0
BILLS-110hr6581.txt,5
BILLS-110s800.txt,8
BILLS-109hr2684.txt,8
BILLS-110s1874.txt,7
BILLS-118s796.txt,3
BILLS-117hr2768.txt,7
BILLS-110s828.txt,7
BILLS-112hr274.txt,5
BILLS-107hr5309.txt,4
BILLS-118hr3595.txt,7
BILLS-109s591.txt,2
BILLS-115s3270.txt,3
BILLS-111hr2394.txt,2
BILLS-113s1628.txt,8
BILLS-114hr1043.txt,6
BILLS-118s4182.txt,8
BILLS-114hr5225.txt,5
BILLS-108hr4686.txt,8
BILLS-117s303.txt,2
BILLS-116hr4024.txt,4
BILLS-113hr1782.txt,3
BILLS-115hr2105.txt,0
BILLS-111hres1642.txt,5
BILLS-114s1467.txt,6
BILLS-110s2399.txt,0
BILLS-112hr5626.txt,8
BILLS-116s2129.txt,8
BILLS-113hr1769.txt,6
BILLS-117s1352.txt,3
BILLS-107hr427.txt,8
BILLS-116hr3978.txt,9
BILLS-108hr3102.txt,6
BILLS-107hr2499.txt,7
BILLS-108hr764.txt,4
BILLS-116hr1809.txt,7
BILLS-118s3606.txt,5
BILLS-108s2631.txt,3
BILLS-109hr1428.txt,7
BILLS-109hr6347.txt,5
BILLS-109hconres356.txt,3
BILLS-117s4558.txt,9
BILLS-118s1005.txt,8
BILLS-115hr3582.txt,8
BILLS-106s2572.txt,4
BILLS-110hr555.txt,2
BILLS-107hr433.txt,4
BILLS-114hr1902.txt,8
BILLS-109s1338.txt,7
BILLS-109hr6421.txt,9
BILLS-108hr5229.txt,5
BILLS-118s1993.txt,5
BILLS-109hr5100.txt,9
BILLS-113hres767.txt,5
BILLS-118s2242.txt,7
BILLS-117s3579.txt,5
BILLS-109hr6409.txt,7
BILLS-115s2813.txt,4
BILLS-113s1199.txt,7
BILLS-110s3736.txt,5
BILLS-116hr726.txt,8
BILLS-114s571.txt,3
BILLS-114hr80.txt,0
BILLS-118hr471.txt,3
BILLS-109hr5666.txt,3
BILLS-108s999.txt,9
BILLS-107hr3963.txt,4
BILLS-113hr1033.txt,7
BILLS-108hr2220.txt,3
BILLS-118sres163.txt,1
BILLS-110hr6218.txt,8
BILLS-114hr2589.txt,5
BILLS-113hr1027.txt,8
BILLS-111s352.txt,4
BILLS-118hr3542.txt,5
BILLS-110hr3360.txt,8
BILLS-116hr1821.txt,5
BILLS-114hr946.txt,5
BILLS-111hr2357.txt,0
BILLS-110hr2718.txt,4
BILLS-116hr6828.txt,3
BILLS-113hr5527.txt,5
BILLS-109hr758.txt,3
BILLS-111s3736.txt,4
BILLS-111s4059.txt,8
BILLS-110s1653.txt,2
BILLS-116s4570.txt,2
BILLS-109hr3565.txt,5
BILLS-107hr2248.txt,5
BILLS-116hr2509.txt,5
BILLS-112s3177.txt,0
BILLS-107hr1999.txt,7
BILLS-116hr7471.txt,5
BILLS-116s1597.txt,8
BILLS-114hr167.txt,7
BILLS-107hr1741.txt,7
BILLS-118s806.txt,8
BILLS-117hr6320.txt,0
BILLS-107hr3630.txt,7
BILLS-116sres422.txt,8
BILLS-106hr4276.txt,8
BILLS-111sres121.txt,8
BILLS-116hr5500.txt,3
BILLS-117s1583.txt,7
BILLS-108hr4916.txt,2
BILLS-115s825.txt,3
BILLS-114hr2402.txt,3
BILLS-113s1760.txt,1
BILLS-112sres488.txt,5
BILLS-117s3380.txt,5
BILLS-117s2920.txt,3
BILLS-112s1774.txt,8
BILLS-110hr384.txt,5
BILLS-112hjres37.txt,5
BILLS-114hr1645.txt,5
BILLS-107hr2274.txt,5
BILLS-113s2527.txt,5
BILLS-114hr5423.txt,7
BILLS-117hr5173.txt,8
BILLS-114hr3734.txt,2
BILLS-111hr6092.txt,3
BILLS-115s1513.txt,8
BILLS-117hr5615.txt,3
BILLS-114s2768.txt,8
BILLS-108hr2397.txt,8
BILLS-111hr1925.txt,9
BILLS-117hr3264.txt,4
BILLS-118hr7687.txt,4
BILLS-116hr691.txt,5
BILLS-116hres574.txt,10
BILLS-114s1275.txt,8
BILLS-114hr3720.txt,8
BILLS-112s326.txt,8
BILLS-107s13.txt,5
BILLS-118hjres189.txt,3
BILLS-117s277.txt,4
BILLS-108hr1107.txt,5
BILLS-115hr1593.txt,0
BILLS-116hconres45.txt,5
BILLS-107hr553.txt,7
BILLS-113s860.txt,8
BILLS-115hr3384.txt,5
BILLS-107hr4822.txt,3
BILLS-118hres1245.txt,7
BILLS-118hr4417.txt,3
BILLS-108hr5361.txt,5
BILLS-115hr5093.txt,5
BILLS-110hr435.txt,4
BILLS-107s1669.txt,5
BILLS-108hr5407.txt,7
BILLS-109s2037.txt,8
BILLS-108s2745.txt,0
BILLS-109hconres236.txt,5
BILLS-117s2049.txt,4
BILLS-113hr4017.txt,5
BILLS-112hr2997.txt,2
BILLS-110hr5881.txt,8
BILLS-117hr5826.txt,5
BILLS-109s2023.txt,5
BILLS-115hr2930.txt,5
BILLS-116s3357.txt,3
BILLS-118hjres176.txt,3
BILLS-115hr5939.txt,8
BILLS-110hr6436.txt,3
BILLS-118hr4403.txt,5
BILLS-112hr1520.txt,4
BILLS-117hr4286.txt,5
BILLS-108hr1113.txt,5
BILLS-110hr4221.txt,5
BILLS-112hr4458.txt,8
BILLS-108s2037.txt,5
BILLS-117hr6491.txt,8
BILLS-110hr2650.txt,8
BILLS-111s1069.txt,5
BILLS-110hr1371.txt,5
BILLS-115hr5911.txt,9
BILLS-107s1133.txt,3
BILLS-118hr263.txt,3
BILLS-113s684.txt,6
BILLS-111s554.txt,0
BILLS-111s1041.txt,3
BILLS-112sres463.txt,8
BILLS-118s3996.txt,7
BILLS-110hr5671.txt,6
BILLS-113hr3988.txt,7
BILLS-116hr1941.txt,8
BILLS-110hr409.txt,5
BILLS-112hr6501.txt,2
BILLS-108hr4725.txt,9
BILLS-114s405.txt,5
BILLS-116s3419.txt,5
BILLS-116s919.txt,4
BILLS-112hr6515.txt,5
BILLS-116s4362.txt,8
BILLS-108hr4731.txt,8
BILLS-109hr4418.txt,6
BILLS-109s432.txt,3
BILLS-111s1733.txt,9
BILLS-107s3056.txt,5
BILLS-118s3982.txt,7
BILLS-111hr4652.txt,9
BILLS-118hr7650.txt,3
BILLS-112s2282.txt,9
BILLS-111hr409.txt,2
BILLS-109s1270.txt,10
BILLS-118s2322.txt,5
BILLS-113hr3022.txt,7
BILLS-116hr3824.txt,8
BILLS-114hr3085.txt,8
BILLS-115hr5905.txt,7
BILLS-110s753.txt,5
BILLS-118hr3350.txt,7
BILLS-111s3642.txt,9
BILLS-110hr1832.txt,7
BILLS-115hjres44.txt,3
BILLS-117s3196.txt,2
BILLS-112hr3684.txt,5
BILLS-117s4821.txt,5
BILLS-115hr1034.txt,9
BILLS-115hr1752.txt,4
BILLS-116hr8540.txt,5
BILLS-111hr838.txt,3
BILLS-114s1739.txt,5
BILLS-112s3375.txt,9
BILLS-109hr4197.txt,8
BILLS-111s971.txt,5
BILLS-109s2584.txt,7
BILLS-108hr2803.txt,2
BILLS-114hr4517.txt,0
BILLS-114hr5609.txt,5
BILLS-110hr186.txt,4
BILLS-116s2288.txt,8
BILLS-108s1927.txt,5
BILLS-115hr1746.txt,0
BILLS-117hr9563.txt,5
BILLS-110hr3957.txt,8
BILLS-116hr1216.txt,8
BILLS-115s2230.txt,5
BILLS-110hres621.txt,6
BILLS-111hr192.txt,6
BILLS-112s1210.txt,5
BILLS-106hr4060.txt,2
BILLS-110hr838.txt,6
BILLS-114s1063.txt,9
BILLS-115s1711.txt,8
BILLS-114hr3536.txt,5
BILLS-117s707.txt,2
BILLS-110hr810.txt,4
BILLS-118hr3185.txt,0
BILLS-111s3497.txt,7
BILLS-111s2951.txt,8
BILLS-111hres507.txt,4
BILLS-118hr1792.txt,5
BILLS-116hr7897.txt,5
BILLS-116s1971.txt,5
BILLS-113hr664.txt,7
BILLS-117hr1103.txt,4
BILLS-116hr7883.txt,6
BILLS-111s959.txt,4
BILLS-112hr116.txt,0
BILLS-118hr4826.txt,4
BILLS-111s3483.txt,5
BILLS-106hr5424.txt,6
BILLS-107hr962.txt,2
BILLS-107s1480.txt,4
BILLS-112hr670.txt,5
BILLS-117s713.txt,8
BILLS-110s2789.txt,5
BILLS-116hr487.txt,3
BILLS-118s2685.txt,8
BILLS-111hr4493.txt,8
BILLS-118hres343.txt,8
BILLS-111hr4478.txt,4
BILLS-111s1519.txt,8
BILLS-112hr3647.txt,5
BILLS-108hr3274.txt,3
BILLS-109hr4632.txt,0
BILLS-115hjres87.txt,1
BILLS-117hr2387.txt,0
BILLS-118hr4173.txt,5
BILLS-112hr843.txt,5
BILLS-116hr2910.txt,2
BILLS-108hr5163.txt,3
BILLS-115hr3186.txt,8
BILLS-111hr6509.txt,3
BILLS-106s3268.txt,6
BILLS-109s3895.txt,8
BILLS-108s2221.txt,3
BILLS-117s3633.txt,7
BILLS-107s2604.txt,7
BILLS-107s934.txt,7
BILLS-115hr1791.txt,8
BILLS-113sres553.txt,5
BILLS-117s4148.txt,7
BILLS-110hr2452.txt,8
BILLS-117hr8866.txt,5
BILLS-118hr6016.txt,5
BILLS-111hr637.txt,8
BILLS-112hr5544.txt,5
BILLS-114s1936.txt,8
BILLS-106s2162.txt,3
BILLS-108hr360.txt,5
BILLS-111s2762.txt,9
BILLS-117hr3933.txt,6
BILLS-117s1756.txt,5
BILLS-109hr5538.txt,8
BILLS-110hr2334.txt,9
BILLS-116hr2092.txt,8
BILLS-108s437.txt,5
BILLS-115s414.txt,7
BILLS-107s1457.txt,5
BILLS-113s2080.txt,9
BILLS-115hr3804.txt,8
BILLS-110s2986.txt,5
BILLS-110s3440.txt,0
BILLS-109hr6019.txt,7
BILLS-110hr5473.txt,2
BILLS-111s1525.txt,8
BILLS-118s345.txt,5
BILLS-118s2134.txt,3
BILLS-114hr1484.txt,3
BILLS-112s2094.txt,7
BILLS-113s486.txt,3
BILLS-107s1331.txt,5
BILLS-114hr3293.txt,5
BILLS-108s1714.txt,3
BILLS-108hr4255.txt,3
BILLS-118s1429.txt,3
BILLS-109s156.txt,9
BILLS-108s2209.txt,8
BILLS-115hr1961.txt,3
BILLS-112hr3109.txt,6
BILLS-111hr5028.txt,0
BILLS-117hr8682.txt,5
BILLS-112hr4100.txt,8
BILLS-118s351.txt,5
BILLS-118hr1023.txt,0
BILLS-114s613.txt,5
BILLS-111hr6247.txt,7
BILLS-115s400.txt,7
BILLS-107s1443.txt,5
BILLS-108hr2142.txt,2
BILLS-113hr1351.txt,8
BILLS-111s3326.txt,5
BILLS-106s2638.txt,7
BILLS-113s2094.txt,5
BILLS-114hr1491.txt,5
BILLS-111hr2746.txt,7
BILLS-108s2208.txt,3
BILLS-112s858.txt,8
BILLS-111s743.txt,5
BILLS-118hr3153.txt,4
BILLS-113hr1350.txt,8
BILLS-111hr6246.txt,7
BILLS-111hr2020.txt,0
BILLS-111hr4451.txt,5
BILLS-118s4236.txt,5
BILLS-109s1701.txt,7
BILLS-118s4222.txt,8
BILLS-110s3441.txt,3
BILLS-113hr5122.txt,0
BILLS-111hres1284.txt,3
BILLS-110s2987.txt,5
BILLS-107s1456.txt,3
BILLS-118hr5250.txt,7
BILLS-109hr3160.txt,7
BILLS-108hr3249.txt,5
BILLS-114s160.txt,5
BILLS-108s350.txt,4
BILLS-109hr4169.txt,5
BILLS-113hr1422.txt,4
BILLS-108hr1338.txt,5
BILLS-114hr1485.txt,8
BILLS-118s2135.txt,5
BILLS-117s4161.txt,9
BILLS-112s864.txt,5
BILLS-110s1518.txt,5
BILLS-115hr4824.txt,5
BILLS-108hr2619.txt,8
BILLS-113hr2103.txt,5
BILLS-109hr413.txt,7
BILLS-115hr1784.txt,10
BILLS-114s1937.txt,5
BILLS-113hr4572.txt,0
BILLS-108s2552.txt,8
BILLS-118hr6771.txt,5
BILLS-110s3469.txt,7
BILLS-118hres356.txt,5
BILLS-118s3565.txt,4
BILLS-118hr3609.txt,4
BILLS-109hr5539.txt,8
BILLS-112hr856.txt,8
BILLS-115hjres92.txt,6
BILLS-116s3632.txt,5
BILLS-117hr3098.txt,3
BILLS-112hr842.txt,8
BILLS-117hr2386.txt,8
BILLS-118hr2503.txt,8
BILLS-118s1366.txt,8
BILLS-111hr2008.txt,7
BILLS-112hr4129.txt,6
BILLS-115hr6799.txt,5
BILLS-116s1031.txt,0
BILLS-116hr8582.txt,8
BILLS-117hr479.txt,9
BILLS-114hr5634.txt,2
BILLS-106s3282.txt,5
BILLS-108hr4297.txt,8
BILLS-111hres512.txt,5
BILLS-115s3113.txt,3
BILLS-118hr7490.txt,6
BILLS-110s3496.txt,8
BILLS-116hr486.txt,6
BILLS-110hr805.txt,7
BILLS-116hr2044.txt,8
BILLS-110s1281.txt,9
BILLS-118hr909.txt,7
BILLS-116hr4435.txt,8
BILLS-108hr2180.txt,4
BILLS-118hr4199.txt,5
BILLS-111hr6291.txt,6
BILLS-117s706.txt,5
BILLS-118sjres64.txt,5
BILLS-108hr2194.txt,5
BILLS-116hr7128.txt,3
BILLS-116hr492.txt,0
BILLS-115s2219.txt,5
BILLS-107s712.txt,8
BILLS-116hr4347.txt,8
BILLS-116s273.txt,0
BILLS-113s1205.txt,9
BILLS-117s5294.txt,8
BILLS-114hr2167.txt,8
BILLS-109hr3835.txt,8
BILLS-107hr5730.txt,4
BILLS-115hr3150.txt,4
BILLS-110hr839.txt,5
BILLS-115hr4159.txt,0
BILLS-107hr1230.txt,9
BILLS-117hr9204.txt,7
BILLS-118s2874.txt,7
BILLS-114hr6473.txt,0
BILLS-112hr3685.txt,4
BILLS-117hr9210.txt,5
BILLS-109hr1950.txt,5
BILLS-115s2225.txt,7
BILLS-117hr4734.txt,5
BILLS-118sjres58.txt,2
BILLS-116s3183.txt,8
BILLS-107hr793.txt,6
BILLS-107hr3355.txt,7
BILLS-111s970.txt,5
BILLS-117hr6645.txt,5
BILLS-115hr7322.txt,5
BILLS-115hr1753.txt,4
BILLS-112hr2772.txt,5
BILLS-118hr7651.txt,8
BILLS-110s2549.txt,10
BILLS-115sres175.txt,7
BILLS-109s433.txt,4
BILLS-117hr22.txt,4
BILLS-116hr2285.txt,1
BILLS-116s918.txt,2
BILLS-117s1569.txt,5
BILLS-108hr639.txt,8
BILLS-115hr199.txt,5
BILLS-111s227.txt,7
BILLS-107hr3802.txt,5
BILLS-113hr1152.txt,6
BILLS-112s482.txt,0
BILLS-115hr827.txt,8
BILLS-117hr653.txt,8
BILLS-110hr5102.txt,3
BILLS-111hr408.txt,3
BILLS-110hr3573.txt,7
BILLS-118s620.txt,3
BILLS-109s1265.txt,8
BILLS-118hr7123.txt,3
BILLS-111s555.txt,7
BILLS-115hr833.txt,4
BILLS-115s171.txt,6
BILLS-116s3418.txt,8
BILLS-110s1054.txt,8
BILLS-115s617.txt,8
BILLS-110hr6379.txt,0
BILLS-118hr3423.txt,5
BILLS-111s3131.txt,8
BILLS-116s2706.txt,8
BILLS-118hr7645.txt,3
BILLS-111hr5559.txt,4
BILLS-114hr827.txt,0
BILLS-111s3119.txt,8
BILLS-111hr3100.txt,7
BILLS-111hr352.txt,7
BILLS-118s2479.txt,8
BILLS-108s2750.txt,7
BILLS-112hr3336.txt,5
BILLS-111hr5217.txt,7
BILLS-118hr6215.txt,3
BILLS-106s2361.txt,5
BILLS-112hres252.txt,8
BILLS-118hjres177.txt,0
BILLS-108hr3705.txt,7
BILLS-109hr5049.txt,8
BILLS-116sres386.txt,5
BILLS-107hr552.txt,9
BILLS-108hr1106.txt,3
BILLS-118s1164.txt,8
BILLS-118hr2701.txt,3
BILLS-109hr4431.txt,5
BILLS-107hr5283.txt,8
BILLS-113sconres21.txt,2
BILLS-108hr2369.txt,9
BILLS-108hr2382.txt,8
BILLS-115hr5079.txt,0
BILLS-115s1506.txt,0
BILLS-111hr6087.txt,3
BILLS-116s2909.txt,5
BILLS-118hr5085.txt,10
BILLS-114s1274.txt,8
BILLS-111hr4690.txt,8
BILLS-116hres575.txt,7
BILLS-117hr7771.txt,5
BILLS-116hr1029.txt,5
BILLS-115s1260.txt,6
BILLS-117s276.txt,3
BILLS-110s949.txt,8
BILLS-118hjres188.txt,3
BILLS-117hr684.txt,2
BILLS-110sres212.txt,8
BILLS-110s1929.txt,5
BILLS-112s455.txt,5
BILLS-114hr1644.txt,3
BILLS-115hr6202.txt,5
BILLS-117hr8456.txt,9
BILLS-117hres1386.txt,8
BILLS-116hr690.txt,4
BILLS-116hr8019.txt,10
BILLS-118hr7686.txt,5
BILLS-108hr3088.txt,4
BILLS-116s717.txt,10
BILLS-109hr5908.txt,6
BILLS-114s2769.txt,3
BILLS-117s504.txt,8
BILLS-115s1512.txt,0
BILLS-118hr5091.txt,5
BILLS-111hr4874.txt,5
BILLS-117hr9006.txt,5
BILLS-116hr7302.txt,5
BILLS-113s1761.txt,5
BILLS-116hres549.txt,5
BILLS-117hr874.txt,5
BILLS-118hr289.txt,3
BILLS-118s813.txt,5
BILLS-116hr7464.txt,2
BILLS-116hr1015.txt,6
BILLS-107hr1740.txt,5
BILLS-111s3870.txt,5
BILLS-107hr3157.txt,3
BILLS-110hr391.txt,5
BILLS-115hr614.txt,5
BILLS-116hr3616.txt,8
BILLS-114hr5378.txt,5
BILLS-106hr5169.txt,1
BILLS-114hr4066.txt,6
BILLS-117hr9012.txt,0
BILLS-118hr7862.txt,7
BILLS-118hres183.txt,5
BILLS-110hr5857.txt,0
BILLS-110hr5710.txt,5
BILLS-112hr2606.txt,3
BILLS-111hr3048.txt,5
BILLS-118hr3543.txt,7
BILLS-116hr4780.txt,5
BILLS-110hr568.txt,5
BILLS-112s1198.txt,8
BILLS-115hr2879.txt,4
BILLS-110hr1210.txt,6
BILLS-109hr3564.txt,0
BILLS-115hr953.txt,1
BILLS-108hr4122.txt,7
BILLS-118hr5654.txt,2
BILLS-116hr3789.txt,3
BILLS-112hr2160.txt,6
BILLS-117s2672.txt,7
BILLS-110s3045.txt,7
BILLS-113hr4638.txt,5
BILLS-111hr2430.txt,3
BILLS-116hr8810.txt,8
BILLS-118hr1426.txt,5
BILLS-118s754.txt,5
BILLS-118sres610.txt,10
BILLS-108s1463.txt,5
BILLS-116hr3945.txt,6
BILLS-116s4565.txt,0
BILLS-113hr1754.txt,0
BILLS-114hr5595.txt,6
BILLS-107hr3962.txt,3
BILLS-118hr3557.txt,2
BILLS-118hr470.txt,9
BILLS-110hr7113.txt,5
BILLS-111hr6124.txt,4
BILLS-114hr81.txt,0
BILLS-109s553.txt,7
BILLS-118hr1340.txt,5
BILLS-113hr3625.txt,5
BILLS-110s2429.txt,6
BILLS-112hr4263.txt,2
BILLS-118s4154.txt,8
BILLS-117hr4495.txt,5
BILLS-110hr554.txt,8
BILLS-108hr2209.txt,8
BILLS-117s1421.txt,8
BILLS-107hr3792.txt,8
BILLS-116s2882.txt,9
BILLS-117s4559.txt,8
BILLS-117s3236.txt,5
BILLS-113hr4162.txt,8
BILLS-107s2201.txt,3
BILLS-113hr2513.txt,2
BILLS-111hr540.txt,5
BILLS-116hr6815.txt,3
BILLS-109s1339.txt,6
BILLS-118hr6361.txt,3
BILLS-107hr432.txt,5
BILLS-118hr5668.txt,5
BILLS-118hr4576.txt,7
BILLS-106s2215.txt,5
BILLS-109hr2646.txt,4
BILLS-111s409.txt,3
BILLS-111hr1111.txt,6
BILLS-118s1776.txt,8
BILLS-108hr5214.txt,5
BILLS-111hr3706.txt,0
BILLS-118hres752.txt,4
BILLS-107s2573.txt,4
BILLS-111hr554.txt,2
BILLS-118hr6375.txt,5
BILLS-110hr2057.txt,8
BILLS-112hr3530.txt,0
BILLS-113hr4176.txt,6
BILLS-117s3222.txt,2
BILLS-118hr6413.txt,8
BILLS-109hr6352.txt,5
BILLS-107hr1191.txt,5
BILLS-111hr232.txt,8
BILLS-115hr1380.txt,6
BILLS-110hr3349.txt,5
BILLS-106s2567.txt,8
BILLS-115s987.txt,9
BILLS-111s3079.txt,9
BILLS-111s62.txt,5
BILLS-117hr5774.txt,6
BILLS-114s2609.txt,5
BILLS-110s183.txt,8
BILLS-115hr6404.txt,7
BILLS-111hres1125.txt,6
BILLS-114hr984.txt,7
BILLS-111hr3935.txt,5
BILLS-116hr6632.txt,2
BILLS-115hr6362.txt,8
BILLS-116hres367.txt,9
BILLS-115s3503.txt,5
BILLS-115hr2104.txt,6
BILLS-112s535.txt,5
BILLS-113s732.txt,4
BILLS-114s3265.txt,5
BILLS-114hr5556.txt,8
BILLS-112hr275.txt,7
BILLS-114hr3127.txt,4
BILLS-109hr2875.txt,7
BILLS-111hr5388.txt,9
BILLS-114s1472.txt,4
BILLS-114s1314.txt,5
BILLS-108hr1933.txt,5
BILLS-116hr4757.txt,5
BILLS-118hr3594.txt,6
BILLS-112s247.txt,8
BILLS-118s3808.txt,5
BILLS-115hr3540.txt,7
BILLS-114s2635.txt,3
BILLS-114hr4106.txt,8
BILLS-116s893.txt,3
BILLS-117s1384.txt,0
BILLS-117hr4330.txt,4
BILLS-108s2181.txt,8
BILLS-117hr7639.txt,5
BILLS-114hr6077.txt,5
BILLS-111hr583.txt,0
BILLS-115hr1431.txt,5
BILLS-113s1167.txt,5
BILLS-117s2699.txt,0
BILLS-110s1861.txt,2
BILLS-114s3259.txt,2
BILLS-107hr5452.txt,5
BILLS-116s43.txt,5
BILLS-107s1907.txt,5
BILLS-106hr4303.txt,8
BILLS-113hr3802.txt,5
BILLS-116hres429.txt,7
BILLS-114hr774.txt,8
BILLS-113s1601.txt,5
BILLS-110hconres94.txt,9
BILLS-118hr7916.txt,8
BILLS-115s2153.txt,6
BILLS-111s3535.txt,5
BILLS-111s637.txt,5
BILLS-115hr589.txt,8
BILLS-113hr1542.txt,5
BILLS-110s1450.txt,5
BILLS-115s213.txt,9
BILLS-118hr4990.txt,8
BILLS-114s766.txt,5
BILLS-106s2995.txt,7
BILLS-106hr3685.txt,5
BILLS-111hr6332.txt,2
BILLS-113s281.txt,5
BILLS-118s4342.txt,5
BILLS-117s2316.txt,2
BILLS-117s4767.txt,5
BILLS-118s3439.txt,9
BILLS-116s1179.txt,7
BILLS-114hr1297.txt,5
BILLS-117s4773.txt,8
BILLS-108s1107.txt,6
BILLS-110hr1760.txt,5
BILLS-118hr5324.txt,5
BILLS-114hr3480.txt,7
BILLS-116hr2859.txt,3
BILLS-111s3521.txt,3
BILLS-106hr4840.txt,6
BILLS-110hr1006.txt,8
BILLS-118s1548.txt,9
BILLS-107s2995.txt,0
BILLS-116hr243.txt,3
BILLS-110s3253.txt,7
BILLS-117hr6916.txt,0
BILLS-111hr3538.txt,3
BILLS-111s3509.txt,3
BILLS-109s2432.txt,9
BILLS-111hr6468.txt,5
BILLS-118s1560.txt,5
BILLS-108s1649.txt,8
BILLS-117hr519.txt,0
BILLS-115hr7281.txt,0
BILLS-110s2165.txt,2
BILLS-107s855.txt,8
BILLS-118s3377.txt,2
BILLS-117s4983.txt,8
BILLS-118s218.txt,5
BILLS-110hr6027.txt,2
BILLS-115hres341.txt,3
BILLS-111sjres26.txt,0
BILLS-115hr3795.txt,8
BILLS-118hr5318.txt,3
BILLS-110hr1984.txt,5
BILLS-109s1891.txt,0
BILLS-109s1649.txt,4
BILLS-115hr6835.txt,8
BILLS-108s2432.txt,8
BILLS-118hjres91.txt,3
BILLS-117s2458.txt,5
BILLS-109s4057.txt,5
BILLS-114s3098.txt,3
BILLS-109s2426.txt,2
BILLS-110s1478.txt,9
BILLS-108s218.txt,7
BILLS-114s2386.txt,6
BILLS-116s4968.txt,5
BILLS-111s2830.txt,6
BILLS-107hr817.txt,5
BILLS-116hres165.txt,5
BILLS-117hr8734.txt,5
BILLS-113hr711.txt,5
BILLS-118hr1195.txt,3
BILLS-117hr8052.txt,6
BILLS-111hr5820.txt,9
BILLS-117hr7361.txt,5
BILLS-118s2928.txt,5
BILLS-117sres315.txt,4
BILLS-111s192.txt,5
BILLS-118hr3782.txt,5
BILLS-115hr4011.txt,7
BILLS-106s2956.txt,9
BILLS-117s666.txt,5
BILLS-110s395.txt,4
BILLS-116hr5893.txt,5
BILLS-114hr5032.txt,7
BILLS-111s3284.txt,0
BILLS-111s186.txt,8
BILLS-106hr5223.txt,5
BILLS-108hr70.txt,2
BILLS-106hr3652.txt,8
BILLS-115s1664.txt,5
BILLS-111hr2183.txt,0
BILLS-111hr4294.txt,5
BILLS-115s3715.txt,10
BILLS-112s2122.txt,0
BILLS-116s1804.txt,5
BILLS-111hr6483.txt,5
BILLS-107hr4572.txt,7
BILLS-115hr4763.txt,8
BILLS-108hr3498.txt,6
BILLS-107hres173.txt,7
BILLS-108s43.txt,5
BILLS-117sres467.txt,5
BILLS-106hr4883.txt,3
BILLS-117hr3675.txt,5
BILLS-118hres587.txt,5
BILLS-110hr3822.txt,2
BILLS-109s3937.txt,5
BILLS-109hr3799.txt,3
BILLS-109s4080.txt,5
BILLS-109hr3941.txt,7
BILLS-116s3785.txt,6
BILLS-112hr739.txt,5
BILLS-111sres242.txt,5
BILLS-118hr3966.txt,7
BILLS-110hr2282.txt,7
BILLS-118hjres46.txt,3
BILLS-109s1846.txt,5
BILLS-116hr7074.txt,8
BILLS-110hr2296.txt,7
BILLS-114hr1268.txt,8
BILLS-109hr6193.txt,4
BILLS-117s4954.txt,5
BILLS-112s1371.txt,5
BILLS-109s976.txt,5
BILLS-107hr181.txt,5
BILLS-109s2383.txt,5
BILLS-118hr3972.txt,8
BILLS-111s2818.txt,8
BILLS-116hr3560.txt,5
BILLS-114s1894.txt,6
BILLS-108s2397.txt,7
BILLS-115hr7256.txt,2
BILLS-116hr8345.txt,2
BILLS-109s2395.txt,3
BILLS-117s658.txt,2
BILLS-118hr3964.txt,7
BILLS-106s2968.txt,3
BILLS-115hr5331.txt,2
BILLS-116hr3210.txt,5
BILLS-109s960.txt,2
BILLS-107hr2129.txt,5
BILLS-107hres159.txt,5
BILLS-109hr2485.txt,3
BILLS-112hr1696.txt,7
BILLS-111sres526.txt,5
BILLS-115hr4749.txt,6
BILLS-115s1128.txt,4
BILLS-115s2421.txt,3
BILLS-112s3216.txt,4
BILLS-117hres533.txt,8
BILLS-113s1373.txt,3
BILLS-111hres458.txt,10
BILLS-107s2968.txt,6
BILLS-111hr797.txt,2
BILLS-108s1844.txt,7
BILLS-109s4096.txt,8
BILLS-109hr2491.txt,7
BILLS-116hr5113.txt,7
BILLS-114s2421.txt,5
BILLS-116hr3204.txt,5
BILLS-114hr574.txt,3
BILLS-118hr6808.txt,8
BILLS-116hr2132.txt,3
BILLS-106hr3644.txt,3
BILLS-111s190.txt,8
BILLS-115hr2462.txt,4
BILLS-118s4383.txt,7
BILLS-117hr7363.txt,3
BILLS-116hr8379.txt,0
BILLS-110s2826.txt,5
BILLS-107s116.txt,5
BILLS-116s1812.txt,7
BILLS-107s2940.txt,3
BILLS-111hr967.txt,5
BILLS-107s670.txt,8
BILLS-108hr1299.txt,8
BILLS-118hr1829.txt,4
BILLS-110s3286.txt,6
BILLS-107hr2115.txt,7
BILLS-107hr2101.txt,5
BILLS-106hr4881.txt,3
BILLS-117hr3677.txt,5
BILLS-111hr6481.txt,3
BILLS-115s1100.txt,5
BILLS-115s2409.txt,7
BILLS-114s1672.txt,3
BILLS-116hr7738.txt,8
BILLS-112s2120.txt,0
BILLS-110s3292.txt,7
BILLS-118hr6834.txt,8
BILLS-110s2832.txt,5
BILLS-114s1114.txt,7
BILLS-117hr1706.txt,6
BILLS-115hr3768.txt,8
BILLS-115s1666.txt,3
BILLS-114hr5030.txt,5
BILLS-115hr5319.txt,8
BILLS-111s184.txt,5
BILLS-116hr5891.txt,7
BILLS-117hr3111.txt,5
BILLS-117s843.txt,8
BILLS-106s2773.txt,2
BILLS-114s980.txt,3
BILLS-110s2601.txt,5
BILLS-109hr6146.txt,5
BILLS-109s1887.txt,7
BILLS-117s3988.txt,1
BILLS-111hr5163.txt,3
BILLS-108s2342.txt,9
BILLS-117hr3844.txt,2
BILLS-115hres425.txt,4
BILLS-115s239.txt,8
BILLS-108hr5014.txt,7
BILLS-118hr4762.txt,5
BILLS-116s4981.txt,5
BILLS-108hr1272.txt,7
BILLS-118s3361.txt,5
BILLS-107s2773.txt,8
BILLS-117s3744.txt,6
BILLS-111hr5177.txt,2
BILLS-111hr5611.txt,4
BILLS-117hr1921.txt,8
BILLS-113hr2707.txt,8
BILLS-106s2767.txt,5
BILLS-108hr3303.txt,8
BILLS-118s1210.txt,4
BILLS-117hr269.txt,3
BILLS-110s3523.txt,2
BILLS-109hr1615.txt,8
BILLS-115hr3967.txt,6
BILLS-116s2466.txt,9
BILLS-118hr3743.txt,5
BILLS-110hr7307.txt,3
BILLS-106hr3687.txt,8
BILLS-106s2997.txt,7
BILLS-108s1111.txt,2
BILLS-114s764.txt,4
BILLS-118s1238.txt,8
BILLS-113hres214.txt,2
BILLS-118sres404.txt,8
BILLS-108s232.txt,5
BILLS-111s3537.txt,6
BILLS-118hr3025.txt,5
BILLS-114hr6288.txt,5
BILLS-109hr1173.txt,5
BILLS-113hr908.txt,7
BILLS-116hr255.txt,7
BILLS-117s2466.txt,5
BILLS-108s1663.txt,7
BILLS-118sres410.txt,5
BILLS-110s1446.txt,8
BILLS-109s2418.txt,3
BILLS-108hr5028.txt,5
BILLS-116s2314.txt,3
BILLS-112hr908.txt,5
BILLS-106hr3693.txt,7
BILLS-109s753.txt,7
BILLS-115sres215.txt,3
BILLS-112hr4063.txt,6
BILLS-117s2300.txt,7
BILLS-115hr7042.txt,3
BILLS-114s1458.txt,5
BILLS-115s2623.txt,4
BILLS-113hr1965.txt,0
BILLS-116hr5305.txt,8
BILLS-109s2829.txt,8
BILLS-117hr5992.txt,2
BILLS-117hr4454.txt,4
BILLS-116s649.txt,6
BILLS-115s2151.txt,0
BILLS-117hr6257.txt,5
BILLS-116s1386.txt,8
BILLS-117hr7149.txt,5
BILLS-113sres183.txt,8
BILLS-112s279.txt,7
BILLS-117hr4440.txt,8
BILLS-107hr381.txt,3
BILLS-115hr3556.txt,0
BILLS-107hr3747.txt,7
BILLS-109hr4584.txt,5
BILLS-116s41.txt,3
BILLS-110s817.txt,7
BILLS-116hr5311.txt,8
BILLS-112hr1480.txt,2
BILLS-107hr4996.txt,5
BILLS-112s1617.txt,7
BILLS-115hr1427.txt,6
BILLS-111hres1669.txt,4
BILLS-108s2197.txt,6
BILLS-113hr539.txt,4
BILLS-117s300.txt,8
BILLS-115hr4577.txt,4
BILLS-117hr5010.txt,7
BILLS-108hr2592.txt,7
BILLS-113s2444.txt,3
BILLS-118s1947.txt,8
BILLS-109hr798.txt,7
BILLS-115hr6360.txt,3
BILLS-114s1464.txt,3
BILLS-116hr6156.txt,4
BILLS-118hr1395.txt,7
BILLS-116hr7248.txt,4
BILLS-118s4181.txt,4
BILLS-113s2322.txt,3
BILLS-114hr54.txt,6
BILLS-108s959.txt,2
BILLS-114s3501.txt,2
BILLS-109s592.txt,3
BILLS-113hr263.txt,8
BILLS-114s1316.txt,3
BILLS-117hr7175.txt,8
BILLS-115s3273.txt,4
BILLS-115s3515.txt,7
BILLS-117hr7613.txt,0
BILLS-112hr5802.txt,5
BILLS-118s795.txt,7
BILLS-109hr954.txt,5
BILLS-108hr3698.txt,7
BILLS-117sres667.txt,3
BILLS-117hr2780.txt,8
BILLS-116s96.txt,7
BILLS-118s1760.txt,5
BILLS-108s2140.txt,8
BILLS-111hr5361.txt,5
BILLS-111hres841.txt,5
BILLS-111hr4719.txt,7
BILLS-118hr8428.txt,7
BILLS-111hr2368.txt,9
BILLS-109hr88.txt,5
BILLS-109hr5895.txt,6
BILLS-117hr4497.txt,8
BILLS-115s991.txt,9
BILLS-107hr3948.txt,7
BILLS-111hr1675.txt,0
BILLS-116s2894.txt,5
BILLS-109hr5659.txt,7
BILLS-116s846.txt,5
BILLS-118s3605.txt,6
BILLS-112hr5143.txt,5
BILLS-109hr6350.txt,5
BILLS-115hr1382.txt,3
BILLS-118hr6411.txt,8
BILLS-109hr6436.txt,2
BILLS-107s2571.txt,9
BILLS-112hr5625.txt,5
BILLS-117s2658.txt,8
BILLS-118hr7069.txt,5
BILLS-108hr1070.txt,3
BILLS-109hr1359.txt,7
BILLS-109hr983.txt,9
BILLS-108hr1058.txt,5
BILLS-113hr1742.txt,5
BILLS-108hr2551.txt,5
BILLS-109s3510.txt,4
BILLS-117s1379.txt,0
BILLS-115hr951.txt,5
BILLS-110s1650.txt,5
BILLS-110hr1574.txt,5
BILLS-108s1313.txt,9
BILLS-118hr2887.txt,8
BILLS-114s2810.txt,4
BILLS-116hr1822.txt,5
BILLS-109hr6378.txt,5
BILLS-109hconres369.txt,8
BILLS-116hr731.txt,5
BILLS-114hr945.txt,3
BILLS-116hr1836.txt,2
BILLS-117hr8285.txt,8
BILLS-113s1824.txt,2
BILLS-107s3135.txt,8
BILLS-111hconres117.txt,3
BILLS-108s1307.txt,8
BILLS-114hr83.txt,4
BILLS-108hr4652.txt,6
BILLS-109hr5665.txt,5
BILLS-107s1044.txt,8
BILLS-115hr945.txt,4
BILLS-113hr3141.txt,3
BILLS-107hr1811.txt,5
BILLS-118s2241.txt,8
BILLS-117s2664.txt,5
BILLS-118s4630.txt,0
BILLS-114sres319.txt,5
BILLS-107sres351.txt,0
BILLS-117hr6451.txt,8
BILLS-117s2923.txt,7
BILLS-117s5094.txt,8
BILLS-113s59.txt,0
BILLS-115hr5721.txt,2
BILLS-111s3866.txt,1
BILLS-114s2743.txt,5
BILLS-107s1865.txt,8
BILLS-117hr4520.txt,9
BILLS-116s5080.txt,8
BILLS-113hr3960.txt,3
BILLS-116hr7300.txt,5
BILLS-117hr9004.txt,3
BILLS-112s3606.txt,9
BILLS-117s2089.txt,4
BILLS-116s2923.txt,4
BILLS-110hres1411.txt,5
BILLS-107s1871.txt,5
BILLS-116hr5503.txt,3
BILLS-116s729.txt,10
BILLS-106hr4275.txt,9
BILLS-118hr2918.txt,3
BILLS-113s678.txt,8
BILLS-115hr3344.txt,5
BILLS-116sres347.txt,9
BILLS-109s2791.txt,5
BILLS-111s3872.txt,5
BILLS-117s5080.txt,5
BILLS-116hr8741.txt,8
BILLS-116hconres85.txt,5
BILLS-108hr5389.txt,5
BILLS-111s3682.txt,7
BILLS-111hr71.txt,5
BILLS-117hr692.txt,5
BILLS-108s187.txt,0
BILLS-107sres13.txt,5
BILLS-110s3696.txt,3
BILLS-118s3942.txt,5
BILLS-116s701.txt,8
BILLS-113hr1193.txt,0
BILLS-107s1681.txt,5
BILLS-117s506.txt,8
BILLS-110s1095.txt,2
BILLS-116hr2250.txt,8
BILLS-116s715.txt,8
BILLS-117hr5616.txt,0
BILLS-116hres1088.txt,5
BILLS-114hr5346.txt,5
BILLS-117hr3267.txt,8
BILLS-110s3682.txt,8
BILLS-118hr7684.txt,7
BILLS-111hr4686.txt,8
BILLS-114hr1120.txt,2
BILLS-118s3956.txt,3
BILLS-118hr1593.txt,9
BILLS-112hr5976.txt,4
BILLS-112s457.txt,4
BILLS-113hr1839.txt,8
BILLS-109hr2903.txt,8
BILLS-118hjres175.txt,4
BILLS-107s1118.txt,3
BILLS-110hr344.txt,5
BILLS-109hr2730.txt,7
BILLS-108hr2419.txt,8
BILLS-112hr5745.txt,8
BILLS-116hr6963.txt,5
BILLS-111hres935.txt,5
BILLS-110hr2653.txt,5
BILLS-109s1529.txt,3
BILLS-112hr2994.txt,8
BILLS-110s3669.txt,3
BILLS-111hr3102.txt,5
BILLS-107hr5295.txt,7
BILLS-118hr5078.txt,2
BILLS-106s2411.txt,8
BILLS-117hr3298.txt,8
BILLS-110hr6347.txt,5
BILLS-109s2034.txt,5
BILLS-117hr2186.txt,7
BILLS-111s1718.txt,3
BILLS-118s178.txt,0
BILLS-118hr6565.txt,5
BILLS-108hr1662.txt,6
BILLS-111hr3116.txt,4
BILLS-115s2958.txt,5
BILLS-110hr3559.txt,5
BILLS-107hr1781.txt,8
BILLS-116hr6977.txt,2
BILLS-118hr6203.txt,5
BILLS-115s1289.txt,3
BILLS-108hr175.txt,5
BILLS-118hr8206.txt,3
BILLS-116hr123.txt,0
BILLS-118hr9118.txt,8
BILLS-115hr5906.txt,8
BILLS-108s144.txt,8
BILLS-118hr5722.txt,5
BILLS-118hr3353.txt,5
BILLS-116s2076.txt,5
BILLS-111s3127.txt,5
BILLS-107hr3800.txt,7
BILLS-112hr1279.txt,5
BILLS-114hr5391.txt,5
BILLS-109hr5705.txt,4
BILLS-107s1642.txt,3
BILLS-108hres500.txt,0
BILLS-118hr5044.txt,7
BILLS-116hr2287.txt,3
BILLS-111hr4889.txt,0
BILLS-107s3055.txt,5
BILLS-117s2062.txt,4
BILLS-112sres460.txt,5
BILLS-118hr1236.txt,8
BILLS-118hr6559.txt,5
BILLS-118hr7647.txt,6
BILLS-109hr6218.txt,8
BILLS-112hr2764.txt,2
BILLS-116s2704.txt,7
BILLS-114s406.txt,5
BILLS-107s1130.txt,8
BILLS-115s2964.txt,7
BILLS-110hr3565.txt,3
BILLS-118hr1550.txt,5
BILLS-112s3404.txt,3
BILLS-114hr6465.txt,8
BILLS-116hr7102.txt,3
BILLS-117s4836.txt,5
BILLS-112hr897.txt,5
BILLS-109s814.txt,0
BILLS-114s837.txt,5
BILLS-115hr5245.txt,8
BILLS-112hr1084.txt,8
BILLS-106hr4063.txt,6
BILLS-109s2587.txt,4
BILLS-115hr3152.txt,5
BILLS-109s3841.txt,8
BILLS-110hr185.txt,4
BILLS-114hr372.txt,0
BILLS-116hr8557.txt,3
BILLS-110hr2492.txt,3
BILLS-115s2555.txt,5
BILLS-116hr8543.txt,6
BILLS-113s1213.txt,8
BILLS-113hr5861.txt,8
BILLS-116hr1201.txt,9
BILLS-109s3855.txt,5
BILLS-117s29.txt,8
BILLS-115hr2258.txt,5
BILLS-117s1782.txt,8
BILLS-118hr923.txt,0
BILLS-116s4188.txt,8
BILLS-113hr2868.txt,4
BILLS-112hr2599.txt,8
BILLS-116hr7116.txt,5
BILLS-115hr1037.txt,5
BILLS-110hr807.txt,5
BILLS-115s1706.txt,6
BILLS-116hr484.txt,3
BILLS-112s3438.txt,0
BILLS-113hr101.txt,0
BILLS-114s1074.txt,8
BILLS-110s2952.txt,5
BILLS-117hr7217.txt,5
BILLS-110s3494.txt,7
BILLS-115s3677.txt,7
BILLS-113hr5691.txt,4
BILLS-117s3803.txt,5
BILLS-107s2834.txt,3
BILLS-108s385.txt,9
BILLS-112s899.txt,7
BILLS-114hr5636.txt,5
BILLS-111s782.txt,6
BILLS-117hr3717.txt,7
BILLS-108hr2828.txt,6
BILLS-109s182.txt,6
BILLS-111s796.txt,7
BILLS-115hr428.txt,3
BILLS-117hr3703.txt,5
BILLS-107hr2075.txt,3
BILLS-110hr74.txt,8
BILLS-117s3817.txt,6
BILLS-116hr6552.txt,7
BILLS-117hr1672.txt,5
BILLS-116s3803.txt,5
BILLS-116hr2052.txt,4
BILLS-110s1297.txt,8
BILLS-106s2834.txt,3
BILLS-111hr6293.txt,5
BILLS-117hr309.txt,7
BILLS-117hr2390.txt,4
BILLS-117hr4939.txt,5
BILLS-112hr6728.txt,5
BILLS-116s1027.txt,7
BILLS-111hr152.txt,6
BILLS-109sres228.txt,8
BILLS-115hr6957.txt,3
BILLS-110hr2337.txt,8
BILLS-108s2236.txt,5
BILLS-117s3624.txt,8
BILLS-118s3201.txt,9
BILLS-108hr3505.txt,5
BILLS-109s169.txt,3
BILLS-107hr3394.txt,0
BILLS-111s2775.txt,6
BILLS-117hres1179.txt,9
BILLS-116hr309.txt,9
BILLS-110s3319.txt,8
BILLS-110hr4034.txt,8
BILLS-107s2607.txt,5
BILLS-116s1755.txt,8
BILLS-118hr7479.txt,3
BILLS-112hr3644.txt,0
BILLS-118hr1008.txt,8
BILLS-116hres946.txt,5
BILLS-115hjres84.txt,5
BILLS-109hr4631.txt,0
BILLS-108hr4518.txt,0
BILLS-112hr840.txt,0
BILLS-109s3128.txt,3
BILLS-108hr411.txt,7
BILLS-118hr7451.txt,5
BILLS-118s352.txt,5
BILLS-114s610.txt,5
BILLS-117hr4905.txt,5
BILLS-110s234.txt,5
BILLS-115hr3813.txt,5
BILLS-108hr2141.txt,7
BILLS-106hr5382.txt,2
BILLS-113hr1352.txt,8
BILLS-116s2274.txt,8
BILLS-112hr6072.txt,8
BILLS-110s1526.txt,8
BILLS-114s176.txt,8
BILLS-116hr7843.txt,8
BILLS-109hr1007.txt,7
BILLS-118hr1752.txt,5
BILLS-116hr335.txt,8
BILLS-114hr1487.txt,2
BILLS-113s485.txt,3
BILLS-116s2260.txt,8
BILLS-118hr3145.txt,6
BILLS-108hr4242.txt,2
BILLS-108s1071.txt,8
BILLS-110hr1616.txt,4
BILLS-116s4177.txt,4
BILLS-108s434.txt,3
BILLS-110s220.txt,4
BILLS-113s2083.txt,3
BILLS-110hr608.txt,3
BILLS-116s2506.txt,7
BILLS-110s2985.txt,5
BILLS-118s2889.txt,9
BILLS-110s3443.txt,8
BILLS-109s1703.txt,6
BILLS-108s2578.txt,5
BILLS-109s140.txt,0
BILLS-108s1716.txt,7
BILLS-110s547.txt,0
BILLS-108hr2632.txt,5
BILLS-116s2261.txt,10
BILLS-113s484.txt,6
BILLS-113hr869.txt,8
BILLS-111hr2751.txt,8
BILLS-111s1241.txt,3
BILLS-117s4604.txt,6
BILLS-111s1527.txt,7
BILLS-113hr2896.txt,7
BILLS-110s3442.txt,2
BILLS-118s4221.txt,5
BILLS-118hr7444.txt,7
BILLS-109hr1774.txt,9
BILLS-113hr1347.txt,2
BILLS-116hres1248.txt,7
BILLS-115hr3806.txt,0
BILLS-110hr609.txt,7
BILLS-107s1455.txt,5
BILLS-108s435.txt,5
BILLS-107hr2909.txt,5
BILLS-113s2096.txt,1
BILLS-110s235.txt,5
BILLS-112hr869.txt,5
BILLS-112hr6715.txt,4
BILLS-116s4162.txt,5
BILLS-108s421.txt,8
BILLS-116hr30.txt,2
BILLS-114s611.txt,8
BILLS-115sres374.txt,5
BILLS-109s1716.txt,4
BILLS-113hr5653.txt,5
BILLS-115hr1963.txt,5
BILLS-111s1255.txt,7
BILLS-113hr3222.txt,5
BILLS-113s2928.txt,4
BILLS-108s347.txt,8
BILLS-109s4108.txt,3
BILLS-117hres1178.txt,6
BILLS-110s2006.txt,5
BILLS-111sres484.txt,5
BILLS-113s2900.txt,8
BILLS-108hr376.txt,5
BILLS-117hr4092.txt,9
BILLS-109s4120.txt,5
BILLS-118hr3178.txt,6
BILLS-118sjres98.txt,3
BILLS-110hr635.txt,6
BILLS-115s1934.txt,4
BILLS-117s922.txt,3
BILLS-108hr4519.txt,5
BILLS-116hres947.txt,7
BILLS-118hr1009.txt,7
BILLS-112hr3645.txt,4
BILLS-109hr362.txt,8
BILLS-108hr1461.txt,8
BILLS-113hr3578.txt,5
BILLS-111hr5770.txt,5
BILLS-108hr1475.txt,5
BILLS-111hres288.txt,8
BILLS-106s2606.txt,7
BILLS-112hr855.txt,8
BILLS-117hr4938.txt,6
BILLS-114s2583.txt,9
BILLS-108hr3262.txt,3
BILLS-109s168.txt,5
BILLS-118hres1051.txt,0
BILLS-109hr2533.txt,5
BILLS-116s2249.txt,0
BILLS-108sres127.txt,3
BILLS-117hr1115.txt,5
BILLS-117s3816.txt,7
BILLS-113hr5684.txt,4
BILLS-114hr1445.txt,4
BILLS-117hr3702.txt,5
BILLS-118hr3187.txt,5
BILLS-109s3868.txt,8
BILLS-117hr5373.txt,7
BILLS-117s705.txt,3
BILLS-111hr6292.txt,9
BILLS-115s1713.txt,8
BILLS-114s2568.txt,7
BILLS-109hr4817.txt,5
BILLS-107sconres107.txt,8
BILLS-110s2947.txt,6
BILLS-117hr1673.txt,4
BILLS-110s3495.txt,9
BILLS-112hr3876.txt,5
BILLS-110s2953.txt,2
BILLS-115hr6771.txt,3
BILLS-113hr3587.txt,7
BILLS-118hr8978.txt,7
BILLS-115s1707.txt,5
BILLS-118hr5284.txt,5
BILLS-116s502.txt,5
BILLS-106hr5340.txt,5
BILLS-113s335.txt,8
BILLS-111s783.txt,8
BILLS-111s3481.txt,8
BILLS-109s197.txt,5
BILLS-118hr4824.txt,8
BILLS-117hr491.txt,9
BILLS-112s898.txt,8
BILLS-117hr2408.txt,5
BILLS-112hr1907.txt,8
BILLS-113hr5848.txt,0
BILLS-111hr3498.txt,5
BILLS-115hr1778.txt,2
BILLS-115s3676.txt,7
BILLS-112s2041.txt,2
BILLS-110hr6839.txt,5
BILLS-115hr4628.txt,4
BILLS-109hr4195.txt,5
BILLS-113s1212.txt,5
BILLS-115s3138.txt,5
BILLS-118hr8788.txt,8
BILLS-115hr6759.txt,8
BILLS-116hres984.txt,0
BILLS-118hr922.txt,5
BILLS-117s1783.txt,7
BILLS-114hr2616.txt,7
BILLS-111sres335.txt,5
BILLS-114hres845.txt,8
BILLS-110hconres252.txt,3
BILLS-113s1560.txt,5
BILLS-108s2592.txt,2
BILLS-116hr1572.txt,8
BILLS-117s4189.txt,8
BILLS-113s1206.txt,9
BILLS-114hr373.txt,5
BILLS-109hr3836.txt,2
BILLS-112s1574.txt,9
BILLS-117hr4045.txt,2
BILLS-116s4823.txt,9
BILLS-115hr401.txt,5
BILLS-116hr5072.txt,5
BILLS-116s258.txt,8
BILLS-109hr4181.txt,7
BILLS-111s967.txt,3
BILLS-108hr4727.txt,5
BILLS-110s1057.txt,8
BILLS-111hr6053.txt,5
BILLS-107hconres520.txt,5
BILLS-107s1657.txt,5
BILLS-113s2280.txt,2
BILLS-106hr5195.txt,8
BILLS-113hr1145.txt,0
BILLS-111hres1085.txt,3
BILLS-113s1789.txt,0
BILLS-107s3040.txt,7
BILLS-118s2452.txt,8
BILLS-118s2334.txt,1
BILLS-113hr3034.txt,8
BILLS-112sres307.txt,5
BILLS-114hr1684.txt,7
BILLS-112s2294.txt,8
BILLS-118hr8213.txt,2
BILLS-110s3126.txt,4
BILLS-109hr1210.txt,5
BILLS-114hr3093.txt,5
BILLS-117hr644.txt,4
BILLS-116hr4191.txt,5
BILLS-114hr4930.txt,0
BILLS-107hr4808.txt,7
BILLS-118hr275.txt,5
BILLS-116s4406.txt,9
BILLS-118hr5723.txt,8
BILLS-108s2009.txt,5
BILLS-112hr3309.txt,3
BILLS-109hr148.txt,5
BILLS-110s3654.txt,6
BILLS-113hr5337.txt,3
BILLS-111hr4888.txt,4
BILLS-111s1731.txt,0
BILLS-114hr830.txt,8
BILLS-111hr3117.txt,5
BILLS-113hr4001.txt,8
BILLS-112hr4328.txt,8
BILLS-111s1719.txt,4
BILLS-118s179.txt,9
BILLS-107hr237.txt,0
BILLS-111hr1700.txt,4
BILLS-114s2795.txt,7
BILLS-109s2035.txt,5
BILLS-117hr2187.txt,2
BILLS-108hr5405.txt,3
BILLS-116s5056.txt,9
BILLS-112hr1536.txt,5
BILLS-110s779.txt,5
BILLS-108hr174.txt,5
BILLS-115s1288.txt,5
BILLS-112hr3321.txt,3
BILLS-116hconres47.txt,5
BILLS-115hr1591.txt,5
BILLS-111hr3671.txt,8
BILLS-117hr7799.txt,0
BILLS-109hr606.txt,6
BILLS-118hr6216.txt,7
BILLS-111hr5214.txt,8
BILLS-114sres244.txt,9
BILLS-118hres631.txt,5
BILLS-106s2362.txt,5
BILLS-112hr1522.txt,2
BILLS-107hr4834.txt,5
BILLS-108hr160.txt,5
BILLS-108hr5377.txt,7
BILLS-109s2747.txt,8
BILLS-108hr4069.txt,5
BILLS-108s179.txt,7
BILLS-108hr3706.txt,7
BILLS-118hjres174.txt,0
BILLS-107hr223.txt,5
BILLS-118hr5079.txt,3
BILLS-117s1556.txt,5
BILLS-111hr351.txt,7
BILLS-108s2753.txt,0
BILLS-113hr316.txt,6
BILLS-115hr6567.txt,3
BILLS-108s2960.txt,5
BILLS-118hr7685.txt,8
BILLS-118hr2925.txt,2
BILLS-107hres560.txt,8
BILLS-110sres577.txt,6
BILLS-115hr4370.txt,3
BILLS-117s507.txt,8
BILLS-108s192.txt,2
BILLS-112hr302.txt,3
BILLS-106s2389.txt,5
BILLS-114s3312.txt,3
BILLS-118hr3385.txt,5
BILLS-117sres712.txt,5
BILLS-112s456.txt,5
BILLS-114hr1647.txt,2
BILLS-117hr8455.txt,8
BILLS-118hres802.txt,10
BILLS-118hr1586.txt,3
BILLS-115s1263.txt,9
BILLS-114s2018.txt,3
BILLS-112s1992.txt,7
BILLS-108hr5388.txt,4
BILLS-115hr2715.txt,4
BILLS-112s324.txt,6
BILLS-108hr4928.txt,9
BILLS-108hr2381.txt,3
BILLS-112hr470.txt,7
BILLS-118s3943.txt,4
BILLS-114s1277.txt,7
BILLS-114hr1135.txt,8
BILLS-115s3312.txt,7
BILLS-107s1870.txt,9
BILLS-112s3613.txt,8
BILLS-110s962.txt,7
BILLS-112hjres21.txt,3
BILLS-117hr4253.txt,8
BILLS-113s679.txt,8
BILLS-114hr2372.txt,5
BILLS-108hr3909.txt,5
BILLS-114s2024.txt,7
BILLS-115hr5720.txt,5
BILLS-106hr5618.txt,4
BILLS-110hr386.txt,4
BILLS-115hr1546.txt,4
BILLS-115hr6229.txt,4
BILLS-116hr7467.txt,5
BILLS-115s2030.txt,5
BILLS-112s3607.txt,2
BILLS-116hr7301.txt,3
BILLS-116s5081.txt,8
BILLS-117hr2150.txt,5
BILLS-114s2805.txt,7
BILLS-111hr1890.txt,7
BILLS-108s1306.txt,4
BILLS-118hr1343.txt,5
BILLS-114hr950.txt,3
BILLS-107s3134.txt,5
BILLS-118s4157.txt,7
BILLS-115s2811.txt,7
BILLS-117s2665.txt,9
BILLS-108s2169.txt,8
BILLS-114hr4688.txt,7
BILLS-113hres765.txt,9
BILLS-107s1045.txt,8
BILLS-118hr5657.txt,8
BILLS-108hr4121.txt,5
BILLS-115hr950.txt,5
BILLS-114hr4844.txt,3
BILLS-109s3511.txt,3
BILLS-107s1051.txt,7
BILLS-117hr2965.txt,5
BILLS-113hr1743.txt,8
BILLS-118hres779.txt,5
BILLS-117s4566.txt,8
BILLS-114hr944.txt,8
BILLS-111hr2355.txt,7
BILLS-116hr1823.txt,0
BILLS-118hr3540.txt,5
BILLS-116hr4783.txt,0
BILLS-107s1737.txt,5
BILLS-108hr3128.txt,5
BILLS-108s2633.txt,5
BILLS-113s1819.txt,5
BILLS-109hr6351.txt,2
BILLS-113sres141.txt,3
BILLS-109hr5658.txt,8
BILLS-108hr766.txt,4
BILLS-118hr4561.txt,8
BILLS-118s3162.txt,4
BILLS-110s2370.txt,5
BILLS-110hr2732.txt,5
BILLS-113hr2276.txt,7
BILLS-109hr6423.txt,5
BILLS-110s2364.txt,8
BILLS-116s3221.txt,8
BILLS-111hr1106.txt,2
BILLS-108s1448.txt,3
BILLS-109s2633.txt,3
BILLS-106s2216.txt,4
BILLS-117hr4496.txt,5
BILLS-116hr4967.txt,9
BILLS-116s2881.txt,4
BILLS-109hr89.txt,3
BILLS-113hr4161.txt,5
BILLS-115hr1397.txt,5
BILLS-118s4194.txt,8
BILLS-118hr1380.txt,6
BILLS-107s301.txt,6
BILLS-108hr4690.txt,5
BILLS-107s1938.txt,6
BILLS-111s3085.txt,5
BILLS-111hr1853.txt,4
BILLS-107s1086.txt,9
BILLS-116hr4032.txt,8
BILLS-112hr5803.txt,5
BILLS-115s3514.txt,9
BILLS-115hr2107.txt,3
BILLS-107hr5479.txt,6
BILLS-116s674.txt,9
BILLS-114s3514.txt,8
BILLS-115hr2661.txt,3
BILLS-118s4180.txt,8
BILLS-116hr5476.txt,5
BILLS-114s2622.txt,5
BILLS-114hr2560.txt,2
BILLS-112s278.txt,5
BILLS-117hr1539.txt,4
BILLS-112hr3296.txt,6
BILLS-110s1862.txt,4
BILLS-109hr2686.txt,8
BILLS-113hr1964.txt,0
BILLS-115hr7043.txt,5
BILLS-107hr1145.txt,7
BILLS-110hr5934.txt,5
BILLS-117s4599.txt,5
BILLS-110hr2083.txt,8
BILLS-111sconres39.txt,5
BILLS-107hr3752.txt,1
BILLS-109s2196.txt,8
BILLS-109hr4591.txt,9
BILLS-115hr3543.txt,7
BILLS-108hr4860.txt,5
BILLS-118hr2879.txt,4
BILLS-106hr5585.txt,8
BILLS-112hr6113.txt,4
BILLS-108hr5029.txt,5
BILLS-109s2419.txt,5
BILLS-113s2848.txt,4
BILLS-116hr2682.txt,5
BILLS-116s4764.txt,7
BILLS-110s1447.txt,5
BILLS-108hr4337.txt,5
BILLS-118s2042.txt,7
BILLS-110hr5263.txt,9
BILLS-116hr240.txt,8
BILLS-109s1110.txt,5
BILLS-110s3250.txt,0
BILLS-117hr6915.txt,5
BILLS-113hr5733.txt,8
BILLS-112hr2375.txt,0
BILLS-109hr1600.txt,6
BILLS-113hr5055.txt,4
BILLS-110hres964.txt,3
BILLS-110hr5505.txt,6
BILLS-116hr6382.txt,2
BILLS-117hr4864.txt,8
BILLS-110s1321.txt,7
BILLS-118hr3756.txt,8
BILLS-118s1239.txt,9
BILLS-107hr2869.txt,9
BILLS-109s746.txt,7
BILLS-106s2996.txt,4
BILLS-116s2467.txt,8
BILLS-115hr3966.txt,4
BILLS-111sjres19.txt,5
BILLS-117hr1908.txt,7
BILLS-110hr5511.txt,5
BILLS-113hr4439.txt,6
BILLS-114hr6289.txt,5
BILLS-118s3348.txt,8
BILLS-111s3536.txt,3
BILLS-113s2684.txt,3
BILLS-112hr1668.txt,5
BILLS-110s427.txt,4
BILLS-118hr5455.txt,3
BILLS-109hr3765.txt,3
BILLS-118hr4993.txt,5
BILLS-108s1676.txt,3
BILLS-108s2357.txt,6
BILLS-115hr4947.txt,6
BILLS-117hr268.txt,7
BILLS-112hr1126.txt,2
BILLS-117hr4680.txt,5
BILLS-112hres655.txt,5
BILLS-118hjres92.txt,5
BILLS-118hres221.txt,5
BILLS-111hr3275.txt,6
BILLS-111hr5604.txt,4
BILLS-115hr6822.txt,5
BILLS-111hr1462.txt,3
BILLS-118s1205.txt,7
BILLS-110hr6024.txt,7
BILLS-111sjres25.txt,6
BILLS-108hr216.txt,8
BILLS-108hr5001.txt,8
BILLS-115hr7282.txt,5
BILLS-110hr4155.txt,8
BILLS-113hr935.txt,3
BILLS-111hr4297.txt,5
BILLS-114s1673.txt,4
BILLS-118hr5482.txt,3
BILLS-114hr4449.txt,5
BILLS-116hr4230.txt,8
BILLS-113s2653.txt,3
BILLS-117hr3676.txt,4
BILLS-108s40.txt,5
BILLS-111s185.txt,8
BILLS-113s255.txt,9
BILLS-112hr712.txt,5
BILLS-117hr297.txt,8
BILLS-111hr1489.txt,3
BILLS-114hr3440.txt,7
BILLS-115hr3769.txt,6
BILLS-107s117.txt,4
BILLS-118hr1196.txt,9
BILLS-110s2827.txt,3
BILLS-118s4382.txt,7
BILLS-116hr5884.txt,3
BILLS-111s191.txt,7
BILLS-114hr5025.txt,5
BILLS-113s2121.txt,5
BILLS-113s241.txt,8
BILLS-114hr3454.txt,5
BILLS-107hr2114.txt,6
BILLS-118s2095.txt,0
BILLS-111hr966.txt,5
BILLS-113hr712.txt,8
BILLS-117hr1075.txt,9
BILLS-116s1813.txt,8
BILLS-111hr2802.txt,4
BILLS-116hr1374.txt,2
BILLS-117hr9367.txt,8
BILLS-109s1851.txt,7
BILLS-113s269.txt,8
BILLS-115s1883.txt,5
BILLS-114hr4313.txt,2
BILLS-114s2420.txt,5
BILLS-118hr3971.txt,9
BILLS-109s961.txt,5
BILLS-118hr3965.txt,7
BILLS-115s2346.txt,8
BILLS-118s2917.txt,7
BILLS-110hr4196.txt,7
BILLS-117hr7438.txt,3
BILLS-118hres584.txt,9
BILLS-110hr3821.txt,5
BILLS-115s1129.txt,3
BILLS-117hr3886.txt,8
BILLS-109s3934.txt,5
BILLS-108s1851.txt,5
BILLS-112s1400.txt,8
BILLS-107hr2128.txt,4
BILLS-115hr7279.txt,9
BILLS-107s675.txt,0
BILLS-116s1817.txt,7
BILLS-115s3706.txt,4
BILLS-112s2131.txt,8
BILLS-113s2643.txt,5
BILLS-116hr2651.txt,5
BILLS-111hr6490.txt,4
BILLS-114hr3336.txt,9
BILLS-111hr1499.txt,2
BILLS-117hr5571.txt,8
BILLS-114hr2996.txt,5
BILLS-115hr3779.txt,5
BILLS-108hr4482.txt,8
BILLS-113s245.txt,0
BILLS-113s2125.txt,5
BILLS-106hr5230.txt,5
BILLS-109hr4973.txt,2
BILLS-114hr559.txt,5
BILLS-113hr5086.txt,7
BILLS-112hr3906.txt,3
BILLS-112s3549.txt,8
BILLS-118hr1192.txt,4
BILLS-111hr2190.txt,9
BILLS-109s1869.txt,8
BILLS-118hjres69.txt,2
BILLS-107s107.txt,4
BILLS-117s1817.txt,7
BILLS-114hr2982.txt,8
BILLS-115hr54.txt,0
BILLS-113s2131.txt,5
BILLS-111s3283.txt,6
BILLS-116sconres15.txt,5
BILLS-111s2823.txt,5
BILLS-118hr4940.txt,3
BILLS-116s300.txt,3
BILLS-107s2951.txt,4
BILLS-118hr7291.txt,5
BILLS-111hres475.txt,9
BILLS-114hr2014.txt,9
BILLS-109hr3946.txt,3
BILLS-117sres448.txt,5
BILLS-108s1855.txt,4
BILLS-110hr6785.txt,0
BILLS-116hr5102.txt,8
BILLS-111sres523.txt,3
BILLS-112hr3084.txt,5
BILLS-113s1376.txt,3
BILLS-113sres390.txt,6
BILLS-117hr6044.txt,5
BILLS-107hr3554.txt,8
BILLS-110hr1798.txt,8
BILLS-117s649.txt,6
BILLS-114hr3478.txt,3
BILLS-110sres639.txt,8
BILLS-114hr6500.txt,0
BILLS-111hres1308.txt,9
BILLS-109s1855.txt,5
BILLS-115hr1146.txt,6
BILLS-117hr6050.txt,8
BILLS-111hr2806.txt,6
BILLS-107hr1431.txt,7
BILLS-116hr8432.txt,8
BILLS-116hr4208.txt,5
BILLS-112s718.txt,3
BILLS-109hr3952.txt,3
BILLS-117hr2550.txt,5
BILLS-113s2858.txt,7
BILLS-116hr2692.txt,6
BILLS-116s4774.txt,1
BILLS-115s214.txt,6
BILLS-110hr1015.txt,4
BILLS-113hr1545.txt,5
BILLS-110s3240.txt,6
BILLS-113s1389.txt,5
BILLS-118s545.txt,0
BILLS-117s3769.txt,8
BILLS-118s2734.txt,5
BILLS-117hr9388.txt,9
BILLS-114hr1284.txt,8
BILLS-107s2038.txt,2
BILLS-118s4345.txt,7
BILLS-112hr919.txt,2
BILLS-118hr2458.txt,5
BILLS-108s551.txt,8
BILLS-115s572.txt,7
BILLS-108hr4441.txt,0
BILLS-116hr5857.txt,10
BILLS-107s1525.txt,5
BILLS-109hr5462.txt,0
BILLS-116hr4591.txt,7
BILLS-117hr250.txt,4
BILLS-113hres205.txt,3
BILLS-115s566.txt,8
BILLS-117s4774.txt,5
BILLS-111hr2147.txt,7
BILLS-116hr7098.txt,8
BILLS-112hr2417.txt,3
BILLS-114hr1290.txt,5
BILLS-117s2305.txt,5
BILLS-118hr1623.txt,3
BILLS-107s2992.txt,5
BILLS-111s1331.txt,4
BILLS-115hr1807.txt,2
BILLS-116hr244.txt,6
BILLS-110s1443.txt,3
BILLS-108hr4333.txt,2
BILLS-118hr5445.txt,5
BILLS-109hr3775.txt,7
BILLS-108s87.txt,2
BILLS-114s1844.txt,4
BILLS-113hr2070.txt,4
BILLS-117s5324.txt,3
BILLS-112s917.txt,5
BILLS-115hr5491.txt,5
BILLS-108hr5005.txt,3
BILLS-117s1624.txt,5
BILLS-115hres346.txt,7
BILLS-111s3268.txt,5
BILLS-117hr4690.txt,8
BILLS-108hr3312.txt,5
BILLS-111sres286.txt,2
BILLS-110hr2246.txt,5
BILLS-117hr7399.txt,6
BILLS-109s1882.txt,8
BILLS-117hjres34.txt,3
BILLS-107hr1380.txt,10
BILLS-109hr1638.txt,3
BILLS-116hr8397.txt,3
BILLS-117s2339.txt,6
BILLS-117s4990.txt,3
BILLS-115s1844.txt,3
BILLS-117hr4684.txt,5
BILLS-112hr1122.txt,6
BILLS-118hr891.txt,8
BILLS-108hr4469.txt,5
BILLS-115hr5485.txt,6
BILLS-107hr5694.txt,8
BILLS-107s2776.txt,8
BILLS-111hr3503.txt,8
BILLS-116s1624.txt,5
BILLS-108s2353.txt,5
BILLS-114hr983.txt,5
BILLS-113s2327.txt,7
BILLS-117s463.txt,5
BILLS-107s1928.txt,5
BILLS-108hr951.txt,5
BILLS-116hr2453.txt,2
BILLS-115hr6365.txt,4
BILLS-118s784.txt,8
BILLS-117hr8525.txt,8
BILLS-118s2287.txt,5
BILLS-112hr5807.txt,4
BILLS-116hr3981.txt,5
BILLS-114hr3120.txt,8
BILLS-108hr3845.txt,5
BILLS-118hr2855.txt,7
BILLS-107hr2460.txt,9
BILLS-117hr2008.txt,8
BILLS-108hr945.txt,2
BILLS-111hr2386.txt,8
BILLS-111s1696.txt,6
BILLS-117hr1501.txt,5
BILLS-118s4190.txt,8
BILLS-108hr4864.txt,4
BILLS-116hr4778.txt,5
BILLS-118hres34.txt,4
BILLS-109hr4595.txt,7
BILLS-107s1914.txt,4
BILLS-111hr4907.txt,8
BILLS-110hr3399.txt,8
BILLS-116hr7271.txt,5
BILLS-116hr8142.txt,5
BILLS-114hr6070.txt,5
BILLS-114sres66.txt,6
BILLS-112hr3286.txt,8
BILLS-118hr5874.txt,7
BILLS-114hr4673.txt,7
BILLS-106hr4462.txt,4
BILLS-108hr3879.txt,3
BILLS-110s1866.txt,6
BILLS-107hr5455.txt,4
BILLS-112hr1485.txt,7
BILLS-117hr8519.txt,8
BILLS-116hr8630.txt,5
BILLS-117s3580.txt,5
BILLS-112hr3292.txt,2
BILLS-111hr4913.txt,4
BILLS-115hr5122.txt,5
BILLS-114hr2564.txt,8
BILLS-114s2626.txt,5
BILLS-114hr79.txt,5
BILLS-107s1900.txt,0
BILLS-116hr5499.txt,5
BILLS-111hconres106.txt,7
BILLS-107hr3971.txt,5
BILLS-116s2661.txt,0
BILLS-112hr6467.txt,5
BILLS-112s297.txt,5
BILLS-114hr1086.txt,5
BILLS-109hr1412.txt,6
BILLS-116hr6190.txt,5
BILLS-109s1464.txt,0
BILLS-117hr7819.txt,6
BILLS-118hr1435.txt,2
BILLS-107hr1800.txt,9
BILLS-113hr5521.txt,8
BILLS-110s3042.txt,6
BILLS-109s3515.txt,9
BILLS-117hr2961.txt,7
BILLS-116s2107.txt,7
BILLS-113s2482.txt,8
BILLS-109hr3563.txt,9
BILLS-114hr4698.txt,4
BILLS-116s4576.txt,0
BILLS-116hr2490.txt,6
BILLS-110s635.txt,8
BILLS-117s1368.txt,6
BILLS-117hr2975.txt,6
BILLS-118s96.txt,6
BILLS-114s211.txt,8
BILLS-109s232.txt,8
BILLS-109hr3577.txt,5
BILLS-115hr940.txt,5
BILLS-118s2244.txt,5
BILLS-117s2661.txt,7
BILLS-110s3056.txt,7
BILLS-118hr8363.txt,6
BILLS-118s4153.txt,7
BILLS-111hr4734.txt,8
BILLS-112hres84.txt,9
BILLS-108hr986.txt,3
BILLS-111s3042.txt,5
BILLS-117hr4492.txt,5
BILLS-114s2829.txt,5
BILLS-114s239.txt,4
BILLS-110hr6544.txt,4
BILLS-108s2145.txt,3
BILLS-110hr4353.txt,5
BILLS-111hr5370.txt,4
BILLS-117s3543.txt,8
BILLS-118hr6372.txt,7
BILLS-115hr7090.txt,5
BILLS-108s2151.txt,7
BILLS-116s1426.txt,6
BILLS-116hr6806.txt,5
BILLS-118s4609.txt,5
BILLS-117s1354.txt,8
BILLS-110s609.txt,5
BILLS-111hr1116.txt,0
BILLS-116s87.txt,8
BILLS-115hr3590.txt,9
BILLS-116sres593.txt,9
BILLS-110hr547.txt,8
BILLS-117s1432.txt,8
BILLS-108hr762.txt,4
BILLS-109hr6355.txt,5
BILLS-118hr8439.txt,0
BILLS-112hr3537.txt,1
BILLS-114hr968.txt,5
BILLS-111hr5416.txt,4
BILLS-116hr1990.txt,5
BILLS-108s2970.txt,5
BILLS-118hr7695.txt,0
BILLS-118s1836.txt,5
BILLS-107hr2266.txt,10
BILLS-115s1267.txt,4
BILLS-107hr3178.txt,8
BILLS-113s60.txt,7
BILLS-118s828.txt,1
BILLS-107s517.txt,5
BILLS-117hres668.txt,8
BILLS-116hr8778.txt,5
BILLS-117hr8451.txt,5
BILLS-111s3693.txt,5
BILLS-114hr5425.txt,5
BILLS-117s265.txt,5
BILLS-108s196.txt,5
BILLS-113s899.txt,6
BILLS-106s3093.txt,5
BILLS-109s385.txt,5
BILLS-114s2008.txt,7
BILLS-112hr460.txt,6
BILLS-117hr5613.txt,5
BILLS-117hr3262.txt,3
BILLS-115hr2705.txt,2
BILLS-115hr149.txt,0
BILLS-116s738.txt,4
BILLS-109hr5927.txt,8
BILLS-115hr3433.txt,7
BILLS-117hr2154.txt,0
BILLS-115hr5042.txt,8
BILLS-115hr1224.txt,0
BILLS-107s259.txt,5
BILLS-110hr2695.txt,5
BILLS-115hr3355.txt,4
BILLS-111s3863.txt,9
BILLS-109s2780.txt,8
BILLS-106hr4502.txt,7
BILLS-115hr5730.txt,5
BILLS-116hr3611.txt,2
BILLS-107hr3150.txt,3
BILLS-117hr2626.txt,7
BILLS-114hr4707.txt,5
BILLS-111sres641.txt,4
BILLS-116hr5260.txt,3
BILLS-112hr5797.txt,5
BILLS-113hr4978.txt,6
BILLS-114hr1119.txt,4
BILLS-108s2958.txt,5
BILLS-116hr1760.txt,4
BILLS-116hr5506.txt,8
BILLS-116sres424.txt,5
BILLS-117hr2140.txt,7
BILLS-112hr6513.txt,8
BILLS-113s2290.txt,5
BILLS-109s2019.txt,7
BILLS-109s1510.txt,8
BILLS-118hr1227.txt,0
BILLS-110s3650.txt,6
BILLS-111hr369.txt,9
BILLS-107s2428.txt,7
BILLS-114hr1694.txt,5
BILLS-110hr3574.txt,8
BILLS-107hr1974.txt,5
BILLS-116s4402.txt,3
BILLS-112s1955.txt,3
BILLS-114s371.txt,3
BILLS-116hr3822.txt,8
BILLS-118hr3356.txt,5
BILLS-113hr1633.txt,4
BILLS-117s1208.txt,8
BILLS-118hr4439.txt,5
BILLS-108hr4045.txt,5
BILLS-110s1735.txt,3
BILLS-108s155.txt,5
BILLS-118sres763.txt,9
BILLS-116hr3836.txt,5
BILLS-118hjres158.txt,2
BILLS-111s552.txt,7
BILLS-118hr7124.txt,0
BILLS-112s2290.txt,5
BILLS-116hr6796.txt,7
BILLS-112sres465.txt,7
BILLS-111hr4898.txt,4
BILLS-112hr2761.txt,5
BILLS-110s3644.txt,5
BILLS-118s4027.txt,6
BILLS-112hr6507.txt,4
BILLS-106hr5191.txt,7
BILLS-113s2284.txt,5
BILLS-111hr6057.txt,5
BILLS-110s1053.txt,8
BILLS-117s1552.txt,4
BILLS-110hr7048.txt,5
BILLS-116s5046.txt,5
BILLS-109hr2053.txt,7
BILLS-113hr1169.txt,3
BILLS-115hr5081.txt,3
BILLS-107hr227.txt,2
BILLS-110hr6356.txt,2
BILLS-109s2025.txt,7
BILLS-107hr3187.txt,5
BILLS-115s1298.txt,5
BILLS-118s1611.txt,5
BILLS-118s4769.txt,1
BILLS-110hr2656.txt,8
BILLS-114hr1870.txt,8
BILLS-110s2214.txt,0
BILLS-110hr5139.txt,2
BILLS-117s2729.txt,0
BILLS-112hr3325.txt,7
BILLS-109hr2721.txt,4
BILLS-108hr2408.txt,8
BILLS-118hr4377.txt,5
BILLS-109hr2047.txt,5
BILLS-108hr3070.txt,6
BILLS-117hr2183.txt,4
BILLS-107s3078.txt,7
BILLS-111hr5562.txt,0
BILLS-118hr6560.txt,3
BILLS-117s3351.txt,8
BILLS-116s1234.txt,4
BILLS-117s3806.txt,8
BILLS-107s2831.txt,2
BILLS-114s1717.txt,3
BILLS-110hr6815.txt,9
BILLS-113s2737.txt,3
BILLS-116hr4354.txt,5
BILLS-111s787.txt,8
BILLS-113s331.txt,6
BILLS-116hr4432.txt,4
BILLS-113hr1394.txt,3
BILLS-116hr2043.txt,9
BILLS-117hres318.txt,6
BILLS-117hr1663.txt,9
BILLS-112hr3872.txt,4
BILLS-110s3491.txt,5
BILLS-114hr1327.txt,2
BILLS-113hr2689.txt,7
BILLS-118hr6945.txt,5
BILLS-117hr7206.txt,7
BILLS-110s2943.txt,8
BILLS-106hr5350.txt,2
BILLS-108hr2193.txt,6
BILLS-116hr3349.txt,3
BILLS-116s3806.txt,5
BILLS-110s1292.txt,4
BILLS-106s2831.txt,8
BILLS-111sres319.txt,4
BILLS-117hr481.txt,8
BILLS-115hr2261.txt,7
BILLS-116hr4340.txt,8
BILLS-118hr3183.txt,0
BILLS-115hr6007.txt,3
BILLS-116hr1238.txt,5
BILLS-114s1703.txt,3
BILLS-108hr2805.txt,4
BILLS-115s1059.txt,4
BILLS-116s4827.txt,4
BILLS-116s1787.txt,1
BILLS-117hr6130.txt,7
BILLS-110hr4780.txt,4
BILLS-107hr1237.txt,3
BILLS-117hr3048.txt,8
BILLS-112hr892.txt,8
BILLS-114hr2606.txt,3
BILLS-107hr3420.txt,5
BILLS-115hjres56.txt,3
BILLS-113s319.txt,7
BILLS-110hr1834.txt,8
BILLS-107hr3434.txt,7
BILLS-116hr5704.txt,3
BILLS-116hr1562.txt,5
BILLS-114hr6474.txt,0
BILLS-116s248.txt,7
BILLS-117hr2424.txt,5
BILLS-112s1564.txt,6
BILLS-117sres528.txt,5
BILLS-115hr5532.txt,7
BILLS-109hr3615.txt,5
BILLS-117hr456.txt,7
BILLS-111hr1248.txt,5
BILLS-110s1523.txt,8
BILLS-114hr3281.txt,7
BILLS-112s3398.txt,7
BILLS-113hr3226.txt,2
BILLS-116hr6580.txt,3
BILLS-111hr2741.txt,7
BILLS-115hr1967.txt,5
BILLS-110hr3776.txt,8
BILLS-118s2898.txt,5
BILLS-118hr7454.txt,4
BILLS-111hres1297.txt,5
BILLS-111hr3339.txt,6
BILLS-111s1537.txt,6
BILLS-108s2569.txt,2
BILLS-111hr2027.txt,3
BILLS-116hr1589.txt,5
BILLS-110s1245.txt,4
BILLS-108s425.txt,8
BILLS-108hr2144.txt,0
BILLS-116hres1258.txt,9
BILLS-112hr6711.txt,5
BILLS-118hr5257.txt,8
BILLS-108s431.txt,7
BILLS-117s2271.txt,5
BILLS-111s1523.txt,6
BILLS-118s2654.txt,9
BILLS-110s2758.txt,2
BILLS-117s5278.txt,7
BILLS-114hr1482.txt,8
BILLS-114s1918.txt,8
BILLS-118s4543.txt,5
BILLS-117s2517.txt,3
BILLS-108hr5159.txt,0
BILLS-111s3452.txt,8
BILLS-113s2938.txt,6
BILLS-111hr6533.txt,4
BILLS-117s3621.txt,8
BILLS-113hr4575.txt,7
BILLS-116hr318.txt,5
BILLS-108s2233.txt,7
BILLS-110hr2454.txt,6
BILLS-114s1930.txt,8
BILLS-111hr631.txt,8
BILLS-107hr1592.txt,5
BILLS-117hr4082.txt,8
BILLS-111s2764.txt,0
BILLS-107hr743.txt,3
BILLS-117hr3935.txt,5
BILLS-110hr6154.txt,2
BILLS-107hr2925.txt,5
BILLS-114s2587.txt,8
BILLS-118hr4161.txt,4
BILLS-109hr6037.txt,3
BILLS-109hr372.txt,8
BILLS-110s2770.txt,7
BILLS-118s4219.txt,5
BILLS-109hr6023.txt,3
BILLS-111hr3311.txt,7
BILLS-117hr1850.txt,3
BILLS-118s2668.txt,6
BILLS-117hr2381.txt,5
BILLS-111hconres258.txt,5
BILLS-118hr2504.txt,8
BILLS-116s3621.txt,4
BILLS-107hr5086.txt,7
BILLS-112hr845.txt,3
BILLS-110hr157.txt,6
BILLS-108hr3514.txt,4
BILLS-107hr757.txt,5
BILLS-115s2587.txt,2
BILLS-118hres423.txt,9
BILLS-116s1750.txt,8
BILLS-117hr6859.txt,5
BILLS-111hr625.txt,0
BILLS-111s3309.txt,5
BILLS-116s3620.txt,0
BILLS-118hr2505.txt,6
BILLS-109hr1995.txt,5
BILLS-116hres942.txt,5
BILLS-118hr8996.txt,8
BILLS-112hr3640.txt,7
BILLS-108s2540.txt,5
BILLS-118s4218.txt,3
BILLS-111hr3476.txt,6
BILLS-118hres422.txt,5
BILLS-118s418.txt,8
BILLS-107sres180.txt,8
BILLS-111hr2768.txt,5
BILLS-115s2586.txt,4
BILLS-109s179.txt,5
BILLS-108hr5164.txt,5
BILLS-118hr4612.txt,3
BILLS-116sres196.txt,5
BILLS-113s2911.txt,8
BILLS-111hr1275.txt,6
BILLS-115hres555.txt,5
BILLS-118hr4606.txt,3
BILLS-109hr5259.txt,7
BILLS-107s927.txt,6
BILLS-116hr319.txt,9
BILLS-110s2017.txt,10
BILLS-108s2554.txt,5
BILLS-112hr3654.txt,5
BILLS-117s2258.txt,8
BILLS-107hr2924.txt,6
BILLS-111hr5985.txt,4
BILLS-110s3447.txt,5
BILLS-107s1450.txt,3
BILLS-115hr3803.txt,5
BILLS-110hr1612.txt,7
BILLS-109hr3166.txt,8
BILLS-109hr4609.txt,8
BILLS-111hr6254.txt,4
BILLS-109s2568.txt,7
BILLS-111s989.txt,7
BILLS-115s375.txt,3
BILLS-113s481.txt,5
BILLS-110s542.txt,5
BILLS-111s2995.txt,8
BILLS-114hr1483.txt,5
BILLS-112s2093.txt,2
BILLS-110hr3777.txt,3
BILLS-109hr429.txt,5
BILLS-115hr1966.txt,4
BILLS-113hr3227.txt,2
BILLS-116hr7847.txt,5
BILLS-112s3399.txt,8
BILLS-108hr2623.txt,8
BILLS-109hr5265.txt,5
BILLS-116hr5936.txt,8
BILLS-115s1919.txt,8
BILLS-109hr3172.txt,5
BILLS-111s1536.txt,6
BILLS-117hr1879.txt,8
BILLS-115s2223.txt,7
BILLS-113hres25.txt,5
BILLS-108s2583.txt,8
BILLS-116hr5705.txt,2
BILLS-106hr4073.txt,5
BILLS-115hr3624.txt,8
BILLS-110s24.txt,8
BILLS-110hr1835.txt,9
BILLS-113s318.txt,3
BILLS-107hr5044.txt,9
BILLS-113s2078.txt,5
BILLS-115hr5255.txt,1
BILLS-107hr5722.txt,9
BILLS-109s2597.txt,5
BILLS-114hr4504.txt,0
BILLS-109s3851.txt,6
BILLS-115hr7330.txt,5
BILLS-112s2078.txt,2
BILLS-113sres583.txt,5
BILLS-107hr5736.txt,6
BILLS-112hr6089.txt,7
BILLS-116s3191.txt,5
BILLS-111hconres95.txt,8
BILLS-116hr5077.txt,2
BILLS-106s2818.txt,5
BILLS-114hr3519.txt,3
BILLS-117s1792.txt,5
BILLS-111hres1269.txt,5
BILLS-115hr4177.txt,8
BILLS-117s700.txt,5
BILLS-110hr817.txt,7
BILLS-109s838.txt,3
BILLS-115hr5269.txt,3
BILLS-116hr4427.txt,2
BILLS-112hr3867.txt,5
BILLS-113hr2850.txt,5
BILLS-112s3428.txt,4
BILLS-111hr803.txt,8
BILLS-118hr3182.txt,8
BILLS-116hr4341.txt,9
BILLS-117hr4068.txt,7
BILLS-107hr971.txt,4
BILLS-112hr1916.txt,10
BILLS-118hr4835.txt,5
BILLS-116hr4355.txt,3
BILLS-115hr438.txt,8
BILLS-115s1064.txt,5
BILLS-108s381.txt,0
BILLS-108hr4291.txt,5
BILLS-109s3879.txt,4
BILLS-107s700.txt,6
BILLS-107s2830.txt,4
BILLS-115s3673.txt,5
BILLS-109s1908.txt,3
BILLS-118hr7496.txt,5
BILLS-115s3115.txt,7
BILLS-116hr480.txt,2
BILLS-118s2682.txt,6
BILLS-117hr3075.txt,7
BILLS-116s3813.txt,6
BILLS-109hr2720.txt,8
BILLS-118s1604.txt,5
BILLS-107hr554.txt,0
BILLS-108hr3717.txt,0
BILLS-111hr1063.txt,3
BILLS-107hr3192.txt,5
BILLS-115hr3383.txt,5
BILLS-118hr6207.txt,5
BILLS-111hr5205.txt,8
BILLS-111hr340.txt,8
BILLS-109hr6220.txt,5
BILLS-112sres458.txt,5
BILLS-118hr6561.txt,5
BILLS-116s3422.txt,8
BILLS-115hr2923.txt,8
BILLS-109hr5729.txt,6
BILLS-109s2024.txt,5
BILLS-114s2784.txt,4
BILLS-113hr1168.txt,3
BILLS-107hr5291.txt,4
BILLS-117s1553.txt,8
BILLS-118hr4362.txt,5
BILLS-110hr7049.txt,0
BILLS-118hres152.txt,5
BILLS-111hr3106.txt,7
BILLS-118s3761.txt,6
BILLS-118s2319.txt,8
BILLS-114hr1871.txt,5
BILLS-115hr1580.txt,7
BILLS-107hr2298.txt,8
BILLS-108s1539.txt,8
BILLS-109hr4345.txt,5
BILLS-113hr3031.txt,5
BILLS-109hr1215.txt,9
BILLS-113hr5440.txt,5
BILLS-107hr4819.txt,8
BILLS-114hr2388.txt,5
BILLS-115hr835.txt,6
BILLS-115s611.txt,4
BILLS-108hr2353.txt,4
BILLS-107s3045.txt,9
BILLS-110s3651.txt,3
BILLS-109hr1567.txt,3
BILLS-118s154.txt,5
BILLS-118s3985.txt,8
BILLS-109s1511.txt,8
BILLS-118hr6549.txt,5
BILLS-109s2018.txt,5
BILLS-107s1646.txt,2
BILLS-113s697.txt,3
BILLS-116hr4194.txt,4
BILLS-109s353.txt,5
BILLS-115hjres131.txt,5
BILLS-117s4371.txt,7
BILLS-110hr3575.txt,2
BILLS-118hr7131.txt,5
BILLS-113hr4979.txt,3
BILLS-115hr7126.txt,2
BILLS-110hres1373.txt,4
BILLS-117hr866.txt,5
BILLS-116hr3610.txt,4
BILLS-118hres1281.txt,9
BILLS-115hr612.txt,0
BILLS-108s815.txt,5
BILLS-117hr2141.txt,3
BILLS-114hr4060.txt,8
BILLS-112hr3481.txt,4
BILLS-112hr2947.txt,4
BILLS-117hres133.txt,0
BILLS-117hr9000.txt,7
BILLS-108hr1869.txt,5
BILLS-112s3602.txt,3
BILLS-111hr397.txt,8
BILLS-115s822.txt,7
BILLS-117s1590.txt,5
BILLS-117hr2155.txt,5
BILLS-109hr5926.txt,9
BILLS-116hr5513.txt,8
BILLS-109s2781.txt,7
BILLS-112s1773.txt,8
BILLS-115hres794.txt,7
BILLS-111hr49.txt,2
BILLS-116hr7462.txt,5
BILLS-117s5090.txt,5
BILLS-106s3092.txt,3
BILLS-113s898.txt,5
BILLS-115s1272.txt,5
BILLS-108hr5399.txt,6
BILLS-112s453.txt,2
BILLS-108hr3930.txt,3
BILLS-110s783.txt,7
BILLS-117hr8450.txt,4
BILLS-117hr7763.txt,5
BILLS-116hr6032.txt,5
BILLS-113s1997.txt,6
BILLS-108s2965.txt,5
BILLS-108s829.txt,7
BILLS-113hr1183.txt,9
BILLS-111hr1922.txt,6
BILLS-117hr3263.txt,5
BILLS-117s502.txt,8
BILLS-115hr4375.txt,5
BILLS-112hr461.txt,5
BILLS-117hr4518.txt,5
BILLS-107hr2501.txt,6
BILLS-112s1029.txt,7
BILLS-106hr3536.txt,8
BILLS-108hr824.txt,5
BILLS-113hr3780.txt,7
BILLS-113s1983.txt,3
BILLS-117hr7777.txt,5
BILLS-113s61.txt,8
BILLS-109s39.txt,8
BILLS-117s270.txt,0
BILLS-115hr2076.txt,5
BILLS-110s797.txt,6
BILLS-107s14.txt,5
BILLS-114hr5430.txt,1
BILLS-111hr75.txt,4
BILLS-110s608.txt,0
BILLS-116sjres53.txt,3
BILLS-112hr6328.txt,5
BILLS-108hr5212.txt,4
BILLS-117s2884.txt,7
BILLS-113hr298.txt,6
BILLS-112hr3536.txt,4
BILLS-115hr1386.txt,5
BILLS-111hr234.txt,3
BILLS-116s842.txt,5
BILLS-108hr763.txt,4
BILLS-107hr3958.txt,6
BILLS-116s2890.txt,7
BILLS-109s2144.txt,5
BILLS-109hr5649.txt,2
BILLS-112hres446.txt,5
BILLS-112hr1335.txt,5
BILLS-108hr3111.txt,5
BILLS-116sres586.txt,6
BILLS-110hr6223.txt,2
BILLS-115s2182.txt,5
BILLS-108s2622.txt,6
BILLS-116hr8180.txt,0
BILLS-118s3615.txt,8
BILLS-117s2648.txt,6
BILLS-118hr7079.txt,3
BILLS-114sres335.txt,5
BILLS-109hr763.txt,6
BILLS-113hr2273.txt,5
BILLS-112hr3244.txt,4
BILLS-110s2361.txt,1
BILLS-117s3556.txt,5
BILLS-118s1764.txt,5
BILLS-112hr1453.txt,4
BILLS-107hr5483.txt,5
BILLS-107s1068.txt,5
BILLS-117s1341.txt,8
BILLS-116hr2485.txt,5
BILLS-111hr1895.txt,2
BILLS-107s1726.txt,5
BILLS-108hr987.txt,7
BILLS-110hr1564.txt,8
BILLS-108s746.txt,4
BILLS-109hr6368.txt,3
BILLS-114hr1093.txt,8
BILLS-110hr2079.txt,8
BILLS-118s4146.txt,7
BILLS-110s146.txt,8
BILLS-111s3057.txt,8
BILLS-116s2660.txt,9
BILLS-114s562.txt,7
BILLS-116hr5498.txt,5
BILLS-116hr2491.txt,9
BILLS-109hr3562.txt,7
BILLS-108s1471.txt,8
BILLS-110hr1216.txt,3
BILLS-111s433.txt,8
BILLS-110hr3401.txt,7
BILLS-117s4205.txt,8
BILLS-114hr1939.txt,5
BILLS-118s975.txt,5
BILLS-108sres283.txt,0
BILLS-113s1161.txt,7
BILLS-117hr8518.txt,6
BILLS-110s1867.txt,6
BILLS-116s45.txt,9
BILLS-107s1901.txt,2
BILLS-114s2627.txt,7
BILLS-116s881.txt,5
BILLS-114hr772.txt,3
BILLS-110hr3398.txt,6
BILLS-109hr6383.txt,3
BILLS-112s2468.txt,9
BILLS-117hr6247.txt,0
BILLS-111hr4906.txt,8
BILLS-116hr5467.txt,5
BILLS-109hr5852.txt,2
BILLS-109hr4594.txt,7
BILLS-117hr2021.txt,9
BILLS-112s1161.txt,5
BILLS-117hr5996.txt,8
BILLS-115hr5137.txt,5
BILLS-110hr591.txt,7
BILLS-112s1607.txt,5
BILLS-117hr3459.txt,5
BILLS-113hr1961.txt,3
BILLS-114s2155.txt,8
BILLS-116hr6608.txt,5
BILLS-111hr585.txt,9
BILLS-118hres783.txt,8
BILLS-113s1175.txt,8
BILLS-116hr7516.txt,9
BILLS-114hr3121.txt,7
BILLS-109hres971.txt,8
BILLS-112hr273.txt,5
BILLS-115hr4567.txt,0
BILLS-112hr5806.txt,5
BILLS-118s949.txt,5
BILLS-115s3511.txt,3
BILLS-109hr788.txt,5
BILLS-111hres676.txt,4
BILLS-115hr6416.txt,0
BILLS-115s3277.txt,3
BILLS-118s4191.txt,8
BILLS-116hr6146.txt,3
BILLS-114hr996.txt,10
BILLS-114s1312.txt,4
BILLS-109s596.txt,5
BILLS-117hr5766.txt,5
BILLS-116s665.txt,5
BILLS-115hr4201.txt,7
BILLS-114hr2559.txt,0
BILLS-117hr3317.txt,8
BILLS-114hr5236.txt,3
BILLS-107hr4004.txt,7
BILLS-108hr950.txt,6
BILLS-108s791.txt,8
BILLS-111hres1123.txt,4
BILLS-114hr1044.txt,3
BILLS-108s2805.txt,5
BILLS-118hr7938.txt,6
BILLS-114hr982.txt,5
BILLS-118s785.txt,5
BILLS-115s3505.txt,7
BILLS-113s2440.txt,3
BILLS-113hr1785.txt,9
BILLS-108hr3850.txt,5
BILLS-109hr2867.txt,8
BILLS-115hr3793.txt,6
BILLS-110hr6035.txt,4
BILLS-109s2346.txt,5
BILLS-106s2763.txt,7
BILLS-112hr1123.txt,7
BILLS-117s853.txt,5
BILLS-117s1631.txt,3
BILLS-109hr6156.txt,7
BILLS-115hr1184.txt,0
BILLS-109s1897.txt,9
BILLS-117hr1925.txt,7
BILLS-117hr6092.txt,5
BILLS-116hr279.txt,8
BILLS-117s3740.txt,6
BILLS-114s1689.txt,3
BILLS-116s1625.txt,3
BILLS-108hr1276.txt,5
BILLS-109s2420.txt,2
BILLS-117hr3698.txt,4
BILLS-112s916.txt,2
BILLS-113hr930.txt,6
BILLS-107hr1381.txt,8
BILLS-111hr3270.txt,5
BILLS-117hr6086.txt,0
BILLS-111hr5601.txt,3
BILLS-110hr6021.txt,5
BILLS-109sjres4.txt,5
BILLS-109hr4755.txt,2
BILLS-107hr3596.txt,6
BILLS-111hr6308.txt,5
BILLS-117hr279.txt,9
BILLS-106s2777.txt,7
BILLS-111s3269.txt,3
BILLS-115s1851.txt,8
BILLS-118hr4014.txt,5
BILLS-114hr1291.txt,6
BILLS-116hr7099.txt,5
BILLS-117hr1919.txt,5
BILLS-108s2408.txt,7
BILLS-113hr3421.txt,4
BILLS-111s1456.txt,5
BILLS-110hr6009.txt,2
BILLS-108hr2025.txt,2
BILLS-109hr5305.txt,8
BILLS-111s625.txt,8
BILLS-116s2310.txt,7
BILLS-106s2039.txt,3
BILLS-118hr4982.txt,5
BILLS-111hr1329.txt,8
BILLS-111s1330.txt,5
BILLS-112hr2370.txt,6
BILLS-118hr6159.txt,9
BILLS-115hr1812.txt,9
BILLS-113hr3353.txt,5
BILLS-110hr3603.txt,5
BILLS-113hr1544.txt,7
BILLS-118hr4996.txt,8
BILLS-115s215.txt,5
BILLS-106hr3683.txt,5
BILLS-118sres366.txt,2
BILLS-114s760.txt,0
BILLS-118hr3747.txt,0
BILLS-116hr5842.txt,8
BILLS-112hr6664.txt,3
BILLS-118hr7521.txt,0
BILLS-111s1442.txt,9
BILLS-116hr537.txt,7
BILLS-112hr4073.txt,5
BILLS-109hr6195.txt,3
BILLS-114s953.txt,7
BILLS-109s970.txt,5
BILLS-112s1377.txt,5
BILLS-114hr2767.txt,5
BILLS-117hconres92.txt,4
BILLS-109hjres56.txt,9
BILLS-107hr187.txt,8
BILLS-107hr3227.txt,8
BILLS-117hr2551.txt,8
BILLS-108s1840.txt,7
BILLS-107hr2139.txt,6
BILLS-109s4092.txt,4
BILLS-118hres595.txt,9
BILLS-113s1363.txt,0
BILLS-111hr2807.txt,8
BILLS-114hr202.txt,5
BILLS-114s1886.txt,8
BILLS-107s2978.txt,5
BILLS-118hr4969.txt,5
BILLS-114s3049.txt,9
BILLS-117hr4652.txt,0
BILLS-118hr3960.txt,7
BILLS-107hr3555.txt,4
BILLS-111sres244.txt,9
BILLS-115s2343.txt,6
BILLS-115hr1153.txt,5
BILLS-111s180.txt,8
BILLS-116hr2122.txt,5
BILLS-114hr2983.txt,7
BILLS-114s1110.txt,8
BILLS-118hr1187.txt,3
BILLS-117hr7373.txt,5
BILLS-107s2788.txt,8
BILLS-107s2950.txt,3
BILLS-118hr5487.txt,10
BILLS-115hr558.txt,6
BILLS-113s2656.txt,9
BILLS-110hr6974.txt,2
BILLS-114hr5752.txt,7
BILLS-114hr4458.txt,6
BILLS-111s2836.txt,3
BILLS-110s3282.txt,5
BILLS-116hr292.txt,5
BILLS-113hr3390.txt,9
BILLS-111s1481.txt,2
BILLS-112hr3907.txt,8
BILLS-116hr4547.txt,8
BILLS-111s3296.txt,3
BILLS-113s244.txt,3
BILLS-113hjres74.txt,5
BILLS-109s958.txt,7
BILLS-115s1676.txt,5
BILLS-106s2950.txt,6
BILLS-114hr2997.txt,8
BILLS-116hr5659.txt,5
BILLS-117hr286.txt,2
BILLS-116hr4237.txt,3
BILLS-110hr6976.txt,3
BILLS-114s1674.txt,8
BILLS-107s2952.txt,8
BILLS-110s2834.txt,9
BILLS-117hr8042.txt,3
BILLS-111hres1337.txt,5
BILLS-115hr1179.txt,3
BILLS-116hres613.txt,0
BILLS-116hr1429.txt,8
BILLS-106hr4139.txt,5
BILLS-109s796.txt,7
BILLS-114hr3447.txt,6
BILLS-106hr3656.txt,6
BILLS-110s391.txt,8
BILLS-112s1349.txt,5
BILLS-115hr2470.txt,0
BILLS-108hr60.txt,5
BILLS-106s2952.txt,4
BILLS-118hr6826.txt,5
BILLS-111hr5824.txt,8
BILLS-115hr6602.txt,6
BILLS-112hr3905.txt,8
BILLS-116hr9061.txt,5
BILLS-116hr6434.txt,6
BILLS-116s1814.txt,6
BILLS-118hr7286.txt,9
BILLS-110s3280.txt,0
BILLS-115s3705.txt,9
BILLS-117s3971.txt,5
BILLS-106hr5555.txt,9
BILLS-113s520.txt,5
BILLS-110s1497.txt,8
BILLS-114s2369.txt,0
BILLS-108s2393.txt,3
BILLS-117hres521.txt,8
BILLS-116hr1373.txt,9
BILLS-116hr8431.txt,3
BILLS-107hr5654.txt,7
BILLS-109s4090.txt,0
BILLS-112hr1684.txt,5
BILLS-107hr3225.txt,5
BILLS-109s3927.txt,4
BILLS-114hr2765.txt,2
BILLS-109s1856.txt,5
BILLS-109sconres64.txt,4
BILLS-117s4788.txt,0
BILLS-117s4944.txt,4
BILLS-117hr1728.txt,4
BILLS-118hr8837.txt,3
BILLS-114hr4300.txt,0
BILLS-114s2433.txt,8
BILLS-107hr2891.txt,4
BILLS-116hr5667.txt,3
BILLS-117hr2221.txt,2
BILLS-110hr1957.txt,9
BILLS-107hr2649.txt,2
BILLS-116s4950.txt,6
BILLS-109s4084.txt,8
BILLS-112hr1690.txt,5
BILLS-117hr5228.txt,7
BILLS-111sres520.txt,8
BILLS-108s2387.txt,8
BILLS-117hr6721.txt,4
BILLS-115s3739.txt,5
BILLS-110hr4191.txt,5
BILLS-113s1375.txt,3
BILLS-107s2749.txt,10
BILLS-115s203.txt,3
BILLS-107s1240.txt,5
BILLS-118hr676.txt,8
BILLS-107s1526.txt,8
BILLS-113s291.txt,7
BILLS-118hr3989.txt,5
BILLS-109sres372.txt,7
BILLS-112hr2414.txt,2
BILLS-118s4352.txt,7
BILLS-113hr4358.txt,5
BILLS-116hr535.txt,9
BILLS-111hr2150.txt,8
BILLS-118hr1152.txt,5
BILLS-110hr2279.txt,0
BILLS-118s4346.txt,8
BILLS-118hr662.txt,5
BILLS-110hr7301.txt,4
BILLS-113hr1220.txt,2
BILLS-113s285.txt,8
BILLS-109s741.txt,3
BILLS-114s762.txt,6
BILLS-115s571.txt,4
BILLS-118hr5334.txt,0
BILLS-115s217.txt,3
BILLS-110hr6779.txt,0
BILLS-110hr1016.txt,6
BILLS-109hr3762.txt,8
BILLS-109hr5313.txt,8
BILLS-107s1254.txt,5
BILLS-117s2474.txt,5
BILLS-118s4420.txt,5
BILLS-116hr253.txt,5
BILLS-118hr4764.txt,6
BILLS-118s2079.txt,5
BILLS-115s2396.txt,7
BILLS-112hr4059.txt,5
BILLS-110s2613.txt,3
BILLS-118s3401.txt,6
BILLS-118hr4002.txt,0
BILLS-116hr5868.txt,5
BILLS-113hr1208.txt,5
BILLS-116s3756.txt,5
BILLS-118s1216.txt,8
BILLS-109hr5449.txt,5
BILLS-106hr3865.txt,2
BILLS-118hr3779.txt,3
BILLS-118hr2467.txt,5
BILLS-115hr6825.txt,9
BILLS-110s2607.txt,4
BILLS-117hr6084.txt,5
BILLS-107s2007.txt,3
BILLS-117s2448.txt,5
BILLS-107s689.txt,5
BILLS-108s208.txt,5
BILLS-107hr5683.txt,3
BILLS-114s3088.txt,2
BILLS-109hr3986.txt,7
BILLS-107hconres490.txt,6
BILLS-107hr4012.txt,3
BILLS-112hres44.txt,2
BILLS-117hr8526.txt,5
BILLS-110hr2912.txt,3
BILLS-115s3513.txt,5
BILLS-110s3096.txt,7
BILLS-110s2388.txt,5
BILLS-112hr5804.txt,5
BILLS-112hr271.txt,7
BILLS-113s736.txt,5
BILLS-108hr2580.txt,9
BILLS-107hres361.txt,9
BILLS-110sres376.txt,5
BILLS-115s2619.txt,7
BILLS-114s1462.txt,8
BILLS-118s3830.txt,8
BILLS-106s2588.txt,7
BILLS-113s2324.txt,5
BILLS-107hr5318.txt,5
BILLS-107hr2477.txt,7
BILLS-108hr4683.txt,5
BILLS-117hr6251.txt,8
BILLS-115hr1347.txt,3
BILLS-107hr1156.txt,6
BILLS-116s2689.txt,5
BILLS-110hr587.txt,2
BILLS-117hr4446.txt,7
BILLS-117hr3329.txt,6
BILLS-115hres190.txt,7
BILLS-115hr4559.txt,3
BILLS-110s811.txt,8
BILLS-114s2143.txt,3
BILLS-114hr4670.txt,7
BILLS-107hr4748.txt,5
BILLS-107hr5456.txt,5
BILLS-117hr7629.txt,0
BILLS-110hr5099.txt,5
BILLS-117hr1258.txt,4
BILLS-115hr7050.txt,5
BILLS-118hres781.txt,5
BILLS-116hr8627.txt,8
BILLS-116hr1165.txt,7
BILLS-117s3597.txt,8
BILLS-118hr9095.txt,1
BILLS-115hr7044.txt,5
BILLS-116s129.txt,6
BILLS-116hr5303.txt,9
BILLS-107hr5442.txt,0
BILLS-118hr5877.txt,5
BILLS-113s2318.txt,5
BILLS-109hr4596.txt,5
BILLS-115hr3544.txt,0
BILLS-117hr9176.txt,5
BILLS-112hr2825.txt,2
BILLS-115hr1353.txt,5
BILLS-111hr4737.txt,7
BILLS-112hr4267.txt,9
BILLS-110hr6209.txt,0
BILLS-114hr85.txt,2
BILLS-116hres1139.txt,8
BILLS-110hr7117.txt,5
BILLS-110s150.txt,8
BILLS-109hr5663.txt,2
BILLS-112hr6470.txt,4
BILLS-111s425.txt,5
BILLS-109s231.txt,6
BILLS-108s1467.txt,10
BILLS-112s1836.txt,8
BILLS-115hr943.txt,8
BILLS-117hres1235.txt,8
BILLS-118s2247.txt,7
BILLS-112hr2170.txt,7
BILLS-110hr3403.txt,0
BILLS-118hr8374.txt,3
BILLS-109hr5111.txt,4
BILLS-118s1982.txt,4
BILLS-116s2104.txt,6
BILLS-113hr1744.txt,8
BILLS-108hr2557.txt,6
BILLS-108s1473.txt,5
BILLS-106s3133.txt,2
BILLS-109s225.txt,8
BILLS-108s1315.txt,5
BILLS-118sres166.txt,3
BILLS-118hr3547.txt,5
BILLS-113hr1022.txt,6
BILLS-108hr749.txt,8
BILLS-114s2816.txt,8
BILLS-116s868.txt,8
BILLS-107s2239.txt,0
BILLS-111hr4723.txt,5
BILLS-113hr5244.txt,8
BILLS-107s3127.txt,8
BILLS-118s1014.txt,3
BILLS-109hr6356.txt,3
BILLS-117s3226.txt,5
BILLS-111hr5415.txt,5
BILLS-113hr4614.txt,7
BILLS-110hr2735.txt,7
BILLS-118s3165.txt,5
BILLS-110s3069.txt,9
BILLS-108sres242.txt,5
BILLS-107hr4953.txt,3
BILLS-118hr3209.txt,3
BILLS-110hr222.txt,5
BILLS-111hr1115.txt,3
BILLS-110hr6553.txt,6
BILLS-117sres852.txt,10
BILLS-113s905.txt,7
BILLS-118hr6365.txt,5
BILLS-114sres337.txt,5
BILLS-116hr1818.txt,2
BILLS-108hr1704.txt,0
BILLS-114hr3876.txt,5
BILLS-107hr2488.txt,8
BILLS-115hres147.txt,8
BILLS-112hr463.txt,5
BILLS-116hr5539.txt,10
BILLS-116s713.txt,5
BILLS-106hr3520.txt,9
BILLS-112hconres60.txt,0
BILLS-107hr3609.txt,2
BILLS-115hr5069.txt,8
BILLS-118s3788.txt,7
BILLS-116hres565.txt,8
BILLS-114hr638.txt,5
BILLS-108s2967.txt,10
BILLS-112hr2979.txt,6
BILLS-118s2496.txt,0
BILLS-114s1264.txt,8
BILLS-115hr1569.txt,6
BILLS-113hr4947.txt,0
BILLS-114s3315.txt,5
BILLS-106hr5637.txt,6
BILLS-111s592.txt,6
BILLS-118s1821.txt,7
BILLS-108s195.txt,7
BILLS-115s1270.txt,6
BILLS-106hr4529.txt,5
BILLS-110s1939.txt,5
BILLS-106hr5623.txt,7
BILLS-115hr2074.txt,7
BILLS-118hr1581.txt,3
BILLS-107s500.txt,5
BILLS-110hr2872.txt,7
BILLS-111hres1055.txt,5
BILLS-117hr1462.txt,3
BILLS-116hr6024.txt,8
BILLS-114s1270.txt,7
BILLS-118hr5081.txt,6
BILLS-115s1502.txt,5
BILLS-112s323.txt,7
BILLS-113s130.txt,3
BILLS-110sres564.txt,5
BILLS-108hr2386.txt,8
BILLS-110hr5853.txt,8
BILLS-113s1771.txt,5
BILLS-116hr8021.txt,8
BILLS-116hr870.txt,5
BILLS-114s1258.txt,7
BILLS-116hr5505.txt,8
BILLS-108hr4907.txt,7
BILLS-107hr5244.txt,6
BILLS-115hr5733.txt,5
BILLS-110s1911.txt,9
BILLS-116hr3612.txt,5
BILLS-109s2797.txt,0
BILLS-111s3874.txt,9
BILLS-109hr2939.txt,8
BILLS-106hconres267.txt,3
BILLS-115s2745.txt,5
BILLS-106hconres273.txt,3
BILLS-107hr1750.txt,7
BILLS-116hr7460.txt,5
BILLS-115hr5727.txt,8
BILLS-118s1809.txt,7
BILLS-117hr870.txt,5
BILLS-111sres656.txt,5
BILLS-117s528.txt,5
BILLS-117hr2157.txt,7
BILLS-110sres558.txt,6
BILLS-118hr7872.txt,6
BILLS-107s3047.txt,3
BILLS-118hr1230.txt,8
BILLS-111hr2232.txt,6
BILLS-109hr1571.txt,7
BILLS-110s3647.txt,8
BILLS-116s908.txt,6
BILLS-113s2287.txt,8
BILLS-113hr1142.txt,5
BILLS-118hr2739.txt,5
BILLS-108s630.txt,7
BILLS-109hr4409.txt,7
BILLS-108s156.txt,2
BILLS-114hr3094.txt,4
BILLS-106s3053.txt,9
BILLS-112s1942.txt,6
BILLS-110hr1374.txt,4
BILLS-107s1136.txt,8
BILLS-118hr8214.txt,1
BILLS-118hr1556.txt,3
BILLS-107hr1963.txt,4
BILLS-115sres603.txt,5
BILLS-118hr7133.txt,5
BILLS-111hr2540.txt,0
BILLS-116s4401.txt,10
BILLS-116hr5288.txt,5
BILLS-113hr1630.txt,9
BILLS-118hres1268.txt,3
BILLS-114hr4937.txt,6
BILLS-107hconres255.txt,9
BILLS-109hr5703.txt,6
BILLS-113s2293.txt,7
BILLS-114hr5397.txt,5
BILLS-113hr1156.txt,6
BILLS-111s223.txt,8
BILLS-114s414.txt,7
BILLS-106hr4298.txt,0
BILLS-116hr4828.txt,7
BILLS-117hres1433.txt,5
BILLS-108s2768.txt,5
BILLS-112hr2776.txt,7
BILLS-110s3653.txt,5
BILLS-117s2064.txt,8
BILLS-118s4030.txt,5
BILLS-118hr4374.txt,3
BILLS-111s3109.txt,6
BILLS-109hr4435.txt,8
BILLS-113hr4006.txt,4
BILLS-112hr2986.txt,2
BILLS-118s4018.txt,6
BILLS-108s2998.txt,2
BILLS-109hr6222.txt,8
BILLS-111hr4119.txt,5
BILLS-118hres622.txt,3
BILLS-111s1078.txt,7
BILLS-110s2203.txt,6
BILLS-113hr488.txt,5
BILLS-110hr6427.txt,4
BILLS-116s3346.txt,3
BILLS-116hr3809.txt,5
BILLS-118hjres167.txt,3
BILLS-109hr2722.txt,7
BILLS-117s1223.txt,5
BILLS-109hr4347.txt,6
BILLS-118hjres173.txt,3
BILLS-116hr8948.txt,8
BILLS-118hr9122.txt,7
BILLS-112hr3454.txt,7
BILLS-117s1551.txt,7
BILLS-114s3498.txt,8
BILLS-118hr3180.txt,8
BILLS-115sres12.txt,3
BILLS-116s1974.txt,9
BILLS-114s1700.txt,7
BILLS-117hr1674.txt,3
BILLS-116hr496.txt,6
BILLS-110s2940.txt,9
BILLS-111hr5944.txt,5
BILLS-108hr2190.txt,5
BILLS-107hr2715.txt,8
BILLS-115hr2504.txt,4
BILLS-113hr1397.txt,6
BILLS-109hr4804.txt,0
BILLS-118sjres74.txt,1
BILLS-113s2052.txt,8
BILLS-111hr6281.txt,7
BILLS-117hr2369.txt,9
BILLS-115s1700.txt,8
BILLS-114hr3527.txt,5
BILLS-118s1389.txt,5
BILLS-116hr1549.txt,5
BILLS-116hr482.txt,7
BILLS-111hres270.txt,5
BILLS-115hconres74.txt,5
BILLS-117hr7211.txt,5
BILLS-111hr815.txt,7
BILLS-107s2832.txt,5
BILLS-111s2798.txt,7
BILLS-106s3286.txt,5
BILLS-112hr1900.txt,4
BILLS-112s647.txt,2
BILLS-115hr5519.txt,8
BILLS-113s454.txt,2
BILLS-111hres1519.txt,8
BILLS-116hr8545.txt,4
BILLS-115s3659.txt,5
BILLS-112s3370.txt,5
BILLS-117hr3739.txt,2
BILLS-116s2299.txt,4
BILLS-107hr5046.txt,5
BILLS-115hr5257.txt,5
BILLS-107hr2729.txt,9
BILLS-118hr3802.txt,7
BILLS-118hr8957.txt,8
BILLS-116hr8223.txt,5
BILLS-115hr6992.txt,3
BILLS-117s2299.txt,5
BILLS-117hr1884.txt,9
BILLS-115hr360.txt,8
BILLS-112s1215.txt,5
BILLS-115hjres55.txt,3
BILLS-114s2547.txt,5
BILLS-113hres399.txt,5
BILLS-107hr783.txt,5
BILLS-109hr5298.txt,7
BILLS-113s468.txt,2
BILLS-115hr5525.txt,2
BILLS-117hr8678.txt,2
BILLS-113hr885.txt,8
BILLS-111hr3448.txt,1
BILLS-113hr5640.txt,5
BILLS-112s690.txt,5
BILLS-113s483.txt,8
BILLS-111hr6530.txt,5
BILLS-108s354.txt,4
BILLS-116s4617.txt,9
BILLS-108hr4522.txt,5
BILLS-108s432.txt,6
BILLS-115hconres104.txt,5
BILLS-116hr5920.txt,8
BILLS-118hr702.txt,5
BILLS-110hr7261.txt,5
BILLS-117s2272.txt,9
BILLS-116hres968.txt,5
BILLS-118s2643.txt,4
BILLS-113hr3543.txt,3
BILLS-116hr441.txt,5
BILLS-109s1711.txt,3
BILLS-108s426.txt,6
BILLS-117hr4903.txt,9
BILLS-116hr37.txt,8
BILLS-106hr5384.txt,8
BILLS-115hr3815.txt,7
BILLS-113hr1432.txt,3
BILLS-108hr2621.txt,7
BILLS-113hres400.txt,5
BILLS-106s3245.txt,5
BILLS-109s153.txt,8
BILLS-117hr455.txt,9
BILLS-118hr1740.txt,5
BILLS-111s1252.txt,8
BILLS-118s432.txt,8
BILLS-110s3337.txt,4
BILLS-107s919.txt,3
BILLS-107hr754.txt,5
BILLS-117s3636.txt,5
BILLS-117s4159.txt,8
BILLS-109hr4637.txt,4
BILLS-109hr3158.txt,7
BILLS-117s1747.txt,6
BILLS-108hr3265.txt,5
BILLS-107hr2926.txt,2
BILLS-118hr4162.txt,7
BILLS-116hr5908.txt,6
BILLS-118s368.txt,3
BILLS-117s3144.txt,8
BILLS-109hr1983.txt,5
BILLS-111hr5011.txt,5
BILLS-117hr6696.txt,5
BILLS-106s3279.txt,4
BILLS-118s1410.txt,5
BILLS-111hr6518.txt,5
BILLS-111hr5776.txt,7
BILLS-115hr6950.txt,9
BILLS-117s1752.txt,5
BILLS-118hr4163.txt,8
BILLS-115s1926.txt,5
BILLS-107hr2927.txt,5
BILLS-117hr2397.txt,8
BILLS-116s3151.txt,5
BILLS-112s861.txt,9
BILLS-106s3278.txt,5
BILLS-117hr468.txt,4
BILLS-111s3478.txt,7
BILLS-107hr999.txt,5
BILLS-107hr2099.txt,5
BILLS-118s4569.txt,0
BILLS-111hr3461.txt,6
BILLS-108hr1315.txt,8
BILLS-117hr6697.txt,7
BILLS-113hr3218.txt,2
BILLS-118hr6012.txt,6
BILLS-108s2225.txt,2
BILLS-118hr6006.txt,3
BILLS-117s3637.txt,5
BILLS-110s1509.txt,7
BILLS-108s369.txt,7
BILLS-116s3145.txt,7
BILLS-117hr3923.txt,2
BILLS-117hr4094.txt,3
BILLS-116hr2914.txt,5
BILLS-109s3649.txt,2
BILLS-113hr4205.txt,6
BILLS-108s2543.txt,7
BILLS-118hr8995.txt,1
BILLS-108hr1467.txt,3
BILLS-110s3478.txt,9
BILLS-109hr6021.txt,4
BILLS-112hr6713.txt,5
BILLS-115hr3814.txt,5
BILLS-111s3322.txt,3
BILLS-111hconres272.txt,5
BILLS-110hr1605.txt,4
BILLS-116s4164.txt,5
BILLS-118hr1027.txt,5
BILLS-116hres969.txt,5
BILLS-111hr5992.txt,0
BILLS-110hr3012.txt,3
BILLS-118hr8765.txt,7
BILLS-112s2084.txt,3
BILLS-118hr8003.txt,5
BILLS-117hr6873.txt,2
BILLS-115hr1965.txt,4
BILLS-117hres1156.txt,7
BILLS-110s2028.txt,5
BILLS-108hr4251.txt,5
BILLS-106s3244.txt,5
BILLS-115s376.txt,5
BILLS-118hr5533.txt,7
BILLS-109hr3603.txt,6
BILLS-112s849.txt,7
BILLS-112s691.txt,7
BILLS-110s541.txt,8
BILLS-117s2515.txt,5
BILLS-113hr4239.txt,5
BILLS-117s4602.txt,5
BILLS-110hr3006.txt,5
BILLS-110s3444.txt,7
BILLS-118s4227.txt,8
BILLS-114hr5180.txt,4
BILLS-116s2501.txt,6
BILLS-110s1253.txt,8
BILLS-108s433.txt,7
BILLS-110hr6195.txt,5
BILLS-112hr1083.txt,6
BILLS-114hr413.txt,5
BILLS-115s2234.txt,6
BILLS-117hres326.txt,0
BILLS-113sjres41.txt,5
BILLS-117hr6654.txt,9
BILLS-115hr7333.txt,5
BILLS-115s2552.txt,3
BILLS-113s469.txt,5
BILLS-116hr3405.txt,6
BILLS-107hr5721.txt,7
BILLS-109hr3824.txt,7
BILLS-109s3852.txt,0
BILLS-112s3371.txt,8
BILLS-115hr1756.txt,0
BILLS-118hres384.txt,5
BILLS-111hr5979.txt,4
BILLS-117hres332.txt,9
BILLS-115s2220.txt,5
BILLS-115hr6987.txt,0
BILLS-106hr4070.txt,5
BILLS-117hr2340.txt,3
BILLS-115hr2539.txt,8
BILLS-110s27.txt,8
BILLS-109s807.txt,5
BILLS-117hr4731.txt,5
BILLS-110s3493.txt,7
BILLS-111hr5789.txt,7
BILLS-116hr483.txt,3
BILLS-115hr4160.txt,5
BILLS-114hr3526.txt,8
BILLS-117hr4719.txt,3
BILLS-114s3102.txt,8
BILLS-107hr5709.txt,2
BILLS-110hr6817.txt,3
BILLS-111s785.txt,3
BILLS-111s3487.txt,6
BILLS-112s646.txt,9
BILLS-111hr814.txt,6
BILLS-116hr7887.txt,5
BILLS-117hr1107.txt,5
BILLS-111s1284.txt,2
BILLS-111hr800.txt,5
BILLS-114s1701.txt,4
BILLS-117hr1113.txt,7
BILLS-113hr674.txt,8
BILLS-115s3664.txt,9
BILLS-115hr6005.txt,2
BILLS-113s2721.txt,5
BILLS-111s791.txt,4
BILLS-109hr3818.txt,7
BILLS-107hr2072.txt,8
BILLS-111s949.txt,8
BILLS-117hr5413.txt,9
BILLS-117sres270.txt,3
BILLS-117hr3062.txt,5
BILLS-115hr6763.txt,2
BILLS-111hr5945.txt,2
BILLS-118hr7481.txt,5
BILLS-117hr1675.txt,7
BILLS-111hr5212.txt,3
BILLS-118hr6210.txt,5
BILLS-116hr8949.txt,6
BILLS-114hr1872.txt,7
BILLS-116hr6964.txt,6
BILLS-110s3108.txt,7
BILLS-108hr166.txt,5
BILLS-117s1236.txt,8
BILLS-117hr4282.txt,8
BILLS-118hjres172.txt,2
BILLS-118s1613.txt,7
BILLS-118hr5719.txt,5
BILLS-110hr6354.txt,5
BILLS-108s619.txt,4
BILLS-116hr4815.txt,5
BILLS-116s921.txt,8
BILLS-109hr6237.txt,10
BILLS-112hr2993.txt,3
BILLS-113hr4013.txt,3
BILLS-108hr1665.txt,8
BILLS-117s3353.txt,0
BILLS-113hr4007.txt,2
BILLS-118hr6562.txt,8
BILLS-109s2033.txt,9
BILLS-117hr118.txt,2
BILLS-116s5050.txt,8
BILLS-107hr4826.txt,5
BILLS-110hr357.txt,5
BILLS-113s864.txt,8
BILLS-109s2755.txt,2
BILLS-111hr2569.txt,8
BILLS-108hr1103.txt,6
BILLS-114sres256.txt,6
BILLS-115s3499.txt,8
BILLS-107s1123.txt,4
BILLS-113s694.txt,3
BILLS-118s2326.txt,5
BILLS-116hr6780.txt,4
BILLS-112hr2011.txt,3
BILLS-109hr1564.txt,5
BILLS-111hr3139.txt,5
BILLS-111hr2227.txt,8
BILLS-108s2769.txt,4
BILLS-110hr5661.txt,7
BILLS-116hr1789.txt,5
BILLS-108s625.txt,5
BILLS-118hr5043.txt,8
BILLS-106hr4299.txt,5
BILLS-115hr2908.txt,7
BILLS-106hr5187.txt,3
BILLS-113hr1157.txt,3
BILLS-110hr419.txt,4
BILLS-107hr3813.txt,5
BILLS-106hr5193.txt,2
BILLS-110hr7062.txt,3
BILLS-113hr3754.txt,0
BILLS-107s3046.txt,5
BILLS-116hr6794.txt,0
BILLS-118hr1557.txt,5
BILLS-111hr419.txt,9
BILLS-118hr267.txt,5
BILLS-118hr3340.txt,4
BILLS-113hr1625.txt,9
BILLS-117hr2803.txt,10
BILLS-108hr3728.txt,6
BILLS-106s3052.txt,8
BILLS-108s157.txt,7
BILLS-108hr4047.txt,4
BILLS-115s174.txt,2
BILLS-115hr4438.txt,4
BILLS-107hr3146.txt,5
BILLS-109s2782.txt,7
BILLS-111s3861.txt,8
BILLS-116hr3607.txt,7
BILLS-118s1808.txt,8
BILLS-110s1904.txt,7
BILLS-113s1002.txt,3
BILLS-107hr1751.txt,6
BILLS-118s816.txt,3
BILLS-112s2279.txt,6
BILLS-117hr1339.txt,6
BILLS-112hr3496.txt,9
BILLS-110hr5846.txt,5
BILLS-116s4399.txt,3
BILLS-116s2930.txt,4
BILLS-117hr2156.txt,8
BILLS-109hr5925.txt,8
BILLS-107hr5245.txt,5
BILLS-109hr5931.txt,8
BILLS-116hr7313.txt,5
BILLS-116hr871.txt,8
BILLS-116s1593.txt,9
BILLS-116hr8746.txt,8
BILLS-110hres12.txt,8
BILLS-115s2744.txt,6
BILLS-117s2930.txt,4
BILLS-110s964.txt,7
BILLS-106hr4514.txt,5
BILLS-109hr2938.txt,7
BILLS-117hr2624.txt,5
BILLS-118hr5916.txt,3
BILLS-107hr5523.txt,0
BILLS-111hres1732.txt,3
BILLS-114hr1655.txt,4
BILLS-115hr2075.txt,4
BILLS-118hr3397.txt,3
BILLS-111hr76.txt,8
BILLS-113s2537.txt,5
BILLS-110s1938.txt,6
BILLS-113hr1194.txt,2
BILLS-110s1086.txt,0
BILLS-108hr827.txt,5
BILLS-108hr1856.txt,8
BILLS-117hr1463.txt,3
BILLS-112s3629.txt,5
BILLS-116hr695.txt,2
BILLS-111s1938.txt,3
BILLS-106hr5150.txt,9
BILLS-113s125.txt,8
BILLS-107hr5279.txt,10
BILLS-111hr1921.txt,7
BILLS-112hconres61.txt,5
BILLS-107hr3608.txt,4
BILLS-116s2918.txt,9
BILLS-118hr5094.txt,4
BILLS-117hr5177.txt,5
BILLS-117s267.txt,7
BILLS-114hr3056.txt,2
BILLS-108s194.txt,8
BILLS-116hr2531.txt,2
BILLS-107hr2270.txt,6
BILLS-111hr62.txt,5
BILLS-117hr4269.txt,4
BILLS-111hres701.txt,8
BILLS-115hr1568.txt,2
BILLS-115s2778.txt,2
BILLS-111s1086.txt,5
BILLS-111hr545.txt,6
BILLS-115hr6398.txt,4
BILLS-117s5124.txt,9
BILLS-110hr2720.txt,8
BILLS-108s2147.txt,0
BILLS-117s2893.txt,5
BILLS-113s904.txt,8
BILLS-111hr1100.txt,4
BILLS-109s218.txt,9
BILLS-108hr5205.txt,8
BILLS-114hr3877.txt,5
BILLS-111hr1666.txt,8
BILLS-108hr3112.txt,3
BILLS-111hconres138.txt,3
BILLS-118hr2664.txt,8
BILLS-116hr4961.txt,9
BILLS-108s2621.txt,7
BILLS-110hr3358.txt,5
BILLS-117hr7199.txt,4
BILLS-111hr223.txt,9
BILLS-110s2410.txt,5
BILLS-117s4548.txt,6
BILLS-116s1342.txt,8
BILLS-115hres152.txt,3
BILLS-118s1015.txt,5
BILLS-116s2893.txt,8
BILLS-107hr3783.txt,4
BILLS-117hr2793.txt,8
BILLS-107hr4952.txt,5
BILLS-107s2576.txt,8
BILLS-108hr1077.txt,5
BILLS-109hr774.txt,8
BILLS-115hr7092.txt,2
BILLS-117s2887.txt,8
BILLS-118hr9043.txt,5
BILLS-116hr8829.txt,5
BILLS-117hr7833.txt,5
BILLS-115hr5875.txt,7
BILLS-116hr2492.txt,5
BILLS-110hr1215.txt,8
BILLS-106s3132.txt,6
BILLS-116s2105.txt,4
BILLS-109hr5110.txt,3
BILLS-113s1189.txt,5
BILLS-111hres1685.txt,6
BILLS-118hr1437.txt,3
BILLS-110s2438.txt,6
BILLS-111hr2353.txt,7
BILLS-118hr1351.txt,8
BILLS-113hr3634.txt,6
BILLS-111hr4722.txt,9
BILLS-110s145.txt,7
BILLS-108hr748.txt,8
BILLS-111s3054.txt,8
BILLS-110hr1573.txt,5
BILLS-108s1314.txt,7
BILLS-114hr2599.txt,2
BILLS-107s1725.txt,5
BILLS-110s151.txt,8
BILLS-116s3569.txt,5
BILLS-114hr84.txt,2
BILLS-116s4206.txt,5
BILLS-112hr4266.txt,8
BILLS-109s1472.txt,8
BILLS-107s3132.txt,3
BILLS-116hr722.txt,5
BILLS-108s2609.txt,5
BILLS-118hr1345.txt,5
BILLS-116hr7298.txt,7
BILLS-118s4151.txt,7
BILLS-110s3054.txt,7
BILLS-117s2663.txt,3
BILLS-114hr6099.txt,3
BILLS-110hjres79.txt,5
BILLS-109s1314.txt,8
BILLS-117hres1234.txt,10
BILLS-117hr736.txt,5
BILLS-109s230.txt,7
BILLS-108s1466.txt,5
BILLS-113s2494.txt,2
BILLS-118s94.txt,8
BILLS-110s637.txt,7
BILLS-110s1870.txt,9
BILLS-107hr5443.txt,6
BILLS-116hr3773.txt,6
BILLS-115hr7045.txt,5
BILLS-117hres736.txt,5
BILLS-115s2624.txt,7
BILLS-106hconres306.txt,7
BILLS-115hr1434.txt,3
BILLS-116hr8626.txt,8
BILLS-117hr8269.txt,0
BILLS-116hr911.txt,5
BILLS-113s1610.txt,3
BILLS-111hr4905.txt,8
BILLS-110hr2085.txt,5
BILLS-118sres198.txt,8
BILLS-116hr5470.txt,4
BILLS-111hr1869.txt,8
BILLS-116hr3001.txt,8
BILLS-114hr2566.txt,3
BILLS-116hr8154.txt,0
BILLS-107hr1631.txt,8
BILLS-116hr7501.txt,5
BILLS-116hr8632.txt,9
BILLS-114hr6066.txt,2
BILLS-113s1162.txt,7
BILLS-117s1395.txt,7
BILLS-117hr911.txt,5
BILLS-115hr4558.txt,7
BILLS-110s810.txt,5
BILLS-118s4838.txt,1
BILLS-114hr1721.txt,5
BILLS-117hr4309.txt,8
BILLS-118s1940.txt,8
BILLS-112s1638.txt,5
BILLS-117hr939.txt,3
BILLS-112s530.txt,5
BILLS-110s1694.txt,8
BILLS-109hr2864.txt,5
BILLS-110s838.txt,8
BILLS-118s1798.txt,5
BILLS-115hr4216.txt,5
BILLS-117hr5771.txt,8
BILLS-114hr53.txt,0
BILLS-117hr3300.txt,7
BILLS-106hr5030.txt,7
BILLS-111s3097.txt,5
BILLS-107hr5319.txt,3
BILLS-118s4186.txt,9
BILLS-113hr264.txt,5
BILLS-116hr6145.txt,5
BILLS-111s1694.txt,3
BILLS-111s73.txt,0
BILLS-113s2457.txt,8
BILLS-112s524.txt,3
BILLS-118hr4598.txt,5
BILLS-110s1680.txt,5
BILLS-116hr3983.txt,2
BILLS-115s3512.txt,2
BILLS-108hr1088.txt,7
BILLS-117hr8527.txt,8
BILLS-107hr1382.txt,8
BILLS-111hr3273.txt,3
BILLS-110hr6022.txt,5
BILLS-118hr2466.txt,4
BILLS-111hr1464.txt,5
BILLS-117hr4692.txt,9
BILLS-109hr5448.txt,5
BILLS-108hconres189.txt,8
BILLS-109s3729.txt,7
BILLS-107hr635.txt,6
BILLS-113hres549.txt,7
BILLS-117hr2585.txt,3
BILLS-111hr5164.txt,5
BILLS-107s688.txt,5
BILLS-117s3743.txt,8
BILLS-115sres548.txt,8
BILLS-116hr7918.txt,8
BILLS-113hr2066.txt,5
BILLS-107s2774.txt,4
BILLS-111hr753.txt,8
BILLS-106hr4879.txt,8
BILLS-110s409.txt,6
BILLS-108s1880.txt,8
BILLS-112hr1646.txt,5
BILLS-109hr4024.txt,5
BILLS-110hr6750.txt,3
BILLS-114hr5976.txt,7
BILLS-116s4038.txt,8
BILLS-112hres653.txt,4
BILLS-110hr1981.txt,5
BILLS-117s1632.txt,8
BILLS-111hr2179.txt,3
BILLS-111s1469.txt,7
BILLS-113hr4371.txt,3
BILLS-116hr5699.txt,5
BILLS-113s284.txt,4
BILLS-118hr3744.txt,3
BILLS-111s3256.txt,7
BILLS-116hr5841.txt,8
BILLS-118s4347.txt,6
BILLS-118hr7522.txt,8
BILLS-113hr2728.txt,2
BILLS-109s1102.txt,4
BILLS-116hr252.txt,7
BILLS-107s2984.txt,8
BILLS-111s1327.txt,2
BILLS-112hr2367.txt,6
BILLS-118s4421.txt,5
BILLS-117hr520.txt,0
BILLS-118hr5453.txt,5
BILLS-108hr238.txt,8
BILLS-110s435.txt,3
BILLS-115hr598.txt,7
BILLS-111s626.txt,8
BILLS-118hr3036.txt,6
BILLS-108s1664.txt,3
BILLS-118hr4981.txt,2
BILLS-108s221.txt,5
BILLS-116s4762.txt,0
BILLS-115sres574.txt,2
BILLS-118hr1621.txt,5
BILLS-111hr4252.txt,7
BILLS-110s3256.txt,8
BILLS-118s235.txt,7
BILLS-114hr2943.txt,3
BILLS-110hr1765.txt,5
BILLS-113s290.txt,7
BILLS-111s140.txt,7
BILLS-113hr1235.txt,2
BILLS-107s1527.txt,8
BILLS-110hr790.txt,5
BILLS-114hr2770.txt,1
BILLS-114s944.txt,8
BILLS-117hr6046.txt,5
BILLS-110hr3199.txt,3
BILLS-115s2426.txt,5
BILLS-109s3932.txt,5
BILLS-110hres1012.txt,3
BILLS-116s4789.txt,4
BILLS-110hr6787.txt,5
BILLS-115hr5450.txt,6
BILLS-112hr1691.txt,5
BILLS-116s4951.txt,5
BILLS-110hr6793.txt,8
BILLS-117hr8719.txt,8
BILLS-110hr4184.txt,5
BILLS-107hr1433.txt,9
BILLS-117hr6734.txt,8
BILLS-107s139.txt,8
BILLS-112s3563.txt,3
BILLS-115s2354.txt,9
BILLS-109s1857.txt,4
BILLS-116s1183.txt,8
BILLS-117hr4645.txt,5
BILLS-117hr9349.txt,4
BILLS-111s1482.txt,7
BILLS-114s1107.txt,6
BILLS-111hr2192.txt,9
BILLS-107s111.txt,4
BILLS-115s3062.txt,6
BILLS-118s4384.txt,7
BILLS-118hr6827.txt,5
BILLS-113s247.txt,7
BILLS-107hr4205.txt,5
BILLS-117hr285.txt,5
BILLS-118hr878.txt,4
BILLS-118hr4956.txt,2
BILLS-110s1496.txt,8
BILLS-112s732.txt,3
BILLS-107hr812.txt,8
BILLS-107hr2112.txt,8
BILLS-115s3704.txt,10
BILLS-110s3281.txt,7
BILLS-116hr291.txt,9
BILLS-118s3399.txt,7
BILLS-109hr589.txt,5
BILLS-114hr229.txt,0
BILLS-112s3239.txt,7
BILLS-117hr1067.txt,3
BILLS-114s1675.txt,8
BILLS-116s302.txt,8
BILLS-112hr1861.txt,5
BILLS-113hr1590.txt,5
BILLS-115hr5478.txt,5
BILLS-116hr4236.txt,9
BILLS-111s183.txt,9
BILLS-117sres304.txt,8
BILLS-110s390.txt,7
BILLS-116s3970.txt,7
BILLS-116hr5896.txt,2
BILLS-106hr3657.txt,2
BILLS-108hr4494.txt,7
BILLS-109s797.txt,5
BILLS-111s1496.txt,3
BILLS-116hr6347.txt,5
BILLS-107s105.txt,4
BILLS-116hr1428.txt,5
BILLS-115s3076.txt,6
BILLS-114hr1248.txt,3
BILLS-109s1872.txt,5
BILLS-106hr4121.txt,3
BILLS-106s2786.txt,7
BILLS-116s3969.txt,4
BILLS-109hr3975.txt,3
BILLS-106hr5559.txt,5
BILLS-113hr1589.txt,5
BILLS-114hr4456.txt,7
BILLS-115hr3010.txt,0
BILLS-112hr1878.txt,5
BILLS-116s1818.txt,5
BILLS-111hr5196.txt,7
BILLS-108hr1293.txt,8
BILLS-115hr6168.txt,7
BILLS-111hr5182.txt,4
BILLS-115hr7262.txt,7
BILLS-109hr584.txt,6
BILLS-110s3298.txt,5
BILLS-111sres504.txt,5
BILLS-109s3917.txt,3
BILLS-117s1818.txt,5
BILLS-106hr3882.txt,8
BILLS-109s942.txt,9
BILLS-110hconres305.txt,10
BILLS-117hres277.txt,0
BILLS-109hr1810.txt,5
BILLS-115s1644.txt,7
BILLS-117s652.txt,7
BILLS-109hr4798.txt,8
BILLS-118sres397.txt,6
BILLS-117s1830.txt,9
BILLS-114s791.txt,2
BILLS-117sres321.txt,5
BILLS-114hr1274.txt,7
BILLS-111hr5814.txt,7
BILLS-115s32.txt,8
BILLS-116hr6362.txt,5
BILLS-117hr1724.txt,5
BILLS-107s646.txt,8
BILLS-116hr6404.txt,5
BILLS-113s1379.txt,2
BILLS-117hr7433.txt,4
BILLS-115hr2332.txt,5
BILLS-106hr5565.txt,4
BILLS-116s327.txt,7
BILLS-109hr3791.txt,4
BILLS-111s2810.txt,4
BILLS-115hr2326.txt,8
BILLS-117sres453.txt,3
BILLS-106hr5571.txt,3
BILLS-115hr5449.txt,6
BILLS-110hr6946.txt,5
BILLS-113s2664.txt,5
BILLS-113hres593.txt,8
BILLS-116s333.txt,0
BILLS-117hr5230.txt,0
BILLS-107s652.txt,5
BILLS-115hr6140.txt,4
BILLS-111hr2809.txt,5
BILLS-111hr5800.txt,5
BILLS-111hres1307.txt,7
BILLS-110hr4837.txt,2
BILLS-115s596.txt,2
BILLS-114s785.txt,7
BILLS-109hr4954.txt,0
BILLS-106s2745.txt,5
BILLS-109s995.txt,3
BILLS-118hr2457.txt,7
BILLS-113hr4432.txt,3
BILLS-108s2374.txt,6
BILLS-113s2857.txt,7
BILLS-110s1458.txt,8
BILLS-115hres413.txt,7
BILLS-117hr539.txt,5
BILLS-116hr3597.txt,10
BILLS-112hr1677.txt,7
BILLS-109s4063.txt,5
BILLS-113s1392.txt,8
BILLS-113hr916.txt,7
BILLS-111hr762.txt,5
BILLS-107s2745.txt,7
BILLS-110hr2261.txt,7
BILLS-116hr6389.txt,2
BILLS-108s2406.txt,5
BILLS-111hr2148.txt,9
BILLS-117s3014.txt,3
BILLS-113hr4340.txt,4
BILLS-116hr7097.txt,5
BILLS-109sconres97.txt,8
BILLS-117hr1917.txt,7
BILLS-115hr3979.txt,8
BILLS-118hr4032.txt,8
BILLS-116s4009.txt,8
BILLS-110hr6007.txt,6
BILLS-114hr3488.txt,2
BILLS-110hr1768.txt,8
BILLS-116hr5680.txt,5
BILLS-107hr176.txt,5
BILLS-108hr3335.txt,7
BILLS-111hr2160.txt,6
BILLS-117hr6088.txt,8
BILLS-118s2707.txt,5
BILLS-113hr4368.txt,5
BILLS-110hr3157.txt,5
BILLS-115s1687.txt,9
BILLS-110hr986.txt,10
BILLS-116s4021.txt,5
BILLS-115s541.txt,5
BILLS-112s918.txt,2
BILLS-110s410.txt,6
BILLS-109s3724.txt,3
BILLS-112hr6130.txt,6
BILLS-110hr6991.txt,7
BILLS-114s3084.txt,4
BILLS-111hr3518.txt,8
BILLS-110hr3631.txt,0
BILLS-117hr6936.txt,7
BILLS-110hr5240.txt,5
BILLS-108s2348.txt,5
BILLS-118s576.txt,7
BILLS-110s3267.txt,7
BILLS-110s2179.txt,7
BILLS-111hr6474.txt,7
BILLS-108hr4300.txt,7
BILLS-108s210.txt,8
BILLS-110s404.txt,5
BILLS-107hconres107.txt,5
BILLS-110hr6985.txt,5
BILLS-111s171.txt,8
BILLS-116s496.txt,6
BILLS-117hr5595.txt,5
BILLS-118s2713.txt,5
BILLS-110hr5532.txt,8
BILLS-109s1641.txt,5
BILLS-118s4362.txt,4
BILLS-115hr7074.txt,2
BILLS-110s2390.txt,8
BILLS-118hr6396.txt,2
BILLS-107hr3003.txt,5
BILLS-115hr740.txt,5
BILLS-112s1635.txt,8
BILLS-116hr3742.txt,8
BILLS-116hr3024.txt,5
BILLS-108s947.txt,0
BILLS-106s2584.txt,5
BILLS-111hr1694.txt,6
BILLS-107hr3765.txt,7
BILLS-116s2875.txt,9
BILLS-116hr1633.txt,8
BILLS-118s3828.txt,6
BILLS-113s1635.txt,5
BILLS-111hr1858.txt,4
BILLS-115hr5111.txt,5
BILLS-108hr4843.txt,6
BILLS-106s2590.txt,6
BILLS-109hr5874.txt,7
BILLS-115hr3206.txt,8
BILLS-116hr2448.txt,8
BILLS-114hr2231.txt,6
BILLS-112s1621.txt,8
BILLS-113s1153.txt,8
BILLS-117s2875.txt,0
BILLS-110s2384.txt,6
BILLS-111hr5380.txt,9
BILLS-117s336.txt,7
BILLS-115s1320.txt,5
BILLS-116s125.txt,4
BILLS-117hr2991.txt,9
BILLS-107hr1628.txt,7
BILLS-117hr1240.txt,6
BILLS-113hr527.txt,3
BILLS-112hr4280.txt,5
BILLS-109s1494.txt,8
BILLS-114s1334.txt,9
BILLS-107s322.txt,4
BILLS-116hr3018.txt,5
BILLS-118hr2872.txt,3
BILLS-112hr6497.txt,3
BILLS-113s2314.txt,1
BILLS-115s958.txt,8
BILLS-112hr533.txt,7
BILLS-114hr3661.txt,3
BILLS-115s1446.txt,5
BILLS-114s3537.txt,7
BILLS-109sres183.txt,8
BILLS-108hr1907.txt,7
BILLS-117hr1532.txt,4
BILLS-113hr255.txt,5
BILLS-113s1609.txt,4
BILLS-116hr8159.txt,5
BILLS-115s3245.txt,3
BILLS-114hr1062.txt,4
BILLS-115hr6342.txt,5
BILLS-112hr2183.txt,5
BILLS-118s66.txt,4
BILLS-118s1965.txt,5
BILLS-106s2221.txt,4
BILLS-118hr4542.txt,8
BILLS-116hr3781.txt,5
BILLS-109s2604.txt,6
BILLS-108hr3645.txt,5
BILLS-109s229.txt,5
BILLS-111hr1131.txt,2
BILLS-108s2176.txt,3
BILLS-114hr1937.txt,3
BILLS-118s3627.txt,7
BILLS-118hr2655.txt,0
BILLS-108s1319.txt,5
BILLS-111s3059.txt,8
BILLS-108s984.txt,2
BILLS-114hr89.txt,2
BILLS-114hr2594.txt,5
BILLS-107s1728.txt,5
BILLS-117hr5973.txt,8
BILLS-117s1401.txt,7
BILLS-108hr751.txt,8
BILLS-118s3633.txt,6
BILLS-117s4579.txt,7
BILLS-118s984.txt,6
BILLS-118hr4556.txt,3
BILLS-109s2610.txt,1
BILLS-113s921.txt,4
BILLS-116s3202.txt,8
BILLS-109s1331.txt,5
BILLS-109hr6428.txt,5
BILLS-112hr2154.txt,5
BILLS-109hr1347.txt,7
BILLS-109hr5121.txt,0
BILLS-112s1812.txt,4
BILLS-109hr82.txt,3
BILLS-108s1325.txt,4
BILLS-115s743.txt,4
BILLS-108hr4670.txt,5
BILLS-118hr5106.txt,3
BILLS-116s2652.txt,5
BILLS-107hr3942.txt,8
BILLS-111s1672.txt,3
BILLS-118hr1360.txt,5
BILLS-111hr2362.txt,7
BILLS-116hr4978.txt,0
BILLS-112hr6440.txt,7
BILLS-107hr3956.txt,7
BILLS-116s2646.txt,6
BILLS-108hr2215.txt,8
BILLS-107hr5499.txt,5
BILLS-108hr2573.txt,4
BILLS-107s1072.txt,4
BILLS-116s88.txt,7
BILLS-118s760.txt,7
BILLS-114s1485.txt,8
BILLS-118hr8350.txt,4
BILLS-113hr5506.txt,7
BILLS-110s3065.txt,9
BILLS-115hr6381.txt,5
BILLS-116s1429.txt,5
BILLS-115s2761.txt,2
BILLS-112s2248.txt,2
BILLS-106s2396.txt,3
BILLS-111sres666.txt,8
BILLS-115hr4409.txt,6
BILLS-118hjres180.txt,3
BILLS-116sres365.txt,7
BILLS-117hr4516.txt,5
BILLS-114hr5358.txt,7
BILLS-117hr3279.txt,5
BILLS-116hr7336.txt,5
BILLS-118hr7842.txt,8
BILLS-118s3784.txt,5
BILLS-112s3624.txt,5
BILLS-109hr5900.txt,8
BILLS-114s2761.txt,7
BILLS-108s827.txt,9
BILLS-118hr4387.txt,4
BILLS-115hr5703.txt,5
BILLS-114s3319.txt,7
BILLS-107hr5512.txt,7
BILLS-118hjres194.txt,2
BILLS-115hr7114.txt,6
BILLS-116hr6982.txt,3
BILLS-107s26.txt,5
BILLS-117hr8476.txt,4
BILLS-111hres724.txt,4
BILLS-112s2274.txt,7
BILLS-113s53.txt,8
BILLS-115hr2722.txt,9
BILLS-112s313.txt,8
BILLS-117hr5620.txt,7
BILLS-113s2274.txt,2
BILLS-107hr5248.txt,3
BILLS-110hr7090.txt,10
BILLS-118hr2912.txt,5
BILLS-115s3331.txt,6
BILLS-107s242.txt,4
BILLS-115s2749.txt,5
BILLS-112hr5940.txt,0
BILLS-108hr3902.txt,8
BILLS-109hr5082.txt,7
BILLS-117hr4258.txt,5
BILLS-118s1622.txt,8
BILLS-109hr3418.txt,7
BILLS-112hr1515.txt,0
BILLS-110hr372.txt,5
BILLS-111hr400.txt,5
BILLS-117hr7962.txt,7
BILLS-113hr4744.txt,3
BILLS-110hr2665.txt,8
BILLS-108hr1898.txt,5
BILLS-118hr7659.txt,4
BILLS-118s3753.txt,8
BILLS-106s2433.txt,9
BILLS-116s910.txt,8
BILLS-108hr5426.txt,3
BILLS-116s5061.txt,6
BILLS-118hr2735.txt,8
BILLS-108s1279.txt,7
BILLS-110hr5678.txt,4
BILLS-110s2555.txt,10
BILLS-118s4028.txt,1
BILLS-113hr3981.txt,4
BILLS-109hr631.txt,2
BILLS-111hres917.txt,5
BILLS-110s996.txt,7
BILLS-118hjres157.txt,3
BILLS-118hr8230.txt,3
BILLS-110hr4228.txt,8
BILLS-109s361.txt,8
BILLS-110hr1350.txt,8
BILLS-107hr2296.txt,5
BILLS-106s2369.txt,5
BILLS-116s2040.txt,8
BILLS-111s575.txt,8
BILLS-111s213.txt,2
BILLS-118hr524.txt,3
BILLS-107s1674.txt,5
BILLS-116s4357.txt,8
BILLS-115hr2939.txt,5
BILLS-108s1251.txt,7
BILLS-112sres442.txt,8
BILLS-118hr8556.txt,2
BILLS-110s3663.txt,3
BILLS-114hr813.txt,8
BILLS-114s1297.txt,3
BILLS-112hr4323.txt,0
BILLS-108s2994.txt,5
BILLS-113hr5314.txt,8
BILLS-108hr619.txt,3
BILLS-117s1549.txt,5
BILLS-109hr5727.txt,5
BILLS-117hr3292.txt,7
BILLS-108hr4710.txt,0
BILLS-108s600.txt,8
BILLS-109hr4439.txt,4
BILLS-117hr673.txt,7
BILLS-115s145.txt,2
BILLS-111s561.txt,8
BILLS-117s2726.txt,7
BILLS-117s3438.txt,3
BILLS-108hr1481.txt,5
BILLS-113hr2692.txt,8
BILLS-109hr382.txt,5
BILLS-109s822.txt,3
BILLS-112s1225.txt,5
BILLS-112hr679.txt,5
BILLS-112s893.txt,8
BILLS-113s458.txt,0
BILLS-111s788.txt,4
BILLS-107hr1576.txt,9
BILLS-114hr6321.txt,8
BILLS-117hr5378.txt,5
BILLS-114hr5628.txt,7
BILLS-108hr382.txt,5
BILLS-117hr3709.txt,5
BILLS-109s836.txt,7
BILLS-115hr344.txt,8
BILLS-116hr5737.txt,7
BILLS-115hr4179.txt,7
BILLS-118hr915.txt,2
BILLS-111hr6299.txt,6
BILLS-115hjres71.txt,2
BILLS-117hr1678.txt,8
BILLS-117s4814.txt,8
BILLS-115hr4151.txt,8
BILLS-111hconres280.txt,7
BILLS-108s1090.txt,3
BILLS-117s726.txt,4
BILLS-110hr831.txt,5
BILLS-106s2816.txt,9
BILLS-114s1042.txt,9
BILLS-109hr1794.txt,5
BILLS-115hr6746.txt,0
BILLS-112hr3841.txt,3
BILLS-112hr4848.txt,0
BILLS-114s1724.txt,8
BILLS-112s3368.txt,3
BILLS-106hr5411.txt,3
BILLS-116s4828.txt,0
BILLS-117hr3721.txt,5
BILLS-112hr1924.txt,5
BILLS-115hr2252.txt,8
BILLS-112s2062.txt,0
BILLS-109s1090.txt,3
BILLS-113hr123.txt,9
BILLS-117hr9218.txt,9
BILLS-115hconres50.txt,5
BILLS-115s3133.txt,7
BILLS-111hconres294.txt,7
BILLS-109hr3197.txt,2
BILLS-117hr5422.txt,7
BILLS-116s4169.txt,0
BILLS-117s1763.txt,5
BILLS-111hres1298.txt,9
BILLS-108hr1442.txt,2
BILLS-117hr1877.txt,3
BILLS-112hr2578.txt,3
BILLS-114hr6490.txt,5
BILLS-115hr6961.txt,8
BILLS-111s1538.txt,9
BILLS-113hr5658.txt,5
BILLS-109hr427.txt,8
BILLS-117s5263.txt,9
BILLS-113hr876.txt,2
BILLS-117s1005.txt,5
BILLS-108hr5142.txt,6
BILLS-109s2572.txt,5
BILLS-111hr1247.txt,5
BILLS-116s3160.txt,8
BILLS-117hr3906.txt,9
BILLS-108hr2639.txt,6
BILLS-117s1011.txt,1
BILLS-112s1594.txt,8
BILLS-107s1338.txt,5
BILLS-117hr9581.txt,7
BILLS-110hr2473.txt,7
BILLS-107s901.txt,8
BILLS-113hr862.txt,4
BILLS-109hr355.txt,8
BILLS-118hr6989.txt,5
BILLS-110s3449.txt,7
BILLS-109s1709.txt,8
BILLS-110hr2315.txt,5
BILLS-112hr3672.txt,5
BILLS-109hr4607.txt,5
BILLS-116hres1243.txt,5
BILLS-112hr3882.txt,2
BILLS-109s1721.txt,8
BILLS-114s1081.txt,8
BILLS-115hconres120.txt,5
BILLS-114s2588.txt,9
BILLS-110s202.txt,4
BILLS-110hr95.txt,3
BILLS-110s564.txt,7
BILLS-107hr994.txt,8
BILLS-115s1095.txt,6
BILLS-109hr4149.txt,5
BILLS-108hr4260.txt,9
BILLS-108s370.txt,5
BILLS-116s4633.txt,7
BILLS-110hr1152.txt,8
BILLS-109s163.txt,5
BILLS-113hr5664.txt,5
BILLS-118hr8032.txt,6
BILLS-115hr1940.txt,2
BILLS-111hr2766.txt,8
BILLS-113hr3201.txt,5
BILLS-111hr5009.txt,8
BILLS-115s2588.txt,4
BILLS-111s763.txt,5
BILLS-106hr4900.txt,6
BILLS-107hr980.txt,8
BILLS-110s570.txt,10
BILLS-116s4627.txt,4
BILLS-110hr1620.txt,5
BILLS-115s421.txt,5
BILLS-110s216.txt,5
BILLS-107s1462.txt,5
BILLS-118hr3615.txt,8
BILLS-118s4216.txt,8
BILLS-109s176.txt,5
BILLS-118s1409.txt,3
BILLS-110hr6628.txt,5
BILLS-108s365.txt,3
BILLS-115s346.txt,7
BILLS-107hr2081.txt,6
BILLS-110hr80.txt,8
BILLS-112hr6051.txt,3
BILLS-116hr2918.txt,10
BILLS-112sres47.txt,5
BILLS-111s762.txt,7
BILLS-109s1052.txt,4
BILLS-112hr3129.txt,4
BILLS-118s371.txt,7
BILLS-109s1734.txt,8
BILLS-117s2243.txt,8
BILLS-116s1038.txt,5
BILLS-118hr3614.txt,8
BILLS-111s3306.txt,8
BILLS-110hr7250.txt,8
BILLS-116s4140.txt,7
BILLS-110s1263.txt,3
BILLS-108hr4513.txt,4
BILLS-108s1046.txt,4
BILLS-118sjres86.txt,0
BILLS-111s3312.txt,4
BILLS-116hr5905.txt,8
BILLS-109hr5530.txt,6
BILLS-110s203.txt,4
BILLS-108hr4507.txt,8
BILLS-110hr1635.txt,5
BILLS-113hr3572.txt,8
BILLS-107s2618.txt,5
BILLS-113hr5665.txt,3
BILLS-110s3306.txt,5
BILLS-116hr316.txt,5
BILLS-110hr5335.txt,7
BILLS-110s2018.txt,4
BILLS-113hr693.txt,6
BILLS-106s3274.txt,4
BILLS-109s3889.txt,3
BILLS-110hr94.txt,5
BILLS-107hr995.txt,5
BILLS-113hr1403.txt,5
BILLS-114hr392.txt,5
BILLS-116s3175.txt,7
BILLS-109s2567.txt,8
BILLS-109s3679.txt,0
BILLS-118hr4621.txt,6
BILLS-108hr340.txt,5
BILLS-116hr3384.txt,8
BILLS-115hconres109.txt,6
BILLS-110s3448.txt,6
BILLS-118s3544.txt,5
BILLS-108s2567.txt,7
BILLS-111s1539.txt,9
BILLS-111hr165.txt,5
BILLS-113s1595.txt,8
BILLS-117hr1876.txt,5
BILLS-109hr340.txt,8
BILLS-108hr1443.txt,0
BILLS-106s2630.txt,5
BILLS-109hr4612.txt,5
BILLS-111hr1520.txt,8
BILLS-108hr3532.txt,7
BILLS-106s3248.txt,3
BILLS-109hr4174.txt,5
BILLS-117s1004.txt,7
BILLS-112s689.txt,5
BILLS-111hr3451.txt,4
BILLS-110hr3778.txt,1
BILLS-116hr7690.txt,3
BILLS-109hr426.txt,8
BILLS-113hr5659.txt,7
BILLS-118hr6022.txt,3
BILLS-111hr5020.txt,4
BILLS-108s2201.txt,8
BILLS-109s1091.txt,3
BILLS-116hr6565.txt,4
BILLS-107s2817.txt,5
BILLS-111hres533.txt,0
BILLS-117s22.txt,5
BILLS-114s2238.txt,10
BILLS-108s1085.txt,6
BILLS-116s520.txt,8
BILLS-113s317.txt,5
BILLS-112s104.txt,3
BILLS-114s828.txt,3
BILLS-112hr3854.txt,8
BILLS-109hr1795.txt,4
BILLS-114s1043.txt,5
BILLS-115s2238.txt,7
BILLS-110hr5490.txt,3
BILLS-110hr830.txt,5
BILLS-106s2817.txt,6
BILLS-109hr3182.txt,5
BILLS-113s2063.txt,6
BILLS-117hr3720.txt,7
BILLS-113s2705.txt,8
BILLS-111sres459.txt,4
BILLS-112hr1931.txt,8
BILLS-117hr6880.txt,0
BILLS-115hr423.txt,2
BILLS-106s2181.txt,9
BILLS-114hr5629.txt,8
BILLS-109s3862.txt,4
BILLS-113hr678.txt,7
BILLS-113hr5856.txt,5
BILLS-114hr437.txt,5
BILLS-111hr5949.txt,3
BILLS-118hr6793.txt,3
BILLS-107hr3406.txt,8
BILLS-109s837.txt,2
BILLS-112s138.txt,8
BILLS-114hr4245.txt,3
BILLS-114hr6452.txt,7
BILLS-109hr383.txt,8
BILLS-113hr2693.txt,5
BILLS-112s3433.txt,2
BILLS-116hr1222.txt,3
BILLS-117hr6664.txt,5
BILLS-117s3808.txt,7
BILLS-114hr6334.txt,8
BILLS-111s789.txt,6
BILLS-113s459.txt,5
BILLS-111hr1285.txt,2
BILLS-108s601.txt,7
BILLS-116hr1975.txt,0
BILLS-111hr4672.txt,5
BILLS-110hr5645.txt,5
BILLS-110s2568.txt,9
BILLS-112hr4322.txt,2
BILLS-107s280.txt,6
BILLS-114s1296.txt,5
BILLS-111hr2565.txt,9
BILLS-118s615.txt,4
BILLS-118hr1567.txt,6
BILLS-118hr6208.txt,7
BILLS-117hr2833.txt,8
BILLS-112hr6253.txt,4
BILLS-108hr5369.txt,2
BILLS-108s167.txt,8
BILLS-117hr672.txt,5
BILLS-116s2041.txt,8
BILLS-112hr6247.txt,5
BILLS-109hr5054.txt,5
BILLS-111hr1078.txt,8
BILLS-109s360.txt,8
BILLS-117hr6499.txt,6
BILLS-107hr1946.txt,7
BILLS-111s1061.txt,5
BILLS-110hr5137.txt,5
BILLS-116hr114.txt,7
BILLS-113hr5467.txt,6
BILLS-112hr2021.txt,3
BILLS-113hr5301.txt,8
BILLS-113s1973.txt,5
BILLS-107s3062.txt,7
BILLS-108s1250.txt,5
BILLS-111sres67.txt,5
BILLS-116s4356.txt,7
BILLS-108hr4705.txt,3
BILLS-109hr5732.txt,3
BILLS-111s3110.txt,2
BILLS-111s212.txt,9
BILLS-113hr1167.txt,4
BILLS-116s1206.txt,3
BILLS-118hr6552.txt,5
BILLS-110hr5679.txt,5
BILLS-118s2458.txt,5
BILLS-111hr1736.txt,5
BILLS-115hr2910.txt,2
BILLS-118hr2734.txt,8
BILLS-106hr4281.txt,8
BILLS-116hr4831.txt,8
BILLS-114hr3927.txt,9
BILLS-112s1797.txt,8
BILLS-118hr8219.txt,7
BILLS-109hr630.txt,4
BILLS-111hr5222.txt,8
BILLS-117hr7963.txt,3
BILLS-111hr401.txt,7
BILLS-110s3138.txt,5
BILLS-109hr624.txt,7
BILLS-118s3034.txt,5
BILLS-111s548.txt,9
BILLS-118hr3358.txt,1
BILLS-118hr4437.txt,5
BILLS-107hr4802.txt,5
BILLS-118hres1265.txt,8
BILLS-112s1783.txt,5
BILLS-111hr1044.txt,7
BILLS-116hr5285.txt,2
BILLS-114hr4084.txt,7
BILLS-118hr4351.txt,6
BILLS-107s1649.txt,7
BILLS-116s911.txt,5
BILLS-108hr1641.txt,5
BILLS-118s3752.txt,5
BILLS-116s1212.txt,0
BILLS-108hr1899.txt,5
BILLS-111hr4882.txt,6
BILLS-112hr3465.txt,8
BILLS-110hr5686.txt,4
BILLS-114s1255.txt,8
BILLS-116hres554.txt,5
BILLS-114hr5371.txt,5
BILLS-115s839.txt,3
BILLS-113hres182.txt,5
BILLS-117hr5621.txt,7
BILLS-117s531.txt,8
BILLS-114hr3700.txt,5
BILLS-114hr3066.txt,4
BILLS-111s3879.txt,8
BILLS-115hr4420.txt,7
BILLS-114hr4709.txt,4
BILLS-114hr5417.txt,4
BILLS-117hr4259.txt,0
BILLS-117hr869.txt,7
BILLS-112s2261.txt,5
BILLS-112hr5941.txt,3
BILLS-113s52.txt,8
BILLS-112s2275.txt,7
BILLS-107hr1985.txt,8
BILLS-112hr320.txt,5
BILLS-110hr1392.txt,3
BILLS-118hr280.txt,5
BILLS-110hr7085.txt,5
BILLS-114s3456.txt,1
BILLS-116s4395.txt,5
BILLS-114s1241.txt,7
BILLS-115s3324.txt,4
BILLS-107hr5275.txt,6
BILLS-117hr4503.txt,5
BILLS-107s1846.txt,8
BILLS-109hr5901.txt,2
BILLS-116hr699.txt,2
BILLS-118s3785.txt,7
BILLS-107hr1013.txt,3
BILLS-106hconres256.txt,8
BILLS-107hr5513.txt,6
BILLS-115hr621.txt,2
BILLS-114s2012.txt,7
BILLS-111sres667.txt,8
BILLS-110s1934.txt,5
BILLS-112s1740.txt,8
BILLS-115s2760.txt,6
BILLS-118hr7843.txt,7
BILLS-118s3791.txt,8
BILLS-116hr7337.txt,2
BILLS-112s1026.txt,4
BILLS-108hr4922.txt,7
BILLS-114hr5359.txt,6
BILLS-117hr5609.txt,5
BILLS-107s1852.txt,6
BILLS-108hr2214.txt,3
BILLS-112hr6441.txt,8
BILLS-110hr7126.txt,0
BILLS-117s486.txt,8
BILLS-108s775.txt,5
BILLS-110hr6238.txt,5
BILLS-110s1115.txt,8
BILLS-108s1330.txt,7
BILLS-112sres523.txt,4
BILLS-117hr7181.txt,2
BILLS-118s4607.txt,5
BILLS-118hr7062.txt,5
BILLS-112s1807.txt,7
BILLS-116s89.txt,7
BILLS-117hr3481.txt,5
BILLS-109s3533.txt,5
BILLS-108hr2572.txt,7
BILLS-107hr5498.txt,7
BILLS-109s214.txt,8
BILLS-117hr712.txt,6
BILLS-107hr4792.txt,5
BILLS-110s1667.txt,3
BILLS-118hr337.txt,2
BILLS-108hr5209.txt,5
BILLS-113hr1775.txt,5
BILLS-108hr2566.txt,8
BILLS-112hr2155.txt,6
BILLS-115s2833.txt,5
BILLS-112sres251.txt,8
BILLS-118s2262.txt,8
BILLS-118s2504.txt,7
BILLS-113s1807.txt,3
BILLS-115s3293.txt,7
BILLS-109hr1420.txt,5
BILLS-108hr2200.txt,8
BILLS-109hr2129.txt,8
BILLS-116s859.txt,6
BILLS-110s175.txt,5
BILLS-109hr5646.txt,8
BILLS-118hr4219.txt,5
BILLS-110hr7132.txt,9
BILLS-115s742.txt,5
BILLS-109hr83.txt,5
BILLS-117hr5782.txt,6
BILLS-117s4578.txt,5
BILLS-109hr2101.txt,2
BILLS-117s1400.txt,7
BILLS-108hr750.txt,8
BILLS-108s749.txt,5
BILLS-118s1743.txt,7
BILLS-118s98.txt,8
BILLS-113sres24.txt,5
BILLS-107s2546.txt,0
BILLS-116hr6834.txt,4
BILLS-110s2346.txt,0
BILLS-111hr3727.txt,8
BILLS-111hr2439.txt,9
BILLS-116hr3958.txt,3
BILLS-111hr1130.txt,4
BILLS-109s2605.txt,7
BILLS-116hr3780.txt,2
BILLS-116s865.txt,7
BILLS-108s1318.txt,6
BILLS-108hr3122.txt,8
BILLS-113sres188.txt,4
BILLS-113hr254.txt,5
BILLS-112hr526.txt,4
BILLS-115hr4232.txt,5
BILLS-114s2628.txt,5
BILLS-116s2684.txt,5
BILLS-107hr2334.txt,3
BILLS-116hr2475.txt,5
BILLS-114s1447.txt,10
BILLS-117hr7624.txt,3
BILLS-108s2188.txt,8
BILLS-109hr1385.txt,5
BILLS-116hres352.txt,7
BILLS-115s3536.txt,5
BILLS-117hr3456.txt,9
BILLS-114hr5577.txt,2
BILLS-113s713.txt,6
BILLS-115s1447.txt,8
BILLS-115hr2657.txt,3
BILLS-112s266.txt,5
BILLS-108s2836.txt,6
BILLS-114hr1077.txt,8
BILLS-110hr3397.txt,7
BILLS-114s1335.txt,8
BILLS-108hr793.txt,4
BILLS-114hr2556.txt,2
BILLS-117hr3318.txt,5
BILLS-111hr3096.txt,5
BILLS-117hr9153.txt,3
BILLS-118hr7923.txt,3
BILLS-115s2166.txt,8
BILLS-113hr3189.txt,4
BILLS-117hr6506.txt,7
BILLS-107s2585.txt,5
BILLS-112s528.txt,5
BILLS-112s1620.txt,5
BILLS-116s76.txt,5
BILLS-116hr2449.txt,4
BILLS-118hr4580.txt,8
BILLS-107s1098.txt,5
BILLS-114s3278.txt,8
BILLS-116s118.txt,5
BILLS-111s3925.txt,9
BILLS-110s2391.txt,4
BILLS-112hr2814.txt,4
BILLS-116sres576.txt,0
BILLS-107s1926.txt,8
BILLS-109hr5861.txt,5
BILLS-116hr5454.txt,5
BILLS-115s965.txt,3
BILLS-112s1152.txt,5
BILLS-111s3514.txt,8
BILLS-118hr4769.txt,8
BILLS-108s211.txt,8
BILLS-109hr3747.txt,5
BILLS-110hr1033.txt,5
BILLS-115hr4795.txt,4
BILLS-115sres544.txt,8
BILLS-110s3266.txt,9
BILLS-118s4405.txt,3
BILLS-109s1898.txt,7
BILLS-111hr4504.txt,5
BILLS-117s3029.txt,0
BILLS-118s2712.txt,2
BILLS-108s577.txt,7
BILLS-115s1692.txt,1
BILLS-116s3983.txt,0
BILLS-113hjres90.txt,5
BILLS-116s483.txt,2
BILLS-108hr92.txt,5
BILLS-110s1303.txt,7
BILLS-116hr5871.txt,8
BILLS-109hr4982.txt,1
BILLS-118s3418.txt,6
BILLS-117hr7397.txt,0
BILLS-109hr1622.txt,0
BILLS-117s2323.txt,7
BILLS-116hr504.txt,0
BILLS-110hr5527.txt,8
BILLS-118s2706.txt,8
BILLS-118hr1605.txt,5
BILLS-117s4034.txt,4
BILLS-110hr5241.txt,5
BILLS-112hr2357.txt,4
BILLS-114s3085.txt,6
BILLS-110sres186.txt,5
BILLS-111s602.txt,4
BILLS-116s2337.txt,6
BILLS-106hr4861.txt,8
BILLS-108hr4315.txt,4
BILLS-108s1640.txt,3
BILLS-118sres433.txt,9
BILLS-118hr6142.txt,7
BILLS-110s2144.txt,6
BILLS-111hr763.txt,8
BILLS-114sres110.txt,5
BILLS-111s3528.txt,8
BILLS-116hres19.txt,8
BILLS-106hr4849.txt,8
BILLS-116hr3596.txt,7
BILLS-118hr4755.txt,5
BILLS-110hr1769.txt,4
BILLS-118s1227.txt,8
BILLS-108hr3334.txt,5
BILLS-111hr1440.txt,5
BILLS-112hr903.txt,2
BILLS-116hr7096.txt,5
BILLS-113hr2730.txt,4
BILLS-109hr6165.txt,6
BILLS-117s3015.txt,5
BILLS-112hr4068.txt,4
BILLS-116hr7082.txt,4
BILLS-118s1233.txt,7
BILLS-108hr546.txt,7
BILLS-118hr3748.txt,6
BILLS-117s874.txt,9
BILLS-112hr1104.txt,5
BILLS-106s2744.txt,5
BILLS-109s4076.txt,3
BILLS-106s2022.txt,5
BILLS-115hr4965.txt,4
BILLS-117s1170.txt,5
BILLS-113hres579.txt,4
BILLS-108hr3446.txt,9
BILLS-118s1555.txt,9
BILLS-112s925.txt,8
BILLS-117s3767.txt,8
BILLS-118s3342.txt,3
BILLS-115s3720.txt,8
BILLS-117hr8715.txt,8
BILLS-107s2963.txt,5
BILLS-113hr730.txt,4
BILLS-112hr1851.txt,3
BILLS-114hr3310.txt,4
BILLS-115s1137.txt,8
BILLS-113s2665.txt,5
BILLS-115hr5448.txt,5
BILLS-110hr950.txt,6
BILLS-106s2977.txt,8
BILLS-117s647.txt,6
BILLS-111hr5801.txt,3
BILLS-110hr3181.txt,7
BILLS-110s2805.txt,7
BILLS-117hr1725.txt,2
BILLS-115s33.txt,3
BILLS-117hr3132.txt,7
BILLS-109hr4941.txt,0
BILLS-118sres396.txt,9
BILLS-110hr944.txt,8
BILLS-115s1645.txt,5
BILLS-114hr3462.txt,5
BILLS-114s2358.txt,7
BILLS-116s326.txt,7
BILLS-117hr3654.txt,6
BILLS-107s2977.txt,5
BILLS-117hr1043.txt,2
BILLS-117hr2562.txt,8
BILLS-106hr4652.txt,5
BILLS-118s1582.txt,8
BILLS-109s3916.txt,8
BILLS-112hconres119.txt,3
BILLS-115hr5474.txt,5
BILLS-116hr2893.txt,5
BILLS-118hr1836.txt,6
BILLS-115hr7263.txt,5
BILLS-111hr978.txt,5
BILLS-113hr4382.txt,5
BILLS-109hr1811.txt,5
BILLS-107s109.txt,4
BILLS-117hr9351.txt,5
BILLS-118hr8812.txt,7
BILLS-110hconres304.txt,4
BILLS-112s1344.txt,5
BILLS-116hr5642.txt,8
BILLS-115hr3763.txt,5
BILLS-106hr4120.txt,5
BILLS-115hr3777.txt,3
BILLS-112hr3908.txt,7
BILLS-111hr4289.txt,9
BILLS-113s1344.txt,7
BILLS-114hr6240.txt,9
BILLS-113hr2081.txt,0
BILLS-115hr6169.txt,5
BILLS-108hr1292.txt,7
BILLS-106hr4646.txt,8
BILLS-116s4961.txt,4
BILLS-109hr3974.txt,5
BILLS-116hr3541.txt,9
BILLS-114hr3448.txt,9
BILLS-117s679.txt,5
BILLS-118hr3945.txt,5
BILLS-115hr58.txt,5
BILLS-116sconres19.txt,2
BILLS-110hr1970.txt,6
BILLS-116hr5898.txt,4
BILLS-115hr1176.txt,7
BILLS-107hr1367.txt,9
BILLS-111s1498.txt,3
BILLS-117hr9353.txt,7
BILLS-116hr1340.txt,5
BILLS-113hr2097.txt,4
BILLS-109hr587.txt,5
BILLS-114hr2030.txt,9
BILLS-116hr5126.txt,8
BILLS-118s1580.txt,5
BILLS-107hr4579.txt,8
BILLS-108hr2955.txt,8
BILLS-114hr4455.txt,5
BILLS-114s2366.txt,5
BILLS-117hr2574.txt,3
BILLS-115s2414.txt,4
BILLS-110hr3815.txt,0
BILLS-107s679.txt,7
BILLS-109hr593.txt,6
BILLS-114hr233.txt,1
BILLS-118hr1820.txt,2
BILLS-118hjres71.txt,5
BILLS-111sres275.txt,5
BILLS-113s2129.txt,7
BILLS-113s249.txt,0
BILLS-117hr4663.txt,2
BILLS-112s1352.txt,6
BILLS-108hr587.txt,5
BILLS-109s1859.txt,3
BILLS-117hr1733.txt,8
BILLS-117hr4893.txt,2
BILLS-109s2388.txt,5
BILLS-117s1827.txt,7
BILLS-113s2101.txt,5
BILLS-109hr4957.txt,7
BILLS-116hr4562.txt,3
BILLS-112s714.txt,7
BILLS-107hr834.txt,7
BILLS-107hr4545.txt,7
BILLS-109hr3786.txt,5
BILLS-109s3928.txt,5
BILLS-114s1647.txt,4
BILLS-109hr1191.txt,7
BILLS-114hr1505.txt,5
BILLS-117s2490.txt,5
BILLS-113s513.txt,6
BILLS-118hr4964.txt,5
BILLS-109hr3792.txt,3
BILLS-116hr2661.txt,5
BILLS-115hr3749.txt,4
BILLS-117s651.txt,6
BILLS-107hr3558.txt,8
BILLS-107hr5129.txt,9
BILLS-115hr5338.txt,5
BILLS-109hr5485.txt,7
BILLS-110hres987.txt,10
BILLS-114hr569.txt,8
BILLS-111hres1310.txt,2
BILLS-115s31.txt,8
BILLS-110hr2262.txt,4
BILLS-117s2309.txt,6
BILLS-109sconres94.txt,5
BILLS-107s1529.txt,3
BILLS-114hr2795.txt,5
BILLS-112hr901.txt,5
BILLS-118hr4031.txt,9
BILLS-108hr4459.txt,8
BILLS-108hr3336.txt,5
BILLS-111hr1442.txt,3
BILLS-118sres419.txt,9
BILLS-109hr3779.txt,5
BILLS-114hr5944.txt,5
BILLS-106s2034.txt,9
BILLS-107s876.txt,8
BILLS-110s2146.txt,8
BILLS-118hr6140.txt,5
BILLS-109s1118.txt,7
BILLS-112hr3063.txt,2
BILLS-111hr3527.txt,3
BILLS-108hr2982.txt,9
BILLS-113s2854.txt,0
BILLS-114hr5950.txt,3
BILLS-108hr5035.txt,5
BILLS-115hr582.txt,3
BILLS-106s2020.txt,7
BILLS-109s4074.txt,0
BILLS-115s1860.txt,5
BILLS-110hr761.txt,7
BILLS-113hr3438.txt,5
BILLS-115sres208.txt,5
BILLS-107s2034.txt,7
BILLS-111s172.txt,8
BILLS-110hr7326.txt,0
BILLS-107s1515.txt,3
BILLS-109hr5452.txt,5
BILLS-112hr6641.txt,4
BILLS-110hr6038.txt,3
BILLS-117hr260.txt,8
BILLS-118s2710.txt,10
BILLS-113hr3410.txt,5
BILLS-112hr3739.txt,3
BILLS-115s3087.txt,8
BILLS-113hr2068.txt,6
BILLS-117s2453.txt,3
BILLS-113hres553.txt,5
BILLS-108s213.txt,4
BILLS-112hr1890.txt,8
BILLS-110s1473.txt,5
BILLS-117hr3681.txt,7
BILLS-115hres1145.txt,9
BILLS-111s3516.txt,5
BILLS-113hr1561.txt,7
BILLS-116s4744.txt,3
BILLS-112hr1884.txt,9
BILLS-108hr5009.txt,5
BILLS-114s3087.txt,6
BILLS-117s5328.txt,6
BILLS-111hres492.txt,7
BILLS-113sres439.txt,8
BILLS-118hr8145.txt,3
BILLS-117hr6935.txt,7
BILLS-117hr1082.txt,0
BILLS-114s1690.txt,8
BILLS-118s2704.txt,5
BILLS-111hr2163.txt,7
BILLS-110s3516.txt,3
BILLS-113hr5075.txt,5
BILLS-109hr5446.txt,5
BILLS-115s1684.txt,7
BILLS-110s822.txt,8
BILLS-117hr4313.txt,3
BILLS-116hr3755.txt,5
BILLS-118s944.txt,7
BILLS-114s1479.txt,8
BILLS-111hr5383.txt,6
BILLS-113s1636.txt,5
BILLS-114hr743.txt,3
BILLS-114s3508.txt,1
BILLS-114s2616.txt,5
BILLS-107s1930.txt,8
BILLS-108s788.txt,5
BILLS-116s2862.txt,8
BILLS-107hr2478.txt,8
BILLS-112s1150.txt,8
BILLS-117hr4461.txt,5
BILLS-109hr5863.txt,3
BILLS-117hr1519.txt,2
BILLS-118hr7935.txt,3
BILLS-107hr1171.txt,5
BILLS-115hr1360.txt,5
BILLS-115s3508.txt,9
BILLS-107s2593.txt,8
BILLS-113s1144.txt,5
BILLS-117hres704.txt,5
BILLS-118hr6395.txt,5
BILLS-111s3927.txt,7
BILLS-106hr4446.txt,5
BILLS-116hres344.txt,5
BILLS-112hr242.txt,3
BILLS-116hr4006.txt,8
BILLS-113s705.txt,0
BILLS-107hr3996.txt,8
BILLS-107hr388.txt,5
BILLS-116s3598.txt,4
BILLS-118sres182.txt,8
BILLS-116s654.txt,7
BILLS-115s1451.txt,0
BILLS-108hr1904.txt,7
BILLS-114hr1061.txt,8
BILLS-117hr1525.txt,5
BILLS-117hr7154.txt,3
BILLS-117hr3332.txt,5
BILLS-118hr490.txt,6
BILLS-112s264.txt,5
BILLS-116s2692.txt,3
BILLS-112hr530.txt,5
BILLS-108hr961.txt,8
BILLS-114hr61.txt,5
BILLS-108hres482.txt,3
BILLS-115s1323.txt,7
BILLS-115hr4542.txt,5
BILLS-107hr4753.txt,0
BILLS-118hr5878.txt,6
BILLS-112sjres37.txt,0
BILLS-118s3156.txt,8
BILLS-110hr211.txt,3
BILLS-111s4047.txt,5
BILLS-116sjres62.txt,5
BILLS-106s3128.txt,4
BILLS-118s1741.txt,3
BILLS-118hr4233.txt,7
BILLS-112s1187.txt,5
BILLS-108s993.txt,4
BILLS-111hr5426.txt,4
BILLS-117hr9192.txt,0
BILLS-116hr7282.txt,0
BILLS-111hr211.txt,3
BILLS-117hr9186.txt,7
BILLS-112hr3513.txt,5
BILLS-118hr5139.txt,5
BILLS-109s2161.txt,2
BILLS-114s2819.txt,9
BILLS-118hr4227.txt,7
BILLS-112s1193.txt,6
BILLS-114hr2583.txt,0
BILLS-114hr3845.txt,4
BILLS-108hr2558.txt,5
BILLS-108hr4129.txt,2
BILLS-109hr4200.txt,6
BILLS-114hr4694.txt,8
BILLS-118hr5677.txt,3
BILLS-112s1805.txt,2
BILLS-107hr4784.txt,4
BILLS-113hr3174.txt,5
BILLS-110s2378.txt,8
BILLS-109s1326.txt,0
BILLS-110s3066.txt,8
BILLS-112hr2143.txt,3
BILLS-113sres149.txt,5
BILLS-110s3700.txt,8
BILLS-118hr7706.txt,9
BILLS-117s3229.txt,4
BILLS-115hres13.txt,3
BILLS-108hr4667.txt,5
BILLS-116s4234.txt,4
BILLS-111s3072.txt,2
BILLS-116s683.txt,6
BILLS-117hr5780.txt,6
BILLS-116s2889.txt,4
BILLS-111hr6107.txt,5
BILLS-115hr3588.txt,3
BILLS-110s177.txt,4
BILLS-112hr6457.txt,7
BILLS-107hr3941.txt,6
BILLS-113hr1011.txt,8
BILLS-112hr2631.txt,5
BILLS-115s3291.txt,6
BILLS-113s1805.txt,8
BILLS-118s2506.txt,5
BILLS-114s1492.txt,5
BILLS-111hr2407.txt,8
BILLS-107hr1830.txt,7
BILLS-111hres848.txt,5
BILLS-111s3700.txt,2
BILLS-110hr6548.txt,4
BILLS-115hr4581.txt,4
BILLS-110hr1227.txt,3
BILLS-110s1922.txt,5
BILLS-115hr5700.txt,5
BILLS-118hjres197.txt,5
BILLS-116sres372.txt,10
BILLS-115hr3371.txt,3
BILLS-111s1088.txt,2
BILLS-116hr843.txt,3
BILLS-118s2499.txt,5
BILLS-107hr3606.txt,5
BILLS-116hr5536.txt,8
BILLS-107s1844.txt,6
BILLS-115hr4378.txt,4
BILLS-112s338.txt,7
BILLS-107hr2518.txt,7
BILLS-114s2776.txt,8
BILLS-107s1850.txt,7
BILLS-108s830.txt,8
BILLS-115s813.txt,7
BILLS-118hr4390.txt,5
BILLS-116hr3153.txt,5
BILLS-112s1024.txt,9
BILLS-107hr1005.txt,1
BILLS-114hr623.txt,4
BILLS-118s3793.txt,4
BILLS-112s3633.txt,3
BILLS-111hr5585.txt,3
BILLS-117hres1399.txt,3
BILLS-114sjres14.txt,5
BILLS-111hr3692.txt,10
BILLS-108hr5380.txt,5
BILLS-115hr637.txt,0
BILLS-118hjres183.txt,2
BILLS-107hr3174.txt,4
BILLS-117hr7752.txt,8
BILLS-115s2992.txt,0
BILLS-117hr3534.txt,8
BILLS-106hr5604.txt,4
BILLS-116s2094.txt,6
BILLS-107hr4633.txt,0
BILLS-112s304.txt,3
BILLS-108s2954.txt,7
BILLS-116hr6003.txt,5
BILLS-115hr6547.txt,5
BILLS-114s1243.txt,7
BILLS-115sres181.txt,6
BILLS-113s103.txt,5
BILLS-118s1806.txt,8
BILLS-107hr3148.txt,2
BILLS-116hr6771.txt,5
BILLS-117s4383.txt,4
BILLS-113s50.txt,9
BILLS-114hr1667.txt,5
BILLS-107sres26.txt,6
BILLS-111hr3645.txt,5
BILLS-109hr1218.txt,4
BILLS-118hr6236.txt,5
BILLS-108s2015.txt,8
BILLS-108s159.txt,5
BILLS-108hr140.txt,3
BILLS-112s1795.txt,5
BILLS-110hr365.txt,7
BILLS-110hr403.txt,5
BILLS-112hres517.txt,4
BILLS-118hr5059.txt,4
BILLS-106hr4283.txt,9
BILLS-107s1887.txt,3
BILLS-116s3413.txt,7
BILLS-108s2773.txt,1
BILLS-111hr371.txt,7
BILLS-111hr3123.txt,7
BILLS-111hr4880.txt,3
BILLS-117s3375.txt,5
BILLS-111hr4658.txt,5
BILLS-111hr365.txt,8
BILLS-113hr1159.txt,6
BILLS-115hr192.txt,5
BILLS-118hr4353.txt,7
BILLS-109s2015.txt,4
BILLS-106hr4297.txt,2
BILLS-107hr571.txt,0
BILLS-108hr3732.txt,5
BILLS-109s2773.txt,7
BILLS-112s489.txt,3
BILLS-117s1204.txt,2
BILLS-108hr5343.txt,7
BILLS-113hr2336.txt,2
BILLS-116hr6956.txt,5
BILLS-114hr1840.txt,2
BILLS-112s1971.txt,3
BILLS-116s3349.txt,8
BILLS-118hjres168.txt,3
BILLS-117hr670.txt,7
BILLS-109hr5042.txt,2
BILLS-107s1105.txt,8
BILLS-109s2983.txt,5
BILLS-118hr3372.txt,5
BILLS-112hr2037.txt,8
BILLS-117s2725.txt,5
BILLS-118s617.txt,9
BILLS-113s1965.txt,5
BILLS-116hr664.txt,3
BILLS-113hr5317.txt,6
BILLS-118s3778.txt,8
BILLS-115hr5099.txt,3
BILLS-106s2418.txt,8
BILLS-109hr5724.txt,8
BILLS-110hr7050.txt,8
BILLS-113hr1165.txt,0
BILLS-114s2951.txt,8
BILLS-108hr5419.txt,4
BILLS-112hconres84.txt,8
BILLS-109s2029.txt,2
BILLS-116s4354.txt,4
BILLS-112sres441.txt,5
BILLS-113s1971.txt,7
BILLS-112hr4334.txt,8
BILLS-116hr670.txt,4
BILLS-117hr1492.txt,9
BILLS-118hr7666.txt,5
BILLS-112hr2745.txt,8
BILLS-117hres857.txt,0
BILLS-113hr493.txt,0
BILLS-118sres747.txt,8
BILLS-107s1111.txt,5
BILLS-108hr168.txt,4
BILLS-118hr3366.txt,5
BILLS-109hr395.txt,6
BILLS-110s3489.txt,8
BILLS-114hr435.txt,2
BILLS-115s2574.txt,5
BILLS-107hr3362.txt,7
BILLS-109s3860.txt,5
BILLS-114hr4535.txt,8
BILLS-114s2206.txt,0
BILLS-116s4803.txt,3
BILLS-112s1554.txt,3
BILLS-109hr3816.txt,5
BILLS-108hr2835.txt,8
BILLS-116hr5046.txt,3
BILLS-116hr4358.txt,5
BILLS-114hr6336.txt,6
BILLS-116hr7651.txt,5
BILLS-116hr1220.txt,3
BILLS-112s3357.txt,5
BILLS-118hr6785.txt,5
BILLS-113hr2691.txt,7
BILLS-109hr381.txt,4
BILLS-118s2857.txt,0
BILLS-107s2183.txt,4
BILLS-112s1226.txt,2
BILLS-117hr3078.txt,3
BILLS-115hr353.txt,8
BILLS-110hr5486.txt,8
BILLS-114s1055.txt,8
BILLS-117hr8105.txt,5
BILLS-117hr5421.txt,7
BILLS-107hr3438.txt,3
BILLS-114hr3266.txt,8
BILLS-118hr4804.txt,5
BILLS-113s2713.txt,4
BILLS-113s473.txt,5
BILLS-109hr5283.txt,6
BILLS-109s3684.txt,8
BILLS-115hr1758.txt,8
BILLS-117s3822.txt,2
BILLS-113hr5868.txt,7
BILLS-109s1093.txt,8
BILLS-115s3642.txt,3
BILLS-111hconres98.txt,8
BILLS-117s34.txt,5
BILLS-116hr4364.txt,3
BILLS-116s2282.txt,5
BILLS-107hr954.txt,8
BILLS-117hr3722.txt,6
BILLS-107hr2732.txt,8
BILLS-106s2815.txt,5
BILLS-110hr832.txt,5
BILLS-117s3188.txt,5
BILLS-116hres740.txt,7
BILLS-114hr6487.txt,0
BILLS-109hr6013.txt,7
BILLS-111hr5750.txt,2
BILLS-116s3611.txt,8
BILLS-108hr3242.txt,6
BILLS-115s1900.txt,5
BILLS-116hr2926.txt,5
BILLS-117s1012.txt,2
BILLS-110hr1179.txt,6
BILLS-116hr5091.txt,8
BILLS-111hr2759.txt,5
BILLS-118s429.txt,8
BILLS-117hr9582.txt,7
BILLS-111hr3447.txt,3
BILLS-113hr2120.txt,7
BILLS-109hr430.txt,3
BILLS-118hr3158.txt,7
BILLS-110hr173.txt,5
BILLS-115hr4813.txt,5
BILLS-109s2571.txt,7
BILLS-106hr4095.txt,9
BILLS-116s3605.txt,6
BILLS-110hr6164.txt,5
BILLS-116hr3392.txt,2
BILLS-117s902.txt,7
BILLS-110hr4773.txt,8
BILLS-111hr167.txt,6
BILLS-110s2740.txt,5
BILLS-115hconres137.txt,9
BILLS-117hr314.txt,8
BILLS-108s1044.txt,4
BILLS-114s631.txt,0
BILLS-111hr6265.txt,8
BILLS-111hr4472.txt,8
BILLS-116hres797.txt,10
BILLS-117s2241.txt,8
BILLS-113hr3202.txt,3
BILLS-118hr7316.txt,5
BILLS-113sres559.txt,5
BILLS-116hr8589.txt,8
BILLS-106hr4903.txt,5
BILLS-107hr983.txt,6
BILLS-108hr4277.txt,5
BILLS-106hr4917.txt,7
BILLS-115s1096.txt,0
BILLS-114s143.txt,3
BILLS-110s3304.txt,7
BILLS-117hr6841.txt,3
BILLS-113hr5667.txt,0
BILLS-112hr4136.txt,3
BILLS-110hr5451.txt,7
BILLS-118s2670.txt,7
BILLS-117hr300.txt,3
BILLS-118s1379.txt,9
BILLS-114hr2811.txt,8
BILLS-118sres223.txt,7
BILLS-116s3639.txt,5
BILLS-116s4156.txt,3
BILLS-111hr6271.txt,5
BILLS-111s3310.txt,8
BILLS-116s1749.txt,0
BILLS-113hr5666.txt,5
BILLS-106s3277.txt,6
BILLS-108s372.txt,7
BILLS-107hr996.txt,5
BILLS-115hr2287.txt,5
BILLS-118hr724.txt,10
BILLS-110s200.txt,6
BILLS-110hr6159.txt,6
BILLS-117s1985.txt,5
BILLS-112s2909.txt,2
BILLS-111s3305.txt,8
BILLS-109hr5527.txt,5
BILLS-116hr5912.txt,4
BILLS-118hr4178.txt,8
BILLS-111hr6264.txt,5
BILLS-114hr2804.txt,9
BILLS-110hr1144.txt,5
BILLS-109hr3630.txt,3
BILLS-117hr473.txt,3
BILLS-118hr5500.txt,8
BILLS-109s3646.txt,8
BILLS-109hr5241.txt,6
BILLS-113hr1414.txt,8
BILLS-109hr1027.txt,5
BILLS-118hr1766.txt,7
BILLS-111s1274.txt,5
BILLS-109hr3618.txt,4
BILLS-118hres1064.txt,3
BILLS-109s4101.txt,6
BILLS-110hr172.txt,5
BILLS-117hr8689.txt,4
BILLS-107s2627.txt,8
BILLS-111hr600.txt,0
BILLS-112s3395.txt,5
BILLS-117s3610.txt,8
BILLS-118hr6747.txt,9
BILLS-111hr166.txt,6
BILLS-116hr3393.txt,0
BILLS-110s1248.txt,7
BILLS-106s2627.txt,5
BILLS-112hres714.txt,10
BILLS-112hr874.txt,3
BILLS-110hr6171.txt,9
BILLS-118s4228.txt,5
BILLS-117s5275.txt,7
BILLS-111hr3446.txt,8
BILLS-108s2216.txt,5
BILLS-109hr4163.txt,5
BILLS-111s2999.txt,8
BILLS-106hr5413.txt,5
BILLS-114s3131.txt,5
BILLS-109s3849.txt,3
BILLS-118sres587.txt,5
BILLS-117s4180.txt,2
BILLS-107s2800.txt,5
BILLS-109s1938.txt,5
BILLS-114s1040.txt,3
BILLS-114s1.txt,2
BILLS-117s724.txt,5
BILLS-112hr647.txt,5
BILLS-114s2549.txt,0
BILLS-107hr2733.txt,4
BILLS-113s2074.txt,8
BILLS-118sjres52.txt,2
BILLS-107hr2727.txt,8
BILLS-118hr8781.txt,2
BILLS-114hr6479.txt,5
BILLS-109s1092.txt,2
BILLS-115hr1981.txt,4
BILLS-116hr6566.txt,5
BILLS-117s4194.txt,8
BILLS-108s1938.txt,9
BILLS-116s2297.txt,5
BILLS-110hr6830.txt,8
BILLS-113s472.txt,3
BILLS-110hr1187.txt,10
BILLS-116hr1221.txt,5
BILLS-111hres518.txt,8
BILLS-114hr6337.txt,5
BILLS-113s1233.txt,2
BILLS-116hr8563.txt,4
BILLS-108hr5183.txt,5
BILLS-115hr2278.txt,3
BILLS-110hr68.txt,4
BILLS-116s4816.txt,7
BILLS-115hr5517.txt,5
BILLS-115hr434.txt,5
BILLS-117hr498.txt,5
BILLS-115hr4609.txt,5
BILLS-111s952.txt,8
BILLS-107hr3377.txt,8
BILLS-114hr3529.txt,5
BILLS-110hr1811.txt,0
BILLS-116hr6228.txt,4
BILLS-107s2196.txt,6
BILLS-114hr434.txt,2
BILLS-108hr1497.txt,5
BILLS-109hr394.txt,7
BILLS-117hr8138.txt,8
BILLS-118hr6948.txt,5
BILLS-118hr8965.txt,5
BILLS-113hres15.txt,5
BILLS-106hr4043.txt,7
BILLS-107hr5074.txt,5
BILLS-109hr3817.txt,8
BILLS-107hr5712.txt,7
BILLS-115hr5503.txt,5
BILLS-112s885.txt,5
BILLS-110hr3223.txt,7
BILLS-110s3661.txt,4
BILLS-118s4002.txt,4
BILLS-111sres64.txt,7
BILLS-113hres156.txt,3
BILLS-108hr4706.txt,7
BILLS-118hr5070.txt,4
BILLS-112hconres85.txt,5
BILLS-114s2950.txt,7
BILLS-117hr3284.txt,6
BILLS-111s211.txt,3
BILLS-107sconres39.txt,9
BILLS-111hr86.txt,7
BILLS-112hr6244.txt,3
BILLS-108s170.txt,8
BILLS-118hres638.txt,6
BILLS-118s616.txt,7
BILLS-111hr4117.txt,3
BILLS-110s3113.txt,2
BILLS-117hres79.txt,8
BILLS-111s563.txt,4
BILLS-117hr671.txt,5
BILLS-118hjres169.txt,2
BILLS-112hr492.txt,8
BILLS-116s4341.txt,8
BILLS-118hr3415.txt,5
BILLS-116s2730.txt,5
BILLS-113hr1170.txt,3
BILLS-116s1239.txt,0
BILLS-118s4016.txt,5
BILLS-118hr7673.txt,3
BILLS-116hr665.txt,9
BILLS-113s1964.txt,3
BILLS-110hr2129.txt,5
BILLS-111hr2200.txt,5
BILLS-118hr2723.txt,5
BILLS-109s439.txt,7
BILLS-115hr2907.txt,3
BILLS-117s1563.txt,2
BILLS-113hr1158.txt,4
BILLS-116s2718.txt,8
BILLS-107hr3808.txt,8
BILLS-113s1794.txt,8
BILLS-108hr1642.txt,4
BILLS-111s1738.txt,9
BILLS-107hr1979.txt,4
BILLS-110hr2667.txt,8
BILLS-114sres271.txt,8
BILLS-111hr3650.txt,9
BILLS-115s2978.txt,8
BILLS-111s3649.txt,3
BILLS-112s1780.txt,5
BILLS-112s488.txt,5
BILLS-110hr6401.txt,8
BILLS-116s3360.txt,5
BILLS-117hr659.txt,5
BILLS-110hr364.txt,7
BILLS-117hr895.txt,6
BILLS-115hjres129.txt,5
BILLS-108s2014.txt,5
BILLS-110s2231.txt,8
BILLS-110hr4202.txt,3
BILLS-108hr1130.txt,9
BILLS-118s3023.txt,8
BILLS-118hres176.txt,2
BILLS-113hr2445.txt,2
BILLS-116hr881.txt,5
BILLS-107s3049.txt,2
BILLS-118hr7897.txt,4
BILLS-108s2772.txt,2
BILLS-109s2000.txt,6
BILLS-117s1577.txt,5
BILLS-108hr5430.txt,3
BILLS-106s2425.txt,5
BILLS-114s2993.txt,4
BILLS-110hr7086.txt,2
BILLS-113s2262.txt,9
BILLS-109hr3383.txt,3
BILLS-112hr3499.txt,3
BILLS-116hr7308.txt,1
BILLS-113s51.txt,8
BILLS-115hr6220.txt,3
BILLS-111hres1701.txt,4
BILLS-110hr2698.txt,4
BILLS-115s190.txt,4
BILLS-107hr5538.txt,3
BILLS-115hr5729.txt,5
BILLS-108hr3914.txt,2
BILLS-117s254.txt,5
BILLS-114s2039.txt,0
BILLS-110hr1385.txt,8
BILLS-113s670.txt,5
BILLS-118hr5919.txt,3
BILLS-116s2095.txt,4
BILLS-118s1813.txt,5
BILLS-113s45.txt,8
BILLS-112hr4484.txt,3
BILLS-110hr5685.txt,5
BILLS-114s1256.txt,8
BILLS-114s2987.txt,5
BILLS-112s3632.txt,5
BILLS-113s1757.txt,7
BILLS-118s3792.txt,4
BILLS-116hr7334.txt,4
BILLS-115hr5073.txt,7
BILLS-117hr4514.txt,7
BILLS-108hr3096.txt,8
BILLS-110s1089.txt,2
BILLS-111hr1084.txt,5
BILLS-114s2011.txt,2
BILLS-111s588.txt,3
BILLS-110s1937.txt,5
BILLS-116hr7452.txt,5
BILLS-116hr1023.txt,7
BILLS-117hres1398.txt,8
BILLS-116hr7446.txt,8
BILLS-107hr3161.txt,2
BILLS-114hr4736.txt,2
BILLS-115hr5701.txt,3
BILLS-115hr622.txt,2
BILLS-116hres1080.txt,4
BILLS-114hr4050.txt,5
BILLS-112s3626.txt,8
BILLS-117hr9024.txt,2
BILLS-118s3786.txt,7
BILLS-114hr636.txt,2
BILLS-113hr3940.txt,6
BILLS-118s2507.txt,6
BILLS-116hr705.txt,5
BILLS-107s3115.txt,4
BILLS-116s1359.txt,8
BILLS-117hr7196.txt,5
BILLS-115s999.txt,9
BILLS-114hr3878.txt,2
BILLS-107hr3940.txt,2
BILLS-108hr2203.txt,7
BILLS-110hr7131.txt,5
BILLS-109hr5645.txt,2
BILLS-117hr5781.txt,8
BILLS-108s1327.txt,2
BILLS-109s217.txt,5
BILLS-107hr4791.txt,8
BILLS-112s1810.txt,5
BILLS-111s3701.txt,5
BILLS-117hr2950.txt,7
BILLS-112hr2156.txt,5
BILLS-116hres392.txt,5
BILLS-111hr4077.txt,4
BILLS-109s1333.txt,3
BILLS-117hres1213.txt,5
BILLS-107hr1831.txt,4
BILLS-115s2824.txt,9
BILLS-109hr1351.txt,6
BILLS-117s2650.txt,7
BILLS-117hres1207.txt,3
BILLS-110s2379.txt,7
BILLS-107s491.txt,7
BILLS-109s203.txt,5
BILLS-106s3115.txt,6
BILLS-108hr4100.txt,8
BILLS-117s1359.txt,6
BILLS-117hr3482.txt,5
BILLS-109hr2658.txt,6
BILLS-108hr2571.txt,8
BILLS-114s2830.txt,8
BILLS-107s1716.txt,8
BILLS-115s755.txt,3
BILLS-110s1116.txt,5
BILLS-109s2148.txt,7
BILLS-113hr294.txt,5
BILLS-113sres148.txt,8
BILLS-109hr5679.txt,8
BILLS-114s2818.txt,8
BILLS-116hr4952.txt,1
BILLS-109hr3208.txt,1
BILLS-113s1838.txt,5
BILLS-114hr6082.txt,7
BILLS-113s1186.txt,8
BILLS-116hr6823.txt,2
BILLS-118s992.txt,2
BILLS-111hr5355.txt,7
BILLS-112hr3274.txt,3
BILLS-111hr1133.txt,0
BILLS-118hr5886.txt,3
BILLS-106s2223.txt,9
BILLS-118s1740.txt,7
BILLS-113s923.txt,8
BILLS-111s3729.txt,4
BILLS-116s1417.txt,5
BILLS-109hr6402.txt,0
BILLS-110s2345.txt,2
BILLS-108s2606.txt,8
BILLS-111s1658.txt,7
BILLS-110s2423.txt,7
BILLS-111hr5427.txt,5
BILLS-116s1371.txt,7
BILLS-108hr753.txt,2
BILLS-118hr4232.txt,6
BILLS-107hr376.txt,1
BILLS-111hr1641.txt,8
BILLS-116s641.txt,6
BILLS-110hr1583.txt,4
BILLS-107hr3983.txt,4
BILLS-112s265.txt,7
BILLS-117hr3333.txt,2
BILLS-117hres739.txt,5
BILLS-114hr1712.txt,2
BILLS-115hr2132.txt,2
BILLS-108hr3860.txt,7
BILLS-113s2470.txt,7
BILLS-118hr5879.txt,3
BILLS-116hr2462.txt,8
BILLS-115s1322.txt,5
BILLS-108hr3874.txt,4
BILLS-113s704.txt,8
BILLS-116hr4007.txt,7
BILLS-115hr3238.txt,5
BILLS-107hr3029.txt,5
BILLS-115s1336.txt,7
BILLS-112hr2181.txt,5
BILLS-112s2316.txt,8
BILLS-118hr8391.txt,5
BILLS-117s2693.txt,8
BILLS-114hr1060.txt,6
BILLS-107hr1158.txt,5
BILLS-110hr5929.txt,5
BILLS-117s4584.txt,9
BILLS-112hr4296.txt,5
BILLS-110hr1597.txt,5
BILLS-114hr5206.txt,5
BILLS-110hr589.txt,8
BILLS-116s2687.txt,7
BILLS-109hr5692.txt,5
BILLS-118hr2864.txt,5
BILLS-114hr756.txt,8
BILLS-116hr7240.txt,8
BILLS-107s1925.txt,6
BILLS-118hr2694.txt,5
BILLS-114hr3887.txt,5
BILLS-107hr2479.txt,5
BILLS-114hr2541.txt,5
BILLS-108hr784.txt,7
BILLS-107hr5470.txt,7
BILLS-114s2165.txt,9
BILLS-117hr2777.txt,8
BILLS-116sres213.txt,5
BILLS-113hr2280.txt,8
BILLS-109hr790.txt,5
BILLS-107s2592.txt,5
BILLS-110s2386.txt,5
BILLS-118hr6380.txt,2
BILLS-113hr2294.txt,2
BILLS-116hres379.txt,6
BILLS-112s1623.txt,0
BILLS-116s669.txt,5
BILLS-108hr948.txt,3
BILLS-114s2617.txt,3
BILLS-117hr4474.txt,8
BILLS-110hr5915.txt,5
BILLS-118hr1389.txt,6
BILLS-111hr4922.txt,4
BILLS-111hr990.txt,4
BILLS-113hr3363.txt,5
BILLS-109s1131.txt,7
BILLS-110s3271.txt,2
BILLS-117s5329.txt,8
BILLS-113hr1574.txt,5
BILLS-114s3086.txt,8
BILLS-109s2438.txt,3
BILLS-115hr4782.txt,9
BILLS-108s1643.txt,0
BILLS-109s773.txt,6
BILLS-111hr6304.txt,2
BILLS-110s1300.txt,2
BILLS-109hr5447.txt,6
BILLS-117s1629.txt,6
BILLS-118hr3777.txt,5
BILLS-116s2452.txt,8
BILLS-113hr5074.txt,5
BILLS-112hr2426.txt,2
BILLS-117s2334.txt,8
BILLS-111hr4507.txt,5
BILLS-111hr5619.txt,5
BILLS-117s4745.txt,7
BILLS-113hr3411.txt,5
BILLS-116s3758.txt,7
BILLS-116s494.txt,4
BILLS-112hr6640.txt,7
BILLS-116s3980.txt,5
BILLS-111s3271.txt,5
BILLS-110sres191.txt,6
BILLS-117hr3680.txt,6
BILLS-108s212.txt,7
BILLS-110s1472.txt,7
BILLS-107hr4587.txt,4
BILLS-114s1685.txt,5
BILLS-113hr3377.txt,2
BILLS-112s926.txt,9
BILLS-111s1328.txt,5
BILLS-116s1601.txt,5
BILLS-118s4348.txt,4
BILLS-112s3587.txt,8
BILLS-110hr5518.txt,7
BILLS-110s2635.txt,8
BILLS-110hr2277.txt,3
BILLS-108s2410.txt,7
BILLS-112hr3710.txt,4
BILLS-116hr5696.txt,9
BILLS-111hconres309.txt,4
BILLS-109hr4765.txt,2
BILLS-108hr545.txt,4
BILLS-118hr4024.txt,9
BILLS-109s997.txt,4
BILLS-108hr3337.txt,7
BILLS-118hr4030.txt,8
BILLS-113hr2733.txt,2
BILLS-107s2021.txt,4
BILLS-117s2308.txt,6
BILLS-111hr5625.txt,8
BILLS-118hr6627.txt,5
BILLS-117s4779.txt,5
BILLS-108s2362.txt,3
BILLS-111hr760.txt,5
BILLS-110hr4174.txt,9
BILLS-118hr3039.txt,2
BILLS-110hr6763.txt,5
BILLS-114hr4483.txt,5
BILLS-117hr3864.txt,8
BILLS-106hr4692.txt,8
BILLS-114hr3307.txt,5
BILLS-112hr1846.txt,5
BILLS-114hr4468.txt,8
BILLS-112hr3089.txt,8
BILLS-109s1694.txt,4
BILLS-118hr6814.txt,7
BILLS-116s2491.txt,9
BILLS-115s1646.txt,5
BILLS-116sconres24.txt,6
BILLS-115hr4033.txt,7
BILLS-109s2389.txt,0
BILLS-115s594.txt,5
BILLS-117hr4892.txt,8
BILLS-110hr4835.txt,4
BILLS-110s2806.txt,8
BILLS-118hr8193.txt,10
BILLS-112s2114.txt,5
BILLS-117s3957.txt,8
BILLS-111hres1463.txt,4
BILLS-107s650.txt,6
BILLS-111hr947.txt,3
BILLS-116hr4205.txt,6
BILLS-111s2812.txt,5
BILLS-118hr1821.txt,4
BILLS-107s2790.txt,8
BILLS-118s3382.txt,2
BILLS-110s1499.txt,8
BILLS-108hr2940.txt,8
BILLS-108hr586.txt,8
BILLS-107hr5114.txt,5
BILLS-106s2784.txt,8
BILLS-113s248.txt,5
BILLS-118hr3788.txt,0
BILLS-116hr5655.txt,0
BILLS-117hr2213.txt,3
BILLS-117hr9346.txt,8
BILLS-109s1870.txt,6
BILLS-114hr6531.txt,3
BILLS-113s1435.txt,7
BILLS-116hr8365.txt,7
BILLS-118s2936.txt,8
BILLS-117hr3119.txt,5
BILLS-107hr5100.txt,4
BILLS-106s2948.txt,6
BILLS-115hr59.txt,6
BILLS-108s49.txt,6
BILLS-107hr2109.txt,6
BILLS-113s1353.txt,0
BILLS-115s2439.txt,5
BILLS-112s29.txt,7
BILLS-115s3727.txt,8
BILLS-112s2110.txt,3
BILLS-115hr6620.txt,5
BILLS-111hres1301.txt,8
BILLS-117hr8074.txt,5
BILLS-114hr578.txt,5
BILLS-112hr4090.txt,5
BILLS-116hr3208.txt,5
BILLS-118hr683.txt,4
BILLS-110hr1949.txt,8
BILLS-117s1836.txt,5
BILLS-114s797.txt,5
BILLS-117s654.txt,7
BILLS-114hr3465.txt,4
BILLS-107hr2643.txt,7
BILLS-109s1848.txt,8
BILLS-115s3055.txt,4
BILLS-117hres259.txt,6
BILLS-117s4796.txt,0
BILLS-116s1822.txt,5
BILLS-117hr1044.txt,5
BILLS-113hr723.txt,8
BILLS-112s2104.txt,7
BILLS-117hr8706.txt,6
BILLS-111hres1473.txt,3
BILLS-114hr3303.txt,3
BILLS-115hr4745.txt,5
BILLS-110s2180.txt,8
BILLS-118hr6186.txt,5
BILLS-110hr3804.txt,6
BILLS-107s2780.txt,8
BILLS-116s4972.txt,7
BILLS-106hr4655.txt,5
BILLS-114hr4444.txt,4
BILLS-112s1343.txt,6
BILLS-110hr1975.txt,9
BILLS-111s188.txt,8
BILLS-117hr6065.txt,5
BILLS-115s3069.txt,5
BILLS-117hr6071.txt,5
BILLS-116hr6358.txt,5
BILLS-118hr873.txt,8
BILLS-114s2405.txt,8
BILLS-117s668.txt,0
BILLS-112s1357.txt,2
BILLS-116hr3220.txt,8
BILLS-116hr4229.txt,3
BILLS-107hr2119.txt,9
BILLS-114hr2021.txt,4
BILLS-112s1431.txt,5
BILLS-118hr4785.txt,9
BILLS-109hr3973.txt,8
BILLS-108hr3482.txt,7
BILLS-115hr7270.txt,5
BILLS-107hr1410.txt,4
BILLS-113s1343.txt,4
BILLS-117s2456.txt,0
BILLS-117s5339.txt,3
BILLS-111hr980.txt,10
BILLS-117hres1001.txt,5
BILLS-118hr6179.txt,0
BILLS-110s1476.txt,6
BILLS-108s216.txt,4
BILLS-113s2879.txt,8
BILLS-109hr5331.txt,7
BILLS-117s1639.txt,8
BILLS-115hr2485.txt,5
BILLS-107hr2694.txt,7
BILLS-109hr2338.txt,4
BILLS-118hr3767.txt,7
BILLS-117hr5593.txt,0
BILLS-115s1695.txt,8
BILLS-113hr3415.txt,7
BILLS-118s202.txt,8
BILLS-109hr1631.txt,8
BILLS-117s2330.txt,5
BILLS-118s2701.txt,6
BILLS-112hr2436.txt,5
BILLS-110s3513.txt,8
BILLS-110hr7337.txt,5
BILLS-109hr5443.txt,0
BILLS-116s2456.txt,9
BILLS-109s777.txt,8
BILLS-108s564.txt,3
BILLS-114hres727.txt,5
BILLS-109hr3754.txt,5
BILLS-110hr6997.txt,8
BILLS-118hr7273.txt,2
BILLS-118s4416.txt,0
BILLS-110s3275.txt,6
BILLS-109s1135.txt,5
BILLS-110hr6767.txt,3
BILLS-110hr1008.txt,0
BILLS-116s2318.txt,5
BILLS-115hr4976.txt,7
BILLS-116s1611.txt,5
BILLS-117s5305.txt,10
BILLS-117s3774.txt,8
BILLS-115hr6807.txt,4
BILLS-117hr9395.txt,5
BILLS-116s1177.txt,4
BILLS-108hr1524.txt,5
BILLS-113hr5058.txt,5
BILLS-112hr1117.txt,5
BILLS-116hr5686.txt,4
BILLS-108hr3333.txt,3
BILLS-117hr259.txt,5
BILLS-118hr3983.txt,5
BILLS-109hr4775.txt,3
BILLS-112hr910.txt,0
BILLS-107s1538.txt,8
BILLS-110hr764.txt,8
BILLS-112hr1103.txt,4
BILLS-116hr5692.txt,5
BILLS-109hr4761.txt,2
BILLS-111hr5635.txt,9
BILLS-118hr1158.txt,4
BILLS-117s2318.txt,8
BILLS-113sres400.txt,7
BILLS-113s1380.txt,2
BILLS-116s1605.txt,6
BILLS-110hr2515.txt,8
BILLS-106hr4682.txt,3
BILLS-118s1552.txt,8
BILLS-115hr587.txt,5
BILLS-111s639.txt,4
BILLS-109hr5319.txt,0
BILLS-114hr5202.txt,5
BILLS-113s2306.txt,8
BILLS-108hr970.txt,0
BILLS-114hr70.txt,2
BILLS-114s1326.txt,5
BILLS-113hr253.txt,3
BILLS-113s1169.txt,3
BILLS-115hr6344.txt,7
BILLS-112hr5832.txt,3
BILLS-107hr2333.txt,3
BILLS-108s1486.txt,9
BILLS-117hr2997.txt,7
BILLS-114hr5570.txt,2
BILLS-117hr8504.txt,7
BILLS-110hr2930.txt,2
BILLS-114s1454.txt,3
BILLS-114s1332.txt,7
BILLS-118s3806.txt,0
BILLS-110hr599.txt,2
BILLS-117hr4458.txt,8
BILLS-118hr495.txt,3
BILLS-112hr6491.txt,5
BILLS-110hr1587.txt,8
BILLS-108hr964.txt,5
BILLS-116hr932.txt,8
BILLS-108hr794.txt,0
BILLS-110s199.txt,8
BILLS-109hr5872.txt,9
BILLS-110s827.txt,7
BILLS-116sres203.txt,3
BILLS-107hr5460.txt,5
BILLS-113hr1799.txt,9
BILLS-110sres368.txt,9
BILLS-118s3190.txt,0
BILLS-108hr1097.txt,8
BILLS-110s833.txt,5
BILLS-113hr1955.txt,6
BILLS-117hr2773.txt,8
BILLS-114hr2223.txt,7
BILLS-108s941.txt,8
BILLS-118hr2848.txt,9
BILLS-116s2873.txt,7
BILLS-108hr958.txt,4
BILLS-114s2607.txt,3
BILLS-107hr1174.txt,1
BILLS-116hr926.txt,5
BILLS-113hr5266.txt,8
BILLS-117hr6298.txt,4
BILLS-112hr4251.txt,2
BILLS-107hr3788.txt,3
BILLS-110s1112.txt,5
BILLS-108s1337.txt,2
BILLS-107hr2496.txt,8
BILLS-109hr5133.txt,7
BILLS-112hr284.txt,4
BILLS-109s207.txt,7
BILLS-110s1674.txt,7
BILLS-117hr7838.txt,5
BILLS-115hr7099.txt,5
BILLS-110hr3435.txt,7
BILLS-115hr6393.txt,5
BILLS-109s213.txt,4
BILLS-109hr3556.txt,2
BILLS-114s230.txt,3
BILLS-114s556.txt,5
BILLS-118s4172.txt,8
BILLS-111hr4715.txt,9
BILLS-109hr6348.txt,4
BILLS-113hr3603.txt,4
BILLS-107s3111.txt,4
BILLS-115hr2863.txt,8
BILLS-108s996.txt,5
BILLS-118s3635.txt,5
BILLS-111hr3052.txt,3
BILLS-112hr3502.txt,6
BILLS-111hr5423.txt,8
BILLS-113hr4144.txt,0
BILLS-118hr9074.txt,4
BILLS-116hr1184.txt,8
BILLS-112hr3264.txt,3
BILLS-106hr4494.txt,5
BILLS-114hr4849.txt,5
BILLS-108hr5232.txt,8
BILLS-118s1988.txt,5
BILLS-110s1884.txt,8
BILLS-106hr4480.txt,6
BILLS-109hr4205.txt,6
BILLS-110s2355.txt,8
BILLS-115s2808.txt,6
BILLS-109hr757.txt,8
BILLS-111hr3720.txt,5
BILLS-118s4628.txt,8
BILLS-108hr1732.txt,8
BILLS-111hr3046.txt,4
BILLS-116s4219.txt,5
BILLS-116hr4956.txt,5
BILLS-118s1036.txt,5
BILLS-113hr1028.txt,0
BILLS-116s2668.txt,9
BILLS-110hr7109.txt,7
BILLS-111hr1889.txt,7
BILLS-114hr3707.txt,8
BILLS-115s1520.txt,7
BILLS-109hr1584.txt,8
BILLS-117hr8302.txt,6
BILLS-118s3966.txt,4
BILLS-116hr6760.txt,2
BILLS-116hr8995.txt,7
BILLS-112hr4480.txt,0
BILLS-116hconres89.txt,10
BILLS-110hr2850.txt,9
BILLS-117hres885.txt,6
BILLS-114s393.txt,8
BILLS-111hr41.txt,9
BILLS-113s2500.txt,0
BILLS-109s3497.txt,6
BILLS-107s20.txt,5
BILLS-114hr3075.txt,5
BILLS-114s387.txt,5
BILLS-109s1280.txt,6
BILLS-109hr804.txt,5
BILLS-112s2272.txt,5
BILLS-115s2983.txt,5
BILLS-109hr1590.txt,4
BILLS-115s1534.txt,5
BILLS-116sres439.txt,5
BILLS-107hr2535.txt,3
BILLS-117hr3243.txt,4
BILLS-111s1933.txt,9
BILLS-115s2015.txt,8
BILLS-118hr7850.txt,5
BILLS-117hr2175.txt,3
BILLS-116hr3142.txt,3
BILLS-106s2384.txt,6
BILLS-111s598.txt,9
BILLS-111hr69.txt,5
BILLS-108hr3938.txt,5
BILLS-114hr2343.txt,5
BILLS-115hr3374.txt,2
BILLS-113s890.txt,3
BILLS-118hjres192.txt,2
BILLS-110s953.txt,5
BILLS-116hr5255.txt,8
BILLS-116hr7442.txt,5
BILLS-116hr8771.txt,7
BILLS-114hr6125.txt,8
BILLS-110sres208.txt,9
BILLS-108hr5385.txt,4
BILLS-107hr3171.txt,1
BILLS-117s278.txt,7
BILLS-111hr1080.txt,9
BILLS-110s947.txt,3
BILLS-111sres660.txt,7
BILLS-115hr3406.txt,4
BILLS-115s1508.txt,5
BILLS-107hr5266.txt,8
BILLS-109hr186.txt,7
BILLS-117hr7019.txt,6
BILLS-116hr8003.txt,5
BILLS-114hr1138.txt,9
BILLS-107s287.txt,5
BILLS-114s1291.txt,5
BILLS-113hr5312.txt,4
BILLS-111hr348.txt,5
BILLS-111hr4675.txt,2
BILLS-116s2734.txt,5
BILLS-118hr3411.txt,8
BILLS-114s2798.txt,3
BILLS-109s2038.txt,5
BILLS-108hr4716.txt,8
BILLS-108s1525.txt,5
BILLS-112hr6254.txt,7
BILLS-118s612.txt,8
BILLS-107hr1941.txt,4
BILLS-112hr5991.txt,8
BILLS-111hr5219.txt,7
BILLS-113hres634.txt,3
BILLS-116s2046.txt,5
BILLS-110s760.txt,5
BILLS-108hr2373.txt,8
BILLS-106s2409.txt,8
BILLS-112hr482.txt,7
BILLS-109hr3344.txt,3
BILLS-108s612.txt,5
BILLS-113hr4018.txt,6
BILLS-110hr5656.txt,3
BILLS-111hr2210.txt,3
BILLS-110hr3227.txt,4
BILLS-114hr5389.txt,5
BILLS-115hr2917.txt,3
BILLS-107s1882.txt,4
BILLS-106hr4286.txt,10
BILLS-111hr4891.txt,5
BILLS-114sres507.txt,2
BILLS-108sres300.txt,4
BILLS-117hr7970.txt,8
BILLS-110s2235.txt,5
BILLS-109hr4365.txt,6
BILLS-106s2347.txt,4
BILLS-108hr5352.txt,9
BILLS-110s748.txt,0
BILLS-111hr1043.txt,6
BILLS-112s1784.txt,0
BILLS-107s1128.txt,0
BILLS-117s2708.txt,7
BILLS-111hr3654.txt,8
BILLS-113hr4742.txt,6
BILLS-113hr2455.txt,5
BILLS-108hr1646.txt,5
BILLS-112hr1275.txt,7
BILLS-118hr3439.txt,8
BILLS-109hr4417.txt,5
BILLS-115hr4625.txt,5
BILLS-112hr1922.txt,3
BILLS-109hr5286.txt,3
BILLS-113s476.txt,6
BILLS-113s2716.txt,7
BILLS-116hr4375.txt,5
BILLS-109s1096.txt,8
BILLS-113hr643.txt,5
BILLS-112hr3853.txt,5
BILLS-109hr4826.txt,4
BILLS-111hconres292.txt,4
BILLS-113s304.txt,5
BILLS-109s818.txt,6
BILLS-107hr2737.txt,5
BILLS-116s4190.txt,8
BILLS-107hr3429.txt,3
BILLS-115s1736.txt,5
BILLS-116hr5719.txt,5
BILLS-112s3408.txt,3
BILLS-115s3121.txt,5
BILLS-114hr1460.txt,8
BILLS-110hr6820.txt,7
BILLS-111hres508.txt,3
BILLS-111hr3481.txt,7
BILLS-112s2058.txt,2
BILLS-114hr1448.txt,6
BILLS-106hr4721.txt,7
BILLS-115hr3176.txt,5
BILLS-109hr3813.txt,5
BILLS-109s830.txt,2
BILLS-106s2838.txt,6
BILLS-116hr5731.txt,6
BILLS-118hr913.txt,7
BILLS-116hr8215.txt,3
BILLS-115hr6768.txt,2
BILLS-117hr9236.txt,3
BILLS-110s3498.txt,3
BILLS-115hr5275.txt,0
BILLS-113s2058.txt,2
BILLS-113s338.txt,8
BILLS-110hr1815.txt,6
BILLS-115hr3604.txt,8
BILLS-118hr907.txt,5
BILLS-111s2792.txt,6
BILLS-109hr3807.txt,2
BILLS-116hr3432.txt,5
BILLS-115hr5513.txt,5
BILLS-107s2838.txt,3
BILLS-118hr1789.txt,5
BILLS-113hr858.txt,5
BILLS-118s4576.txt,7
BILLS-115hres549.txt,10
BILLS-106hr4906.txt,5
BILLS-108hr2603.txt,4
BILLS-109hr3634.txt,5
BILLS-110hr1140.txt,8
BILLS-111s2779.txt,8
BILLS-110s1502.txt,7
BILLS-116s4147.txt,8
BILLS-108hr4514.txt,0
BILLS-111hr6260.txt,2
BILLS-108s1041.txt,10
BILLS-114s634.txt,5
BILLS-110hr3031.txt,9
BILLS-112hr3648.txt,5
BILLS-113hr5104.txt,8
BILLS-117s4621.txt,7
BILLS-110s2779.txt,6
BILLS-108hr4500.txt,8
BILLS-118sjres81.txt,3
BILLS-116hr5902.txt,8
BILLS-108hr5178.txt,2
BILLS-107s1316.txt,3
BILLS-109hr3620.txt,4
BILLS-117hr463.txt,8
BILLS-108hr3509.txt,7
BILLS-115s355.txt,5
BILLS-109s2548.txt,5
BILLS-118s404.txt,6
BILLS-118s4562.txt,8
BILLS-112s1592.txt,5
BILLS-108hr347.txt,7
BILLS-111s759.txt,5
BILLS-109s4111.txt,5
BILLS-110hr162.txt,8
BILLS-118s1432.txt,2
BILLS-109hr4167.txt,3
BILLS-114hr5835.txt,5
BILLS-112s3385.txt,7
BILLS-113sres560.txt,5
BILLS-116hr7683.txt,5
BILLS-111hr2984.txt,4
BILLS-118s2885.txt,5
BILLS-118s3543.txt,6
BILLS-112hr3674.txt,5
BILLS-110hr2313.txt,9
BILLS-117s4609.txt,7
BILLS-108s438.txt,8
BILLS-110s1258.txt,4
BILLS-116hr29.txt,3
BILLS-116s3614.txt,5
BILLS-107s1458.txt,5
BILLS-116hr3383.txt,5
BILLS-117hr4909.txt,8
BILLS-110hr6161.txt,4
BILLS-108s1069.txt,7
BILLS-117s907.txt,5
BILLS-117s1765.txt,6
BILLS-113hr2657.txt,3
BILLS-113hr4226.txt,4
BILLS-118s438.txt,3
BILLS-107s2623.txt,8
BILLS-108hr353.txt,3
BILLS-117s1003.txt,7
BILLS-109s4105.txt,5
BILLS-114hr5821.txt,8
BILLS-110hr5469.txt,8
BILLS-118s3556.txt,2
BILLS-117hr1870.txt,3
BILLS-114hr6497.txt,3
BILLS-112hr1076.txt,0
BILLS-117hr4908.txt,8
BILLS-113s2924.txt,4
BILLS-118s1427.txt,2
BILLS-112hr1710.txt,5
BILLS-116s2279.txt,3
BILLS-115hr4817.txt,4
BILLS-110hr4011.txt,8
BILLS-117hr9592.txt,1
BILLS-111hr2749.txt,5
BILLS-110s2022.txt,5
BILLS-107s2636.txt,5
BILLS-108hr1337.txt,7
BILLS-112s3384.txt,5
BILLS-110s2036.txt,2
BILLS-112s843.txt,2
BILLS-118s1433.txt,0
BILLS-116hr5095.txt,2
BILLS-112s1593.txt,5
BILLS-116hr3382.txt,6
BILLS-108hr4529.txt,0
BILLS-110s2750.txt,7
BILLS-108s2575.txt,8
BILLS-117hr1864.txt,6
BILLS-114hr6483.txt,8
BILLS-116hr5903.txt,7
BILLS-109hr5536.txt,2
BILLS-108hr408.txt,8
BILLS-118sjres80.txt,2
BILLS-112hr681.txt,5
BILLS-117s1980.txt,3
BILLS-108hr4501.txt,0
BILLS-108s411.txt,3
BILLS-113hr3574.txt,9
BILLS-109hr1750.txt,8
BILLS-110s3466.txt,7
BILLS-111hr4304.txt,8
BILLS-117s5258.txt,8
BILLS-116hr310.txt,8
BILLS-116s4634.txt,2
BILLS-109s164.txt,6
BILLS-114s147.txt,2
BILLS-111s3472.txt,9
BILLS-110s1503.txt,3
BILLS-111s764.txt,5
BILLS-113hr1411.txt,8
BILLS-110s577.txt,5
BILLS-110s3314.txt,9
BILLS-116s1758.txt,5
BILLS-110hr3756.txt,8
BILLS-118hr1763.txt,0
BILLS-112hr3649.txt,1
BILLS-111s1517.txt,2
BILLS-118s2660.txt,9
BILLS-110hr3030.txt,6
BILLS-110s3472.txt,7
BILLS-118hr8747.txt,8
BILLS-111hr4476.txt,0
BILLS-117hr3097.txt,9
BILLS-110s211.txt,3
BILLS-112hr695.txt,0
BILLS-109hr3153.txt,7
BILLS-109s616.txt,0
BILLS-115hconres133.txt,0
BILLS-108hr4515.txt,2
BILLS-107s2839.txt,5
BILLS-117hr6662.txt,8
BILLS-113hr5844.txt,8
BILLS-110hr3965.txt,2
BILLS-114s3108.txt,9
BILLS-117hr4075.txt,3
BILLS-115hr431.txt,5
BILLS-110hres1150.txt,2
BILLS-116hr4348.txt,8
BILLS-109hr3812.txt,5
BILLS-116sres174.txt,5
BILLS-116hr2739.txt,3
BILLS-107hr3366.txt,6
BILLS-117hr9545.txt,7
BILLS-116hr7899.txt,5
BILLS-116hr8572.txt,5
BILLS-118s3581.txt,5
BILLS-116hr8214.txt,0
BILLS-115s2216.txt,5
BILLS-117hr6110.txt,8
BILLS-118hr912.txt,8
BILLS-114hr3538.txt,5
BILLS-117hr4707.txt,6
BILLS-109hr1793.txt,8
BILLS-118hr8790.txt,5
BILLS-117hr6138.txt,8
BILLS-108s1097.txt,6
BILLS-115s1737.txt,7
BILLS-106s2811.txt,5
BILLS-115hr3639.txt,6
BILLS-110s39.txt,8
BILLS-109s819.txt,5
BILLS-113s2065.txt,8
BILLS-113s305.txt,6
BILLS-117hr3726.txt,7
BILLS-112s670.txt,8
BILLS-116hr2711.txt,8
BILLS-115hr4630.txt,5
BILLS-117hr5357.txt,2
BILLS-107s2805.txt,0
BILLS-115s2558.txt,0
BILLS-110hr3959.txt,4
BILLS-114hr1461.txt,0
BILLS-116hr6563.txt,2
BILLS-107s2811.txt,5
BILLS-106hr5402.txt,7
BILLS-107hr944.txt,10
BILLS-109s3858.txt,7
BILLS-118hr4800.txt,5
BILLS-117hr5343.txt,2
BILLS-118hr3809.txt,3
BILLS-117s735.txt,7
BILLS-116s3832.txt,3
BILLS-109hr4827.txt,8
BILLS-113s311.txt,8
BILLS-113s2071.txt,0
BILLS-115s3134.txt,8
BILLS-106hconres287.txt,4
BILLS-107hr39.txt,1
BILLS-110hr2662.txt,4
BILLS-118hres601.txt,8
BILLS-109hr622.txt,8
BILLS-118s3032.txt,5
BILLS-111hr407.txt,5
BILLS-106s2352.txt,9
BILLS-109hr4370.txt,8
BILLS-111s3894.txt,5
BILLS-114hr4082.txt,6
BILLS-113s2298.txt,5
BILLS-116s917.txt,5
BILLS-116hr890.txt,3
BILLS-118s3754.txt,8
BILLS-108s2763.txt,3
BILLS-110s2546.txt,8
BILLS-118hr8579.txt,8
BILLS-109hr150.txt,5
BILLS-111hr4890.txt,4
BILLS-111s1729.txt,3
BILLS-112hr4318.txt,10
BILLS-109s2005.txt,7
BILLS-107s1883.txt,5
BILLS-108hr3044.txt,3
BILLS-106hr5199.txt,5
BILLS-110hr407.txt,7
BILLS-114hr5388.txt,0
BILLS-116s903.txt,5
BILLS-117hr2809.txt,6
BILLS-118s1631.txt,4
BILLS-116s3371.txt,5
BILLS-118hjres150.txt,2
BILLS-110hres1385.txt,5
BILLS-118hr6232.txt,8
BILLS-118s3026.txt,8
BILLS-116hr7480.txt,5
BILLS-115s2969.txt,7
BILLS-112s2298.txt,5
BILLS-117hr5196.txt,0
BILLS-118hjres178.txt,5
BILLS-117hr660.txt,8
BILLS-112s1961.txt,5
BILLS-108s2987.txt,5
BILLS-110s3664.txt,6
BILLS-109hr1552.txt,2
BILLS-111s1701.txt,7
BILLS-111hr2211.txt,8
BILLS-110s1073.txt,9
BILLS-114s3493.txt,5
BILLS-113hr1161.txt,3
BILLS-115hr5089.txt,3
BILLS-117hr5828.txt,5
BILLS-114s437.txt,3
BILLS-113hr1175.txt,7
BILLS-111s3102.txt,8
BILLS-109hr6229.txt,5
BILLS-108s2993.txt,5
BILLS-118s9.txt,4
BILLS-110hr3232.txt,2
BILLS-118s175.txt,3
BILLS-112sres451.txt,4
BILLS-116hr8957.txt,9
BILLS-118hr1561.txt,5
BILLS-115s2955.txt,5
BILLS-110s775.txt,5
BILLS-107hr2285.txt,8
BILLS-117hr674.txt,8
BILLS-116s4422.txt,5
BILLS-108s161.txt,0
BILLS-115hr800.txt,6
BILLS-114hr4727.txt,8
BILLS-111hr1081.txt,5
BILLS-113hr1820.txt,8
BILLS-116sres362.txt,9
BILLS-116hr7457.txt,3
BILLS-116hr1026.txt,8
BILLS-111hr4847.txt,8
BILLS-117hr9035.txt,2
BILLS-117hr1469.txt,9
BILLS-116hr7331.txt,2
BILLS-109hr187.txt,4
BILLS-113hr2497.txt,7
BILLS-115hr2719.txt,8
BILLS-108s820.txt,8
BILLS-107hr5273.txt,5
BILLS-108hr3087.txt,4
BILLS-116hr5532.txt,5
BILLS-118s1194.txt,9
BILLS-112s3623.txt,7
BILLS-116hr7325.txt,9
BILLS-113s1020.txt,8
BILLS-116hr6985.txt,6
BILLS-113hr4794.txt,5
BILLS-115s2772.txt,7
BILLS-117hr2612.txt,7
BILLS-113hr1834.txt,7
BILLS-115hr627.txt,9
BILLS-106s2385.txt,5
BILLS-113s1008.txt,5
BILLS-112s2273.txt,5
BILLS-114hr1663.txt,3
BILLS-107s537.txt,4
BILLS-109hres824.txt,7
BILLS-115hres945.txt,8
BILLS-115hr4432.txt,8
BILLS-109s2788.txt,7
BILLS-112hr6282.txt,4
BILLS-115hr169.txt,9
BILLS-110hres1408.txt,9
BILLS-115s3322.txt,3
BILLS-111hres1062.txt,5
BILLS-115hr1238.txt,2
BILLS-117hr8303.txt,7
BILLS-115hr4426.txt,9
BILLS-109hr5085.txt,5
BILLS-115s2996.txt,5
BILLS-112s2267.txt,7
BILLS-109hr811.txt,2
BILLS-116hr6761.txt,7
BILLS-114s1535.txt,5
BILLS-109hr6413.txt,8
BILLS-110hr3408.txt,6
BILLS-116s1406.txt,4
BILLS-114hr1930.txt,9
BILLS-109s2603.txt,3
BILLS-111s3738.txt,8
BILLS-110s629.txt,4
BILLS-115sconres15.txt,5
BILLS-117s1374.txt,5
BILLS-112s1197.txt,5
BILLS-115hres170.txt,8
BILLS-108hr4893.txt,5
BILLS-109s548.txt,7
BILLS-117s3205.txt,8
BILLS-117s3211.txt,8
BILLS-108s2603.txt,0
BILLS-117hr8288.txt,3
BILLS-110s3738.txt,5
BILLS-111s348.txt,5
BILLS-112hr1314.txt,5
BILLS-108hr4887.txt,7
BILLS-116s3563.txt,5
BILLS-115hr2862.txt,7
BILLS-109s2171.txt,4
BILLS-110hr6202.txt,8
BILLS-112hr1472.txt,5
BILLS-111hr567.txt,6
BILLS-109hr1368.txt,4
BILLS-108hr1041.txt,8
BILLS-112hr3265.txt,2
BILLS-113hr4623.txt,5
BILLS-116hr3962.txt,9
BILLS-115hr4585.txt,5
BILLS-111s3704.txt,2
BILLS-116s2133.txt,5
BILLS-109hr5126.txt,5
BILLS-118s4615.txt,8
BILLS-118s773.txt,3
BILLS-113hr285.txt,2
BILLS-114hr974.txt,5
BILLS-110hr3352.txt,6
BILLS-116hr1813.txt,7
BILLS-109hr6349.txt,2
BILLS-118s4173.txt,9
BILLS-114s2821.txt,8
BILLS-112hr6453.txt,7
BILLS-118hr5101.txt,4
BILLS-109s2159.txt,5
BILLS-114s2835.txt,8
BILLS-110s167.txt,7
BILLS-111s3076.txt,8
BILLS-108hr2212.txt,2
BILLS-109hr91.txt,5
BILLS-110hr1551.txt,8
BILLS-115s750.txt,9
BILLS-111hr2371.txt,7
BILLS-112hr2621.txt,8
BILLS-118hr8431.txt,3
BILLS-114sres328.txt,5
BILLS-111hr3709.txt,7
BILLS-110s1675.txt,7
BILLS-109s206.txt,8
BILLS-114s3295.txt,1
BILLS-111s412.txt,3
BILLS-118hr325.txt,7
BILLS-109s3535.txt,5
BILLS-109hr5132.txt,5
BILLS-118hr5840.txt,3
BILLS-116hr3745.txt,5
BILLS-118hr4586.txt,5
BILLS-106hr4442.txt,8
BILLS-116hr5334.txt,7
BILLS-118s4832.txt,5
BILLS-116hr1152.txt,8
BILLS-107hr1613.txt,9
BILLS-113s1140.txt,8
BILLS-117hr8539.txt,5
BILLS-116hr927.txt,8
BILLS-114hr753.txt,5
BILLS-113hr3825.txt,4
BILLS-117hr6272.txt,3
BILLS-108hr959.txt,8
BILLS-114hr2544.txt,5
BILLS-114hr3882.txt,9
BILLS-115hr3567.txt,7
BILLS-112s1140.txt,8
BILLS-116sjres9.txt,9
BILLS-117hr7178.txt,8
BILLS-107sres200.txt,5
BILLS-116hr1146.txt,9
BILLS-109hr959.txt,5
BILLS-111hr4099.txt,9
BILLS-109hr781.txt,5
BILLS-107hr5461.txt,5
BILLS-112s1626.txt,5
BILLS-118hr4592.txt,9
BILLS-111s3937.txt,5
BILLS-114hr3128.txt,3
BILLS-115hr3201.txt,5
BILLS-116s70.txt,5
BILLS-112sres294.txt,5
BILLS-113s715.txt,7
BILLS-115hr2137.txt,5
BILLS-116hr3779.txt,8
BILLS-107hr2326.txt,8
BILLS-107hr3038.txt,5
BILLS-106hr4318.txt,8
BILLS-118s3807.txt,0
BILLS-109s1493.txt,8
BILLS-112s512.txt,6
BILLS-118s1962.txt,8
BILLS-109hr2846.txt,6
BILLS-115hres825.txt,8
BILLS-112sjres27.txt,0
BILLS-115hr6345.txt,2
BILLS-112hr2184.txt,4
BILLS-116hr7084.txt,0
BILLS-110hr2272.txt,6
BILLS-111hr5634.txt,4
BILLS-113hr4353.txt,5
BILLS-108s559.txt,5
BILLS-112hr911.txt,5
BILLS-112hr1664.txt,8
BILLS-111hr5152.txt,7
BILLS-110s2156.txt,8
BILLS-113hr2044.txt,9
BILLS-116s1604.txt,7
BILLS-113hr4421.txt,5
BILLS-118s559.txt,1
BILLS-111hr765.txt,2
BILLS-112hr1670.txt,5
BILLS-116s4768.txt,4
BILLS-109hr4012.txt,5
BILLS-109hr4774.txt,6
BILLS-109s2373.txt,3
BILLS-106s2756.txt,8
BILLS-118s4359.txt,6
BILLS-108hr1525.txt,5
BILLS-113sres373.txt,6
BILLS-118s2728.txt,9
BILLS-117s696.txt,5
BILLS-111hr6301.txt,2
BILLS-115s1680.txt,8
BILLS-108s565.txt,5
BILLS-108hr4475.txt,5
BILLS-109s776.txt,5
BILLS-113hjres82.txt,6
BILLS-107s1505.txt,3
BILLS-113hr5071.txt,4
BILLS-108s2429.txt,5
BILLS-112hr4720.txt,5
BILLS-114s1694.txt,8
BILLS-111s1311.txt,8
BILLS-113hr3366.txt,5
BILLS-112hr2351.txt,4
BILLS-118s3378.txt,7
BILLS-110s3274.txt,7
BILLS-117hr6931.txt,5
BILLS-114s3083.txt,5
BILLS-107hr5688.txt,8
BILLS-108s203.txt,0
BILLS-108hres121.txt,9
BILLS-116s2325.txt,9
BILLS-109s4058.txt,9
BILLS-118sres421.txt,5
BILLS-110s1477.txt,6
BILLS-114s1680.txt,5
BILLS-113hr5065.txt,9
BILLS-107s2018.txt,7
BILLS-109hr1630.txt,5
BILLS-111hr6315.txt,8
BILLS-109hr4748.txt,5
BILLS-110s1311.txt,8
BILLS-109s762.txt,3
BILLS-114s741.txt,8
BILLS-111s176.txt,6
BILLS-115hr3942.txt,5
BILLS-114s972.txt,5
BILLS-107hr3560.txt,4
BILLS-116hr5650.txt,8
BILLS-118hr2493.txt,3
BILLS-118hr872.txt,6
BILLS-116hr6359.txt,5
BILLS-115hr6609.txt,5
BILLS-108hr1294.txt,8
BILLS-114hr5997.txt,6
BILLS-115s1119.txt,2
BILLS-113hr2093.txt,7
BILLS-118hr7299.txt,3
BILLS-115s2404.txt,8
BILLS-110hr3805.txt,5
BILLS-117s4967.txt,0
BILLS-117hr8049.txt,4
BILLS-111s189.txt,7
BILLS-112s1342.txt,5
BILLS-117hr2202.txt,8
BILLS-114hr4323.txt,7
BILLS-111sres265.txt,5
BILLS-118hr2487.txt,5
BILLS-116hr9056.txt,4
BILLS-112hr4085.txt,5
BILLS-110s2817.txt,8
BILLS-111hr5813.txt,8
BILLS-109hr4947.txt,8
BILLS-109s2398.txt,7
BILLS-117s655.txt,8
BILLS-118hr3969.txt,5
BILLS-116s446.txt,8
BILLS-107hr2124.txt,4
BILLS-117hr3652.txt,8
BILLS-110hr6955.txt,2
BILLS-109hr1181.txt,2
BILLS-113hconres50.txt,4
BILLS-114hr1515.txt,8
BILLS-118hr43.txt,5
BILLS-116hres142.txt,5
BILLS-112s28.txt,2
BILLS-113hr736.txt,0
BILLS-116s1837.txt,8
BILLS-110hr3839.txt,7
BILLS-108s1849.txt,5
BILLS-113s503.txt,7
BILLS-110sres631.txt,0
BILLS-117s899.txt,8
BILLS-115hr5328.txt,5
BILLS-118hr682.txt,4
BILLS-112hr6686.txt,9
BILLS-107hr2656.txt,10
BILLS-106hr3661.txt,3
BILLS-110hr2299.txt,5
BILLS-113hr2911.txt,3
BILLS-114hr6508.txt,7
BILLS-118hr6805.txt,8
BILLS-114s1655.txt,5
BILLS-117hr6728.txt,2
BILLS-117hr1047.txt,5
BILLS-117s3944.txt,5
BILLS-106hr5560.txt,5
BILLS-114hr5771.txt,8
BILLS-108s1687.txt,5
BILLS-118hr4962.txt,6
BILLS-118sres392.txt,2
BILLS-117s1835.txt,4
BILLS-118hr6813.txt,0
BILLS-111hres331.txt,3
BILLS-116hres632.txt,7
BILLS-117hr1721.txt,5
BILLS-110s2801.txt,0
BILLS-117hr8077.txt,5
BILLS-117s4959.txt,5
BILLS-115s3042.txt,5
BILLS-110hr4832.txt,5
BILLS-112hr720.txt,0
BILLS-118sres386.txt,5
BILLS-109hr4789.txt,4
BILLS-106s2973.txt,8
BILLS-116s3944.txt,9
BILLS-113s267.txt,8
BILLS-114hr5003.txt,3
BILLS-114hr5765.txt,8
BILLS-117s3788.txt,7
BILLS-118hr4786.txt,5
BILLS-113s2891.txt,7
BILLS-114s1669.txt,4
BILLS-110hr3813.txt,0
BILLS-116hr1352.txt,5
BILLS-113s1340.txt,4
BILLS-116hr7045.txt,8
BILLS-109s1877.txt,5
BILLS-112s3543.txt,3
BILLS-118hr3957.txt,5
BILLS-114hr2744.txt,7
BILLS-118hconres26.txt,7
BILLS-117hr299.txt,5
BILLS-114s2412.txt,7
BILLS-115s1669.txt,8
BILLS-114hr2750.txt,5
BILLS-114hres917.txt,5
BILLS-110hconres300.txt,9
BILLS-113s1432.txt,8
BILLS-118s2931.txt,8
BILLS-116hr1420.txt,8
BILLS-116s1809.txt,5
BILLS-107hr1407.txt,3
BILLS-108hr1282.txt,8
BILLS-109hr3964.txt,3
BILLS-108s1877.txt,7
BILLS-112hr1882.txt,4
BILLS-117sres481.txt,0
BILLS-117hr6933.txt,5
BILLS-108hr1269.txt,2
BILLS-107s680.txt,6
BILLS-111hr2603.txt,8
BILLS-114s1696.txt,7
BILLS-117s4030.txt,5
BILLS-111hr2165.txt,4
BILLS-118s2702.txt,5
BILLS-113hr5073.txt,7
BILLS-118s4373.txt,5
BILLS-109hr6149.txt,4
BILLS-109hr4986.txt,4
BILLS-115s1682.txt,2
BILLS-117s694.txt,8
BILLS-108s567.txt,8
BILLS-116s4024.txt,1
BILLS-110hr1989.txt,8
BILLS-116hr5861.txt,9
BILLS-118hr3764.txt,5
BILLS-112hr1128.txt,5
BILLS-113hjres94.txt,5
BILLS-106hr3878.txt,5
BILLS-110hr1751.txt,6
BILLS-115s1696.txt,8
BILLS-118hr5315.txt,7
BILLS-116hr514.txt,5
BILLS-118s4367.txt,7
BILLS-110s3504.txt,4
BILLS-117hr6927.txt,0
BILLS-109hr1154.txt,5
BILLS-113hr3370.txt,3
BILLS-115hr7298.txt,3
BILLS-115sres540.txt,7
BILLS-109s1122.txt,4
BILLS-117hr2599.txt,5
BILLS-110hr6758.txt,0
BILLS-110s1475.txt,8
BILLS-118s1579.txt,6
BILLS-112s909.txt,5
BILLS-109hr3743.txt,5
BILLS-118hr3002.txt,5
BILLS-113hr1567.txt,3
BILLS-117hr3687.txt,8
BILLS-110hr4167.txt,3
BILLS-117s5312.txt,7
BILLS-113hr2046.txt,4
BILLS-118s2058.txt,8
BILLS-110hr2516.txt,9
BILLS-115hr1819.txt,6
BILLS-118hr6152.txt,8
BILLS-108hr2984.txt,5
BILLS-109s2403.txt,7
BILLS-108s1678.txt,7
BILLS-107hr601.txt,8
BILLS-118hr4745.txt,5
BILLS-108hr542.txt,2
BILLS-117s1612.txt,6
BILLS-106hr3850.txt,0
BILLS-110hr767.txt,9
BILLS-112hr1100.txt,6
BILLS-116s2469.txt,8
BILLS-112s3580.txt,5
BILLS-118s3420.txt,8
BILLS-111hr3247.txt,7
BILLS-115hr6804.txt,8
BILLS-117s3011.txt,5
BILLS-112hr3703.txt,8
BILLS-108hr1527.txt,4
BILLS-116hr7092.txt,8
BILLS-106s2754.txt,6
BILLS-114hr4484.txt,5
BILLS-108hr3456.txt,4
BILLS-116s3005.txt,7
BILLS-115hr4975.txt,6
BILLS-111hr3535.txt,3
BILLS-112hr3065.txt,3
BILLS-109s1491.txt,8
BILLS-114hr1073.txt,3
BILLS-112hr6492.txt,7
BILLS-114hr3664.txt,5
BILLS-107hr4033.txt,1
BILLS-114s596.txt,8
BILLS-114hr3102.txt,5
BILLS-117sres640.txt,5
BILLS-115hr2135.txt,10
BILLS-107hr2324.txt,8
BILLS-116hr4014.txt,8
BILLS-116hr6603.txt,7
BILLS-112hr5825.txt,7
BILLS-109hr2844.txt,5
BILLS-112s510.txt,4
BILLS-117hr4329.txt,7
BILLS-116hr3009.txt,5
BILLS-109hr5695.txt,2
BILLS-116hr2317.txt,5
BILLS-113hr250.txt,6
BILLS-112hr2838.txt,3
BILLS-115s3240.txt,10
BILLS-110hr3387.txt,5
BILLS-114hr3880.txt,0
BILLS-108hr783.txt,2
BILLS-107s2595.txt,6
BILLS-111hr5391.txt,0
BILLS-115hr7071.txt,5
BILLS-117hr9625.txt,5
BILLS-112s1630.txt,5
BILLS-117hr931.txt,3
BILLS-118hr4584.txt,9
BILLS-116hr7535.txt,5
BILLS-107hr1605.txt,6
BILLS-115s2604.txt,5
BILLS-114s1319.txt,4
BILLS-111hr4925.txt,5
BILLS-106hconres440.txt,5
BILLS-117hr8249.txt,0
BILLS-117hr4473.txt,7
BILLS-116s4226.txt,0
BILLS-118hr5103.txt,5
BILLS-115s746.txt,8
BILLS-108s1320.txt,5
BILLS-110hr559.txt,8
BILLS-116s2657.txt,8
BILLS-107hr2481.txt,3
BILLS-111hr4716.txt,2
BILLS-118s4171.txt,3
BILLS-115hr1399.txt,3
BILLS-110hr3350.txt,5
BILLS-117s4232.txt,6
BILLS-118s771.txt,2
BILLS-110hjres59.txt,6
BILLS-118hr7072.txt,2
BILLS-110s617.txt,5
BILLS-109hr5124.txt,4
BILLS-112s1817.txt,0
BILLS-117sres697.txt,8
BILLS-109s204.txt,8
BILLS-108hr4107.txt,4
BILLS-112sres241.txt,5
BILLS-117s5138.txt,7
BILLS-111hr6115.txt,5
BILLS-114s541.txt,5
BILLS-111s376.txt,3
BILLS-115hr2684.txt,5
BILLS-107s1711.txt,9
BILLS-111hr3045.txt,2
BILLS-117hr9180.txt,2
BILLS-110s2430.txt,6
BILLS-109hr4560.txt,8
BILLS-110s1139.txt,8
BILLS-114hr3843.txt,4
BILLS-109hr2111.txt,8
BILLS-106s2542.txt,2
BILLS-107s1739.txt,2
BILLS-118hr4547.txt,3
BILLS-118hr5881.txt,8
BILLS-118s1753.txt,5
BILLS-113hr1995.txt,5
BILLS-117hr7813.txt,7
BILLS-110s2356.txt,0
BILLS-117s3561.txt,5
BILLS-111hr5352.txt,5
BILLS-112hr3273.txt,5
BILLS-108s2173.txt,8
BILLS-109hr754.txt,5
BILLS-117s5110.txt,2
BILLS-109hr998.txt,4
BILLS-108s2167.txt,8
BILLS-118s759.txt,7
BILLS-114hr4686.txt,8
BILLS-111hr1120.txt,7
BILLS-109s2615.txt,3
BILLS-113s924.txt,8
BILLS-116s4568.txt,0
BILLS-110hr6200.txt,7
BILLS-116hres1130.txt,8
BILLS-112s1181.txt,4
BILLS-115hr6541.txt,5
BILLS-109hr1593.txt,7
BILLS-108hr1862.txt,5
BILLS-113hr330.txt,5
BILLS-117hr6338.txt,5
BILLS-114hr3710.txt,2
BILLS-111hr1901.txt,8
BILLS-117hr3240.txt,3
BILLS-107hr2536.txt,2
BILLS-117hr4249.txt,5
BILLS-113s663.txt,5
BILLS-116hr4160.txt,10
BILLS-117sres734.txt,5
BILLS-114hr3076.txt,8
BILLS-107hjres87.txt,2
BILLS-110hr1396.txt,7
BILLS-113hr456.txt,7
BILLS-114sres289.txt,5
BILLS-115hr6227.txt,1
BILLS-113s677.txt,4
BILLS-115hr619.txt,3
BILLS-107hr4635.txt,0
BILLS-112s302.txt,2
BILLS-113s2271.txt,8
BILLS-106hr5164.txt,0
BILLS-115hr6555.txt,0
BILLS-110hr5682.txt,3
BILLS-116s2904.txt,2
BILLS-115hr3405.txt,4
BILLS-108hr1686.txt,5
BILLS-113s1988.txt,2
BILLS-107s3099.txt,2
BILLS-107hr1765.txt,1
BILLS-115hr5706.txt,7
BILLS-118hr5922.txt,7
BILLS-115hr2069.txt,5
BILLS-112s458.txt,5
BILLS-116hr2539.txt,2
BILLS-110s950.txt,8
BILLS-111sres677.txt,8
BILLS-118hjres191.txt,2
BILLS-115hr7111.txt,5
BILLS-113s1022.txt,2
BILLS-110hr5866.txt,3
BILLS-110s2593.txt,8
BILLS-118s3959.txt,0
BILLS-107s1842.txt,5
BILLS-117hr5619.txt,0
BILLS-117hr2176.txt,2
BILLS-115hr3411.txt,4
BILLS-114s421.txt,5
BILLS-118hr5077.txt,3
BILLS-118hr7660.txt,0
BILLS-110hr3542.txt,8
BILLS-117hr7783.txt,5
BILLS-118hr1577.txt,5
BILLS-117s3429.txt,7
BILLS-118hr5711.txt,4
BILLS-116hr3814.txt,2
BILLS-112s1963.txt,2
BILLS-108hr2416.txt,8
BILLS-111hr81.txt,8
BILLS-118hr3360.txt,5
BILLS-111s3672.txt,5
BILLS-118hr247.txt,7
BILLS-113hr1611.txt,7
BILLS-107s1103.txt,2
BILLS-110hr2890.txt,8
BILLS-116hr6978.txt,7
BILLS-115s3491.txt,7
BILLS-113hr3006.txt,8
BILLS-117hr6489.txt,5
BILLS-116hr104.txt,2
BILLS-118s177.txt,9
BILLS-115hr6596.txt,8
BILLS-110s3672.txt,4
BILLS-116s5058.txt,0
BILLS-115hr4381.txt,8
BILLS-116s3429.txt,8
BILLS-108hr4715.txt,3
BILLS-108hr1645.txt,8
BILLS-111hr6049.txt,7
BILLS-110hres1393.txt,5
BILLS-109hr4372.txt,5
BILLS-115s168.txt,2
BILLS-110s987.txt,7
BILLS-112hr1510.txt,4
BILLS-117s1202.txt,8
BILLS-111hr405.txt,7
BILLS-112hr2019.txt,6
BILLS-109hr620.txt,0
BILLS-106hconres285.txt,3
BILLS-111hres912.txt,8
BILLS-110hr6412.txt,4
BILLS-111s558.txt,6
BILLS-110hr363.txt,7
BILLS-114hr2383.txt,5
BILLS-109hr5078.txt,8
BILLS-110s1059.txt,8
BILLS-116hr6575.txt,7
BILLS-117hr5355.txt,3
BILLS-112hr6082.txt,0
BILLS-110hr6823.txt,7
BILLS-114s3136.txt,5
BILLS-112hr898.txt,3
BILLS-117hr3042.txt,5
BILLS-106hr3703.txt,4
BILLS-109hr3186.txt,5
BILLS-118hr6967.txt,4
BILLS-111hr5965.txt,9
BILLS-114s1053.txt,8
BILLS-108s2588.txt,5
BILLS-117hr1641.txt,5
BILLS-118hr8786.txt,3
BILLS-110s2975.txt,6
BILLS-116hr4410.txt,4
BILLS-106hr5366.txt,0
BILLS-114hr5177.txt,7
BILLS-117hr2348.txt,8
BILLS-116s4187.txt,8
BILLS-110hr1180.txt,7
BILLS-117hr5341.txt,7
BILLS-114hr3260.txt,5
BILLS-112hr6096.txt,7
BILLS-115sres27.txt,3
BILLS-112s3379.txt,3
BILLS-115hr1986.txt,0
BILLS-112s896.txt,8
BILLS-111s2791.txt,3
BILLS-116hr5040.txt,6
BILLS-108hr5184.txt,4
BILLS-117hr3718.txt,7
BILLS-113s1234.txt,2
BILLS-111hr2950.txt,5
BILLS-110hr3967.txt,8
BILLS-116s1969.txt,5
BILLS-111hr2788.txt,5
BILLS-113hr3589.txt,3
BILLS-111hr5781.txt,5
BILLS-112s3437.txt,4
BILLS-108hr1484.txt,7
BILLS-109s827.txt,5
BILLS-110hr1816.txt,7
BILLS-112s1220.txt,8
BILLS-118s1380.txt,8
BILLS-118hr904.txt,3
BILLS-115hr5262.txt,5
BILLS-118hr910.txt,8
BILLS-112hr668.txt,5
BILLS-112s3423.txt,8
BILLS-110s2791.txt,4
BILLS-109hr393.txt,5
BILLS-114hr6442.txt,7
BILLS-111hr3482.txt,8
BILLS-111hr2944.txt,9
BILLS-117hres460.txt,10
BILLS-115hr3175.txt,5
BILLS-108hr5190.txt,8
BILLS-108hr387.txt,4
BILLS-109hr3810.txt,4
BILLS-117hr4063.txt,5
BILLS-109hr5252.txt,3
BILLS-109s166.txt,7
BILLS-116s4636.txt,5
BILLS-113hr697.txt,7
BILLS-115s2599.txt,7
BILLS-110hr3998.txt,7
BILLS-113hr5107.txt,6
BILLS-117hr1696.txt,3
BILLS-116s4150.txt,0
BILLS-108s413.txt,5
BILLS-117hr3081.txt,5
BILLS-109hr5534.txt,7
BILLS-107s1473.txt,2
BILLS-108hr4517.txt,2
BILLS-116s4144.txt,8
BILLS-110hr1625.txt,7
BILLS-111s3302.txt,4
BILLS-114s1090.txt,5
BILLS-111s1515.txt,5
BILLS-118hr1007.txt,5
BILLS-117hr1682.txt,5
BILLS-110s2008.txt,4
BILLS-116s1982.txt,8
BILLS-118hr1761.txt,3
BILLS-107hr2085.txt,8
BILLS-117s1028.txt,5
BILLS-111s766.txt,3
BILLS-116s4622.txt,5
BILLS-110hr2462.txt,5
BILLS-109hr1008.txt,5
BILLS-109s4106.txt,9
BILLS-108hr2628.txt,4
BILLS-118s1425.txt,5
BILLS-113s2926.txt,7
BILLS-118hr5249.txt,0
BILLS-117s1766.txt,4
BILLS-109hr6001.txt,5
BILLS-111hr4448.txt,7
BILLS-118hr8779.txt,7
BILLS-109hr6015.txt,3
BILLS-113hr2640.txt,5
BILLS-108s2577.txt,4
BILLS-110hr6176.txt,7
BILLS-106hr5399.txt,6
BILLS-113hr1349.txt,7
BILLS-115hr382.txt,5
BILLS-118hr4143.txt,6
BILLS-112s699.txt,8
BILLS-117hr448.txt,9
BILLS-107hr761.txt,5
BILLS-111hr6539.txt,7
BILLS-116hr7858.txt,5
BILLS-108s2211.txt,7
BILLS-112hr3111.txt,5
BILLS-116hr5928.txt,3
BILLS-112hr872.txt,2
BILLS-113hr1348.txt,8
BILLS-117s911.txt,0
BILLS-116s2508.txt,6
BILLS-115hr3809.txt,8
BILLS-107hr2906.txt,2
BILLS-118hr2533.txt,8
BILLS-106hr4086.txt,5
BILLS-110hr6177.txt,6
BILLS-118s2887.txt,3
BILLS-109hr6014.txt,5
BILLS-111hr2986.txt,8
BILLS-113sres562.txt,8
BILLS-113hr5890.txt,3
BILLS-117hr8843.txt,5
BILLS-109hr4165.txt,5
BILLS-111s983.txt,3
BILLS-111s2747.txt,8
BILLS-118s1430.txt,3
BILLS-111hr1257.txt,5
BILLS-110hr160.txt,6
BILLS-109hr2514.txt,7
BILLS-115hr4800.txt,5
BILLS-114hr5823.txt,0
BILLS-117hr3902.txt,5
BILLS-110hr174.txt,5
BILLS-115hr4814.txt,5
BILLS-107s1328.txt,9
BILLS-114hr2194.txt,5
BILLS-107s911.txt,10
BILLS-108hr1320.txt,2
BILLS-118hr1748.txt,5
BILLS-115hr6965.txt,5
BILLS-109hr6000.txt,8
BILLS-118s2893.txt,8
BILLS-108hr437.txt,5
BILLS-106hr4092.txt,6
BILLS-116s3602.txt,4
BILLS-118hr1006.txt,6
BILLS-111s1514.txt,3
BILLS-108s1043.txt,3
BILLS-116s280.txt,5
BILLS-107hr2084.txt,2
BILLS-117s2520.txt,3
BILLS-117s2534.txt,8
BILLS-117hr7580.txt,8
BILLS-113hr3211.txt,5
BILLS-111hr5019.txt,8
BILLS-113hr696.txt,8
BILLS-111hr6510.txt,5
BILLS-108s1731.txt,2
BILLS-116hr2909.txt,8
BILLS-111s773.txt,5
BILLS-108hr2615.txt,6
BILLS-115hr2281.txt,3
BILLS-115hr4828.txt,5
BILLS-107hr5099.txt,7
BILLS-106hr3919.txt,9
BILLS-114hr2816.txt,8
BILLS-117hr1697.txt,5
BILLS-112hr4131.txt,8
BILLS-113hr4218.txt,5
BILLS-111hr2010.txt,5
BILLS-118hr8750.txt,5
BILLS-110s3465.txt,2
BILLS-115s2215.txt,8
BILLS-118hr911.txt,5
BILLS-116s519.txt,7
BILLS-107hr3403.txt,5
BILLS-110s1299.txt,0
BILLS-116s4804.txt,5
BILLS-116s1968.txt,3
BILLS-109hr3805.txt,5
BILLS-115hr3160.txt,5
BILLS-112s897.txt,7
BILLS-118s1381.txt,9
BILLS-115s1708.txt,5
BILLS-110hr809.txt,6
BILLS-114s805.txt,5
BILLS-117hr4710.txt,4
BILLS-117s1954.txt,5
BILLS-109hr3193.txt,8
BILLS-116s4186.txt,5
BILLS-106s2806.txt,3
BILLS-117hr2349.txt,3
BILLS-113s312.txt,7
BILLS-117hr1898.txt,7
BILLS-117s2285.txt,8
BILLS-115s2229.txt,9
BILLS-112hr3689.txt,2
BILLS-114s1052.txt,8
BILLS-112s3378.txt,0
BILLS-109s1094.txt,3
BILLS-112s2066.txt,4
BILLS-112s667.txt,8
BILLS-117hr3731.txt,6
BILLS-109s3683.txt,3
BILLS-115s1046.txt,4
BILLS-110hr1181.txt,5
BILLS-112s673.txt,5
BILLS-115hr2242.txt,9
BILLS-114hr3275.txt,7
BILLS-117s4186.txt,2
BILLS-112s2072.txt,3
BILLS-117s5298.txt,5
BILLS-118hr6966.txt,4
BILLS-114s1046.txt,8
BILLS-109hr3187.txt,9
BILLS-108s1094.txt,7
BILLS-117s722.txt,8
BILLS-110hr7282.txt,7
BILLS-109hr5079.txt,3
BILLS-106s2345.txt,3
BILLS-108hr3721.txt,5
BILLS-110s992.txt,8
BILLS-109s1269.txt,3
BILLS-117hconres113.txt,9
BILLS-112sres308.txt,5
BILLS-117s5071.txt,3
BILLS-118s3025.txt,8
BILLS-116hr7483.txt,6
BILLS-116s1565.txt,6
BILLS-111hr410.txt,4
BILLS-111hr376.txt,5
BILLS-109hr153.txt,5
BILLS-110hr2113.txt,7
BILLS-110s2551.txt,2
BILLS-109s2006.txt,7
BILLS-115hr2915.txt,9
BILLS-118s1154.txt,3
BILLS-116hr3183.txt,5
BILLS-109s2012.txt,6
BILLS-114hr4081.txt,5
BILLS-107s1894.txt,7
BILLS-116s3400.txt,0
BILLS-109hr2064.txt,4
BILLS-111s3129.txt,5
BILLS-116s914.txt,8
BILLS-109hr6202.txt,7
BILLS-108hr1644.txt,5
BILLS-112hr4469.txt,5
BILLS-111hr5227.txt,5
BILLS-112s3191.txt,7
BILLS-111hr2548.txt,7
BILLS-116s1571.txt,3
BILLS-118s3031.txt,5
BILLS-111hr404.txt,9
BILLS-116hr105.txt,0
BILLS-112hr5987.txt,3
BILLS-113hr5476.txt,3
BILLS-113hr1610.txt,5
BILLS-107hr3198.txt,5
BILLS-115hr3389.txt,3
BILLS-115s141.txt,2
BILLS-116hr4808.txt,5
BILLS-111hr6060.txt,5
BILLS-115s627.txt,6
BILLS-118s4010.txt,0
BILLS-118hr7675.txt,8
BILLS-110s3673.txt,3
BILLS-113hr3761.txt,4
BILLS-111hr5569.txt,5
BILLS-109hr1551.txt,0
BILLS-111hr2212.txt,9
BILLS-118s162.txt,8
BILLS-111s1702.txt,4
BILLS-108hr4700.txt,5
BILLS-116s4353.txt,4
BILLS-111s3115.txt,4
BILLS-114s3490.txt,5
BILLS-109s3456.txt,0
BILLS-118hr246.txt,0
BILLS-113hr1604.txt,7
BILLS-113s879.txt,7
BILLS-118s2313.txt,3
BILLS-116hr8798.txt,4
BILLS-117s2736.txt,3
BILLS-114hr1648.txt,5
BILLS-115s2771.txt,8
BILLS-115hr7110.txt,4
BILLS-106hr4521.txt,5
BILLS-112s459.txt,3
BILLS-112s1751.txt,3
BILLS-116hconres109.txt,5
BILLS-116hr4149.txt,8
BILLS-115s800.txt,7
BILLS-115hr5061.txt,4
BILLS-116hr3140.txt,4
BILLS-117hr2177.txt,7
BILLS-117s508.txt,8
BILLS-114hr3739.txt,5
BILLS-107s1843.txt,4
BILLS-116hr5531.txt,5
BILLS-118s1197.txt,5
BILLS-106hr4247.txt,4
BILLS-116hr6038.txt,7
BILLS-107hr1016.txt,5
BILLS-118s3780.txt,0
BILLS-116hr844.txt,3
BILLS-114s1278.txt,3
BILLS-113s1989.txt,2
BILLS-107hr1002.txt,6
BILLS-116hr3154.txt,0
BILLS-118hr5089.txt,3
BILLS-118hjres184.txt,2
BILLS-116hr5243.txt,3
BILLS-109s33.txt,7
BILLS-108hr5387.txt,8
BILLS-118s823.txt,5
BILLS-117s2911.txt,5
BILLS-115s1244.txt,4
BILLS-109hr4398.txt,5
BILLS-117sres721.txt,9
BILLS-115hr618.txt,6
BILLS-112s2264.txt,0
BILLS-118s3964.txt,6
BILLS-106hr5165.txt,8
BILLS-117hr3255.txt,8
BILLS-110hr7094.txt,4
BILLS-112s303.txt,4
BILLS-114hr3711.txt,5
BILLS-116hr2276.txt,0
BILLS-114s1244.txt,5
BILLS-107s252.txt,8
BILLS-115s3321.txt,0
BILLS-109hr1592.txt,8
BILLS-115hr6226.txt,4
BILLS-109s1282.txt,3
BILLS-107s534.txt,5
BILLS-112hr5950.txt,5
BILLS-116hr2510.txt,4
BILLS-118hr285.txt,0
BILLS-107hr2251.txt,5
BILLS-117hr878.txt,8
BILLS-113s925.txt,5
BILLS-108hres308.txt,5
BILLS-109hr4213.txt,5
BILLS-116hr3949.txt,8
BILLS-111hr1121.txt,7
BILLS-118s1746.txt,2
BILLS-110s1892.txt,7
BILLS-113hr1758.txt,6
BILLS-116hr3791.txt,3
BILLS-108hr1042.txt,7
BILLS-111hr3736.txt,0
BILLS-111s1138.txt,8
BILLS-111hr2428.txt,7
BILLS-110s2343.txt,5
BILLS-110hr5708.txt,8
BILLS-112hr3500.txt,5
BILLS-113hr2537.txt,5
BILLS-114sres471.txt,5
BILLS-109hr6362.txt,2
BILLS-118s4158.txt,0
BILLS-108hr4884.txt,5
BILLS-108s994.txt,8
BILLS-110hr570.txt,8
BILLS-116hr5486.txt,5
BILLS-118s1020.txt,5
BILLS-108hr3133.txt,7
BILLS-109s2172.txt,5
BILLS-116s860.txt,5
BILLS-109hr2110.txt,8
BILLS-108hr999.txt,7
BILLS-118s1034.txt,5
BILLS-110s2431.txt,5
BILLS-118s3623.txt,8
BILLS-111hr3044.txt,5
BILLS-109hr1419.txt,0
BILLS-109hr755.txt,6
BILLS-110s2357.txt,8
BILLS-117hr7812.txt,6
BILLS-106hr4482.txt,8
BILLS-118s1752.txt,5
BILLS-116s3212.txt,7
BILLS-112hr1465.txt,5
BILLS-118hr6379.txt,5
BILLS-115sres743.txt,5
BILLS-112s1802.txt,8
BILLS-111s411.txt,4
BILLS-107s1076.txt,5
BILLS-111s3075.txt,8
BILLS-114hr963.txt,8
BILLS-111hr4703.txt,4
BILLS-115s3296.txt,9
BILLS-112hr6450.txt,5
BILLS-107hr2480.txt,8
BILLS-118hr3573.txt,3
BILLS-110hr558.txt,5
BILLS-107hr358.txt,7
BILLS-118sres152.txt,9
BILLS-117s497.txt,5
BILLS-109hr2892.txt,5
BILLS-114s232.txt,3
BILLS-109hr3554.txt,4
BILLS-109s211.txt,5
BILLS-114s3282.txt,8
BILLS-118hr7073.txt,3
BILLS-112hr2150.txt,0
BILLS-113hr2279.txt,4
BILLS-116s1439.txt,5
BILLS-118s2267.txt,5
BILLS-111hr5384.txt,2
BILLS-107s2580.txt,5
BILLS-108hr1081.txt,9
BILLS-113s1157.txt,7
BILLS-117hr4314.txt,4
BILLS-115hr5673.txt,5
BILLS-115hr3202.txt,5
BILLS-115hr988.txt,7
BILLS-107hr3013.txt,3
BILLS-114s2177.txt,5
BILLS-106hr4455.txt,0
BILLS-110s825.txt,5
BILLS-111hr1684.txt,4
BILLS-116hr5445.txt,3
BILLS-114hr2553.txt,9
BILLS-108s957.txt,4
BILLS-118hr7926.txt,7
BILLS-118s3838.txt,7
BILLS-111s1689.txt,8
BILLS-118hr7932.txt,6
BILLS-115hr3570.txt,3
BILLS-112s1157.txt,7
BILLS-108s943.txt,5
BILLS-117hr4300.txt,7
BILLS-107hres369.txt,6
BILLS-115hr5667.txt,5
BILLS-114hr4888.txt,5
BILLS-117hr930.txt,3
BILLS-116hr2458.txt,8
BILLS-115s1318.txt,4
BILLS-114s2163.txt,6
BILLS-106hr4441.txt,4
BILLS-117hres703.txt,7
BILLS-114hr1728.txt,5
BILLS-116hr7520.txt,5
BILLS-113s702.txt,7
BILLS-107hr2331.txt,5
BILLS-117s326.txt,5
BILLS-115hr5897.txt,5
BILLS-116hr2470.txt,8
BILLS-112sres283.txt,7
BILLS-107s454.txt,5
BILLS-109hr966.txt,7
BILLS-113hr251.txt,3
BILLS-112hr2839.txt,2
BILLS-117hr6259.txt,0
BILLS-107hr3749.txt,5
BILLS-116hr3008.txt,3
BILLS-107hr5338.txt,3
BILLS-114s597.txt,4
BILLS-114hr3665.txt,5
BILLS-112s263.txt,2
BILLS-116hr4773.txt,3
BILLS-116s2695.txt,5
BILLS-108s2833.txt,5
BILLS-115s3255.txt,5
BILLS-109s1490.txt,8
BILLS-117s4596.txt,0
BILLS-117s2859.txt,5
BILLS-112sres297.txt,5
BILLS-115s3533.txt,9
BILLS-114hr1714.txt,5
BILLS-117sres641.txt,5
BILLS-115hr2134.txt,0
BILLS-117hconres67.txt,4
BILLS-112hr1115.txt,2
BILLS-106s2755.txt,8
BILLS-112s1382.txt,2
BILLS-114hr585.txt,3
BILLS-118hres206.txt,5
BILLS-118hr6621.txt,7
BILLS-107s2999.txt,8
BILLS-117s4019.txt,0
BILLS-113s1396.txt,8
BILLS-107s1248.txt,6
BILLS-118hr4750.txt,5
BILLS-108hr5032.txt,7
BILLS-111s3539.txt,8
BILLS-106s2027.txt,5
BILLS-108hr3443.txt,5
BILLS-111hr1337.txt,8
BILLS-108hr2985.txt,5
BILLS-117s3762.txt,3
BILLS-117s5313.txt,8
BILLS-108hr1254.txt,5
BILLS-113hr5728.txt,0
BILLS-107s2033.txt,7
BILLS-118s228.txt,3
BILLS-109s2364.txt,9
BILLS-112hres672.txt,9
BILLS-106s2741.txt,5
BILLS-114hr2786.txt,5
BILLS-115s3080.txt,8
BILLS-118hr8630.txt,3
BILLS-117s2332.txt,8
BILLS-112hr2420.txt,9
BILLS-118hr1172.txt,10
BILLS-111hr2170.txt,7
BILLS-109s1645.txt,5
BILLS-116s492.txt,5
BILLS-112hr1129.txt,0
BILLS-115hr3941.txt,8
BILLS-110hr1988.txt,5
BILLS-107s1512.txt,4
BILLS-110hr6981.txt,5
BILLS-117hr501.txt,9
BILLS-110hr1036.txt,3
BILLS-108s214.txt,5
BILLS-110s1474.txt,5
BILLS-118s2071.txt,5
BILLS-112hr3058.txt,5
BILLS-117s2454.txt,8
BILLS-110s2169.txt,5
BILLS-111hr2602.txt,7
BILLS-112hr2352.txt,6
BILLS-114s3080.txt,5
BILLS-113hr1572.txt,2
BILLS-111s607.txt,6
BILLS-108hr4476.txt,7
BILLS-117s695.txt,8
BILLS-108hr3319.txt,3
BILLS-116s2454.txt,3
BILLS-111s161.txt,7
BILLS-109hr5441.txt,0
BILLS-116hr5874.txt,8
BILLS-115s3094.txt,5
BILLS-113hr5072.txt,9
BILLS-111s1474.txt,5
BILLS-118s2703.txt,7
BILLS-111hr2164.txt,8
BILLS-116hr1421.txt,0
BILLS-113hr5099.txt,5
BILLS-106s2796.txt,7
BILLS-115s1668.txt,5
BILLS-110hr969.txt,8
BILLS-117hr298.txt,5
BILLS-117hr5208.txt,5
BILLS-108s1876.txt,3
BILLS-114hr5758.txt,7
BILLS-113s1355.txt,6
BILLS-113hr709.txt,8
BILLS-116s1808.txt,0
BILLS-118s599.txt,3
BILLS-118hr68.txt,5
BILLS-113hr2084.txt,6
BILLS-117hr8738.txt,7
BILLS-116hr1353.txt,7
BILLS-111hr5192.txt,7
BILLS-111hr969.txt,3
BILLS-116hr5135.txt,3
BILLS-118s1593.txt,5
BILLS-113s2890.txt,8
BILLS-118hr5499.txt,3
BILLS-112s1433.txt,5
BILLS-110hr1963.txt,5
BILLS-108hr68.txt,4
BILLS-117s1808.txt,5
BILLS-107s118.txt,8
BILLS-106hr3662.txt,3
BILLS-116hr2114.txt,6
BILLS-117s642.txt,5
BILLS-117s1820.txt,5
BILLS-118sres387.txt,5
BILLS-115hr4035.txt,2
BILLS-117s4780.txt,5
BILLS-115s22.txt,3
BILLS-107s130.txt,7
BILLS-117hr1734.txt,6
BILLS-111hr5804.txt,8
BILLS-118hr6806.txt,5
BILLS-117hr1052.txt,8
BILLS-116s4794.txt,5
BILLS-111s808.txt,4
BILLS-114hr3315.txt,5
BILLS-107hr827.txt,5
BILLS-117hr3651.txt,4
BILLS-113s2674.txt,8
BILLS-115s3731.txt,5
BILLS-110hr4199.txt,7
BILLS-117hr1046.txt,3
BILLS-107s2972.txt,8
BILLS-110hr4827.txt,3
BILLS-116hr9055.txt,3
BILLS-113hr2906.txt,5
BILLS-109s1692.txt,5
BILLS-110s2814.txt,5
BILLS-113s272.txt,7
BILLS-116sconres36.txt,6
BILLS-106hr3676.txt,9
BILLS-116hr1334.txt,8
BILLS-117hres566.txt,4
BILLS-118hr1840.txt,8
BILLS-117hr2514.txt,8
BILLS-115hr3715.txt,5
BILLS-112s1332.txt,8
BILLS-115sjres18.txt,3
BILLS-111hr4599.txt,7
BILLS-117hr9333.txt,0
BILLS-118hr3925.txt,5
BILLS-106hr4156.txt,7
BILLS-118hr802.txt,5
BILLS-113hr1298.txt,5
BILLS-108hr5082.txt,3
BILLS-111s3589.txt,7
BILLS-106s2097.txt,3
BILLS-110hr6919.txt,4
BILLS-118hr2385.txt,7
BILLS-111s853.txt,8
BILLS-107hr3276.txt,4
BILLS-117hr8993.txt,8
BILLS-117hr9455.txt,6
BILLS-116hr8462.txt,9
BILLS-112hr6190.txt,2
BILLS-115s287.txt,5
BILLS-109s1193.txt,2
BILLS-116hr7779.txt,2
BILLS-115s3756.txt,8
BILLS-112hr2490.txt,6
BILLS-107hr3538.txt,2
BILLS-115s1627.txt,8
BILLS-108s1187.txt,7
BILLS-117s1853.txt,5
BILLS-116hr5608.txt,5
BILLS-107hr2626.txt,4
BILLS-110hr1938.txt,3
BILLS-113s2161.txt,0
BILLS-115hr2423.txt,5
BILLS-115hr6645.txt,8
BILLS-117hr1753.txt,6
BILLS-117s4081.txt,8
BILLS-111hr926.txt,7
BILLS-115hr1894.txt,3
BILLS-117hr6982.txt,2
BILLS-115hr2345.txt,0
BILLS-112hr6184.txt,5
BILLS-117hr3622.txt,8
BILLS-116s2382.txt,9
BILLS-108hr2909.txt,2
BILLS-110hr1079.txt,5
BILLS-111s884.txt,5
BILLS-111s2898.txt,0
BILLS-115hr4907.txt,8
BILLS-112hr1600.txt,4
BILLS-111hr715.txt,8
BILLS-114sres166.txt,7
BILLS-108s2317.txt,4
BILLS-112hr6609.txt,8
BILLS-116hr3286.txt,0
BILLS-117s1674.txt,5
BILLS-109hr4704.txt,5
BILLS-118hr2434.txt,8
BILLS-108hr3342.txt,7
BILLS-108s1178.txt,6
BILLS-115hr290.txt,3
BILLS-110sres72.txt,8
BILLS-107hr115.txt,7
BILLS-107s2040.txt,5
BILLS-109hr242.txt,5
BILLS-116s1112.txt,3
BILLS-111hr3553.txt,5
BILLS-110s3238.txt,5
BILLS-117hr9496.txt,4
BILLS-116hr5185.txt,8
BILLS-114hr2093.txt,5
BILLS-113hr69.txt,9
BILLS-113s598.txt,8
BILLS-116hr8489.txt,3
BILLS-117s2427.txt,5
BILLS-109s1150.txt,6
BILLS-118hr6108.txt,5
BILLS-118s2002.txt,8
BILLS-111s1375.txt,5
BILLS-109hr3731.txt,3
BILLS-109hr5340.txt,8
BILLS-107hr883.txt,4
BILLS-113hr41.txt,3
BILLS-113hr1273.txt,8
BILLS-116s2433.txt,0
BILLS-110s315.txt,5
BILLS-116hr5813.txt,5
BILLS-117hr3193.txt,6
BILLS-117hr214.txt,5
BILLS-110hr1723.txt,0
BILLS-113hr3464.txt,3
BILLS-117s4730.txt,6
BILLS-111s1413.txt,7
BILLS-111hr4572.txt,0
BILLS-110s3576.txt,9
BILLS-118s4315.txt,5
BILLS-118hr1115.txt,3
BILLS-118s267.txt,5
BILLS-112hr3759.txt,5
BILLS-108s2459.txt,4
BILLS-116hr572.txt,2
BILLS-109s1622.txt,5
BILLS-110s3562.txt,6
BILLS-110hr3120.txt,6
BILLS-110hr729.txt,8
BILLS-109s3035.txt,8
BILLS-114s725.txt,8
BILLS-109hr3043.txt,2
BILLS-107hr2829.txt,5
BILLS-112hr785.txt,5
BILLS-108s1636.txt,5
BILLS-108s273.txt,8
BILLS-111hr6417.txt,5
BILLS-118hres1159.txt,7
BILLS-107hr897.txt,8
BILLS-107s1213.txt,7
BILLS-109s3753.txt,4
BILLS-112hr6147.txt,5
BILLS-116s2341.txt,0
BILLS-113hr1501.txt,5
BILLS-108hr2712.txt,5
BILLS-110s3204.txt,3
BILLS-116s1890.txt,8
BILLS-118hr1673.txt,10
BILLS-116hr1650.txt,2
BILLS-111hr4957.txt,2
BILLS-114hr1029.txt,5
BILLS-115hr2609.txt,2
BILLS-112s238.txt,7
BILLS-115s907.txt,5
BILLS-108s924.txt,4
BILLS-114hr4151.txt,8
BILLS-107s1944.txt,7
BILLS-107hr3706.txt,5
BILLS-111s3947.txt,5
BILLS-111hr1191.txt,8
BILLS-110s856.txt,5
BILLS-116hr6881.txt,2
BILLS-114hr1997.txt,8
BILLS-113hr4690.txt,5
BILLS-118s924.txt,7
BILLS-116hr1122.txt,0
BILLS-114hr4623.txt,5
BILLS-116hr5344.txt,0
BILLS-107hr5405.txt,9
BILLS-114hr2534.txt,5
BILLS-108s930.txt,3
BILLS-116hr1644.txt,5
BILLS-112s204.txt,8
BILLS-108hr4808.txt,5
BILLS-108hr901.txt,4
BILLS-115s1425.txt,7
BILLS-115s3232.txt,0
BILLS-112hr5843.txt,5
BILLS-109s2698.txt,7
BILLS-113s771.txt,7
BILLS-114hjres42.txt,5
BILLS-107hr3048.txt,6
BILLS-110hr1290.txt,4
BILLS-117hr5051.txt,8
BILLS-116hr6671.txt,5
BILLS-108hr1964.txt,9
BILLS-115hr6447.txt,5
BILLS-117s2194.txt,9
BILLS-107hr1139.txt,5
BILLS-115s3226.txt,2
BILLS-113hr3869.txt,7
BILLS-112s1118.txt,3
BILLS-107hr2430.txt,5
BILLS-110hr7187.txt,5
BILLS-116hr4700.txt,3
BILLS-112hr1364.txt,4
BILLS-116s1304.txt,9
BILLS-118s3644.txt,5
BILLS-118hr1459.txt,8
BILLS-109hconres466.txt,2
BILLS-109hr732.txt,7
BILLS-107sjres14.txt,6
BILLS-111hr3745.txt,3
BILLS-109hr1318.txt,6
BILLS-110hr265.txt,3
BILLS-113s956.txt,4
BILLS-109s2667.txt,8
BILLS-117sres801.txt,8
BILLS-108hr3626.txt,7
BILLS-117sres815.txt,5
BILLS-118s2228.txt,3
BILLS-107hr1878.txt,3
BILLS-110hr2766.txt,2
BILLS-111hr3989.txt,5
BILLS-112s2388.txt,5
BILLS-116hr7590.txt,0
BILLS-108hr1025.txt,8
BILLS-111hr3751.txt,5
BILLS-111hres1199.txt,3
BILLS-110s2442.txt,5
BILLS-115hr2806.txt,4
BILLS-118s1047.txt,4
BILLS-116hr3090.txt,3
BILLS-107hr3909.txt,8
BILLS-110hr3336.txt,5
BILLS-113hr4109.txt,5
BILLS-114s1394.txt,9
BILLS-114hr910.txt,6
BILLS-114s533.txt,7
BILLS-114hres540.txt,10
BILLS-118hr433.txt,8
BILLS-110hr7150.txt,8
BILLS-115hr5827.txt,5
BILLS-116s185.txt,8
BILLS-118sres653.txt,8
BILLS-108s1420.txt,4
BILLS-109s276.txt,8
BILLS-111hr2467.txt,0
BILLS-116hr8853.txt,2
BILLS-111s1163.txt,0
BILLS-115s3583.txt,5
BILLS-110hr2982.txt,4
BILLS-116s2143.txt,5
BILLS-107s1011.txt,9
BILLS-110s665.txt,5
BILLS-115hr5833.txt,5
BILLS-115s1394.txt,5
BILLS-109s262.txt,5
BILLS-112hr587.txt,9
BILLS-115s734.txt,5
BILLS-110s1177.txt,8
BILLS-108hr4607.txt,7
BILLS-108s717.txt,5
BILLS-110hr7144.txt,7
BILLS-118hr3500.txt,0
BILLS-118hr7766.txt,5
BILLS-118s4103.txt,5
BILLS-111hr259.txt,5
BILLS-118hr6478.txt,6
BILLS-114hr904.txt,5
BILLS-113hr3935.txt,5
BILLS-111hr4823.txt,8
BILLS-108s688.txt,3
BILLS-116sres460.txt,9
BILLS-107hr3672.txt,5
BILLS-108hr849.txt,3
BILLS-114s3408.txt,5
BILLS-108hr4940.txt,6
BILLS-118hr5950.txt,5
BILLS-113s2559.txt,5
BILLS-112hjres61.txt,3
BILLS-115hr3305.txt,8
BILLS-111s3833.txt,9
BILLS-113hr2395.txt,4
BILLS-118s844.txt,8
BILLS-114hr125.txt,2
BILLS-117s2962.txt,2
BILLS-109hr691.txt,5
BILLS-110hr2809.txt,8
BILLS-114hr3038.txt,4
BILLS-117s209.txt,7
BILLS-110hres1444.txt,4
BILLS-107s1824.txt,3
BILLS-115hr125.txt,5
BILLS-117hr9045.txt,6
BILLS-117hr2138.txt,5
BILLS-112hr424.txt,2
BILLS-108hr875.txt,0
BILLS-116s2786.txt,3
BILLS-107hr3896.txt,2
BILLS-116hres522.txt,0
BILLS-115s3346.txt,5
BILLS-114s1223.txt,5
BILLS-109s1583.txt,6
BILLS-112s2217.txt,6
BILLS-118s1866.txt,5
BILLS-113s605.txt,4
BILLS-111sres639.txt,3
BILLS-117sres746.txt,5
BILLS-113s2571.txt,7
BILLS-114s3346.txt,5
BILLS-114s2058.txt,5
BILLS-107hr4653.txt,8
BILLS-114hr3004.txt,5
BILLS-116hr8728.txt,4
BILLS-116hres250.txt,8
BILLS-107s221.txt,4
BILLS-116hr6063.txt,0
BILLS-112hr4383.txt,3
BILLS-114s490.txt,1
BILLS-115hr119.txt,3
BILLS-114hr5313.txt,8
BILLS-107hr2544.txt,8
BILLS-110hr7018.txt,8
BILLS-114hr2497.txt,3
BILLS-111s1759.txt,4
BILLS-112hr3407.txt,0
BILLS-117s3315.txt,6
BILLS-112hr2719.txt,5
BILLS-111hr5240.txt,5
BILLS-113hr4727.txt,5
BILLS-112s1939.txt,5
BILLS-110hr6460.txt,8
BILLS-109s97.txt,3
BILLS-114hr4958.txt,8
BILLS-118s1899.txt,7
BILLS-106s2336.txt,5
BILLS-115hr694.txt,2
BILLS-117s1270.txt,5
BILLS-116hr6922.txt,3
BILLS-107s2450.txt,8
BILLS-117hr7915.txt,7
BILLS-118hr1539.txt,5
BILLS-118hr6530.txt,3
BILLS-114sres562.txt,8
BILLS-111hr3143.txt,6
BILLS-118hr3448.txt,5
BILLS-117s1516.txt,4
BILLS-109hr4466.txt,6
BILLS-116s3473.txt,5
BILLS-111hr339.txt,5
BILLS-115s3385.txt,8
BILLS-110s1017.txt,5
BILLS-108s677.txt,8
BILLS-117hr162.txt,5
BILLS-109s464.txt,5
BILLS-112s1905.txt,5
BILLS-109hr3447.txt,3
BILLS-108s111.txt,7
BILLS-108hr108.txt,5
BILLS-118hr3306.txt,3
BILLS-110hr3524.txt,6
BILLS-118hr8253.txt,8
BILLS-115sres650.txt,3
BILLS-111s1017.txt,6
BILLS-115hr7188.txt,5
BILLS-118sres733.txt,5
BILLS-106s3000.txt,3
BILLS-109hr2995.txt,3
BILLS-110s711.txt,5
BILLS-112hr6231.txt,7
BILLS-111s3600.txt,5
BILLS-115s1586.txt,8
BILLS-117s2023.txt,5
BILLS-116hr8502.txt,5
BILLS-112hr4817.txt,5
BILLS-109hr487.txt,3
BILLS-113hr2197.txt,8
BILLS-118hr6083.txt,5
BILLS-107hr3316.txt,2
BILLS-113s2983.txt,0
BILLS-115hr4668.txt,0
BILLS-107hr4479.txt,8
BILLS-116hr4338.txt,5
BILLS-107hr2008.txt,4
BILLS-114hr2130.txt,4
BILLS-106hr4988.txt,7
BILLS-112s628.txt,5
BILLS-115hr5210.txt,7
BILLS-106hr5328.txt,8
BILLS-110sres709.txt,8
BILLS-107hr3470.txt,5
BILLS-115hr3661.txt,8
BILLS-109s1965.txt,5
BILLS-118hr8904.txt,5
BILLS-114hr6424.txt,7
BILLS-114hr455.txt,3
BILLS-117s4877.txt,8
BILLS-110s75.txt,5
BILLS-118hr3689.txt,5
BILLS-113s349.txt,9
BILLS-118hr4858.txt,3
BILLS-108hr2699.txt,5
BILLS-107s2691.txt,5
BILLS-113hr5834.txt,5
BILLS-116s4693.txt,6
BILLS-109hr3686.txt,8
BILLS-113s407.txt,5
BILLS-118hr8092.txt,8
BILLS-112s2015.txt,2
BILLS-115sres55.txt,9
BILLS-107s2861.txt,4
BILLS-107s751.txt,8
BILLS-113hr2815.txt,2
BILLS-117s4687.txt,5
BILLS-110hr3083.txt,8
BILLS-113s1508.txt,8
BILLS-117hr7242.txt,8
BILLS-112s172.txt,6
BILLS-116s3842.txt,6
BILLS-113s361.txt,4
BILLS-114hr5105.txt,5
BILLS-116hr4462.txt,3
BILLS-110hr1694.txt,1
BILLS-115s1753.txt,0
BILLS-117s745.txt,7
BILLS-109s2288.txt,7
BILLS-110s49.txt,2
BILLS-109s869.txt,5
BILLS-116s3856.txt,6
BILLS-106hr5300.txt,5
BILLS-114hr3560.txt,3
BILLS-117s4693.txt,8
BILLS-111hr5917.txt,4
BILLS-115hr6731.txt,5
BILLS-111hres1210.txt,7
BILLS-118hr6915.txt,4
BILLS-109hr1085.txt,4
BILLS-112sres192.txt,8
BILLS-117hr1141.txt,2
BILLS-110hr3929.txt,4
BILLS-116hr2761.txt,7
BILLS-115hr4640.txt,8
BILLS-116s224.txt,5
BILLS-108s1959.txt,9
BILLS-112s600.txt,0
BILLS-112s1508.txt,4
BILLS-111s2907.txt,5
BILLS-108hr5121.txt,3
BILLS-109hr4116.txt,5
BILLS-108hr3550.txt,4
BILLS-116hr348.txt,5
BILLS-107s976.txt,8
BILLS-107s2646.txt,6
BILLS-111hr661.txt,5
BILLS-118hres467.txt,3
BILLS-109hr444.txt,7
BILLS-111hr3355.txt,6
BILLS-118hr1049.txt,7
BILLS-117s4678.txt,4
BILLS-111s2052.txt,3
BILLS-110s1229.txt,5
BILLS-112hr801.txt,3
BILLS-107s1429.txt,2
BILLS-116hr5797.txt,7
BILLS-114hres10.txt,5
BILLS-118hr4125.txt,3
BILLS-112s199.txt,4
BILLS-111s3358.txt,9
BILLS-114hr496.txt,8
BILLS-111hr5730.txt,6
BILLS-107s2652.txt,3
BILLS-111hr3427.txt,5
BILLS-117s5214.txt,8
BILLS-116s2209.txt,4
BILLS-118hr4643.txt,6
BILLS-117s1072.txt,9
BILLS-108hr2882.txt,7
BILLS-116s3117.txt,9
BILLS-108hr3544.txt,8
BILLS-114hr4596.txt,3
BILLS-109s128.txt,9
BILLS-117s4122.txt,9
BILLS-109s1024.txt,7
BILLS-113hr829.txt,8
BILLS-112hr1748.txt,5
BILLS-108hr2672.txt,5
BILLS-112hr1990.txt,8
BILLS-117hr3959.txt,9
BILLS-115hr4697.txt,2
BILLS-110hr6138.txt,2
BILLS-108s475.txt,4
BILLS-115s2299.txt,4
BILLS-109s1742.txt,5
BILLS-118s2610.txt,5
BILLS-109hr1720.txt,8
BILLS-117s4888.txt,6
BILLS-118hr1061.txt,4
BILLS-114s651.txt,8
BILLS-116s581.txt,7
BILLS-115s442.txt,5
BILLS-117s792.txt,4
BILLS-117s1728.txt,9
BILLS-114s889.txt,5
BILLS-110s275.txt,8
BILLS-115hr3852.txt,5
BILLS-113hr1313.txt,5
BILLS-109hr4880.txt,5
BILLS-111s3364.txt,8
BILLS-114s3187.txt,6
BILLS-111s3402.txt,8
BILLS-117hr3795.txt,5
BILLS-117s4136.txt,8
BILLS-109hr1046.txt,5
BILLS-109hr5547.txt,5
BILLS-113hr182.txt,3
BILLS-117s2220.txt,5
BILLS-109hr1721.txt,7
BILLS-112hr2254.txt,7
BILLS-109s1031.txt,3
BILLS-117s4137.txt,8
BILLS-111hr6562.txt,1
BILLS-115s325.txt,5
BILLS-110s1566.txt,6
BILLS-116s4645.txt,5
BILLS-117hr3794.txt,6
BILLS-114s3186.txt,0
BILLS-109s101.txt,3
BILLS-112hr6026.txt,4
BILLS-109hr5235.txt,9
BILLS-113hr1460.txt,0
BILLS-110hr6887.txt,1
BILLS-106s2109.txt,9
BILLS-117s3894.txt,3
BILLS-112hr2240.txt,5
BILLS-118hr7363.txt,3
BILLS-109s1025.txt,5
BILLS-111s1200.txt,7
BILLS-117s4123.txt,2
BILLS-111s1566.txt,8
BILLS-118s2611.txt,6
BILLS-113hr3511.txt,3
BILLS-110s3403.txt,8
BILLS-117s2234.txt,4
BILLS-111hr4407.txt,7
BILLS-108hr2115.txt,3
BILLS-114hres637.txt,9
BILLS-107hr2948.txt,2
BILLS-116s3658.txt,5
BILLS-114s644.txt,4
BILLS-113hr4256.txt,4
BILLS-110s2735.txt,8
BILLS-111hr112.txt,7
BILLS-113hr5148.txt,3
BILLS-116s1067.txt,0
BILLS-112s198.txt,5
BILLS-117hr4979.txt,6
BILLS-118hr3893.txt,3
BILLS-116s3670.txt,9
BILLS-116hr5796.txt,7
BILLS-109s129.txt,8
BILLS-112s826.txt,8
BILLS-117hr3970.txt,3
BILLS-112hr1761.txt,8
BILLS-118s3241.txt,6
BILLS-117hr8825.txt,2
BILLS-118s448.txt,9
BILLS-108s2276.txt,4
BILLS-107s977.txt,4
BILLS-110s2047.txt,5
BILLS-106hr4792.txt,7
BILLS-108hr3551.txt,7
BILLS-108hr2897.txt,8
BILLS-108hr337.txt,5
BILLS-109hr2566.txt,3
BILLS-113s2799.txt,0
BILLS-115hr497.txt,5
BILLS-112hres760.txt,4
BILLS-112s1284.txt,6
BILLS-107hr2974.txt,7
BILLS-118hr1048.txt,9
BILLS-117s4679.txt,5
BILLS-108s2504.txt,6
BILLS-116s1098.txt,7
BILLS-118hr8939.txt,5
BILLS-116s543.txt,7
BILLS-116hr3318.txt,5
BILLS-107hr2021.txt,7
BILLS-116s225.txt,5
BILLS-116hr2760.txt,5
BILLS-118hr8087.txt,8
BILLS-116s1932.txt,6
BILLS-115hr468.txt,8
BILLS-117hr5332.txt,8
BILLS-115s1752.txt,5
BILLS-110hr1695.txt,0
BILLS-112hr627.txt,7
BILLS-118sres281.txt,6
BILLS-114s2529.txt,5
BILLS-113s360.txt,9
BILLS-112s173.txt,7
BILLS-113s2028.txt,3
BILLS-110s74.txt,3
BILLS-109s854.txt,6
BILLS-116hr3324.txt,8
BILLS-113s1521.txt,2
BILLS-115s2273.txt,3
BILLS-110hr3914.txt,0
BILLS-108hr1391.txt,5
BILLS-114hr332.txt,3
BILLS-114hr2125.txt,3
BILLS-118s1495.txt,7
BILLS-107hr3303.txt,8
BILLS-112s629.txt,7
BILLS-112s1521.txt,5
BILLS-115hr3106.txt,8
BILLS-114hr5886.txt,8
BILLS-116hr2748.txt,9
BILLS-110hres1135.txt,4
BILLS-115s2501.txt,5
BILLS-113hr5821.txt,6
BILLS-109hr486.txt,3
BILLS-113s1253.txt,9
BILLS-112s2028.txt,3
BILLS-107s2684.txt,6
BILLS-116hr6248.txt,6
BILLS-112s3450.txt,1
BILLS-106s2848.txt,8
BILLS-114hr4226.txt,5
BILLS-111hr1580.txt,9
BILLS-114s863.txt,7
BILLS-116hr5999.txt,10
BILLS-110hr338.txt,4
BILLS-111s503.txt,0
BILLS-111s3601.txt,7
BILLS-113hr1676.txt,3
BILLS-107s1164.txt,1
BILLS-108s104.txt,8
BILLS-116s4447.txt,5
BILLS-118hr1504.txt,5
BILLS-115hr7189.txt,8
BILLS-111hr4177.txt,5
BILLS-116s1259.txt,7
BILLS-109s1555.txt,7
BILLS-111s1770.txt,2
BILLS-111hr1769.txt,9
BILLS-107s1602.txt,6
BILLS-113hr1110.txt,6
BILLS-109s465.txt,7
BILLS-110s1016.txt,8
BILLS-112hr6542.txt,5
BILLS-111hr338.txt,4
BILLS-107s3001.txt,5
BILLS-110hr5632.txt,8
BILLS-113hr3075.txt,7
BILLS-117s4321.txt,8
BILLS-118hr1510.txt,5
BILLS-107hr1925.txt,7
BILLS-111hr4163.txt,5
BILLS-117s2750.txt,8
BILLS-117hres836.txt,7
BILLS-118hr3307.txt,5
BILLS-110s1770.txt,7
BILLS-108s1555.txt,9
BILLS-110s2251.txt,6
BILLS-108sres364.txt,3
BILLS-111hr476.txt,0
BILLS-114hr6182.txt,8
BILLS-112hr1563.txt,7
BILLS-117s1271.txt,9
BILLS-108hr121.txt,7
BILLS-108hr3747.txt,6
BILLS-116s3472.txt,5
BILLS-118hr5038.txt,5
BILLS-112s1092.txt,2
BILLS-118s3725.txt,9
BILLS-116s1265.txt,3
BILLS-114hr695.txt,8
BILLS-109hr6270.txt,9
BILLS-116hr639.txt,5
BILLS-108s2712.txt,5
BILLS-118s3731.txt,3
BILLS-118hr8508.txt,8
BILLS-110s2523.txt,6
BILLS-112s3691.txt,8
BILLS-111s1758.txt,6
BILLS-114hr3788.txt,8
BILLS-116s4309.txt,5
BILLS-116s5017.txt,7
BILLS-118hr4332.txt,7
BILLS-110hr310.txt,5
BILLS-110hr6461.txt,2
BILLS-108hr3753.txt,4
BILLS-118s2349.txt,5
BILLS-115sres679.txt,6
BILLS-118s886.txt,5
BILLS-117hr8400.txt,6
BILLS-116hr6704.txt,3
BILLS-118hres857.txt,0
BILLS-117s3499.txt,5
BILLS-109hr5786.txt,8
BILLS-116s999.txt,8
BILLS-107hr2545.txt,7
BILLS-114s3421.txt,3
BILLS-112hr4382.txt,0
BILLS-109s1596.txt,9
BILLS-117hr1424.txt,8
BILLS-114s1236.txt,7
BILLS-114s1222.txt,5
BILLS-114hr1160.txt,7
BILLS-114hr2469.txt,9
BILLS-108hr874.txt,0
BILLS-110hr1497.txt,8
BILLS-116s755.txt,6
BILLS-106hr3566.txt,5
BILLS-113hr1879.txt,3
BILLS-118s1867.txt,5
BILLS-112s2216.txt,8
BILLS-118s879.txt,2
BILLS-107s552.txt,0
BILLS-107hr3101.txt,0
BILLS-116hr5231.txt,5
BILLS-111sres610.txt,5
BILLS-116hr3898.txt,5
BILLS-113s19.txt,3
BILLS-118s3080.txt,8
BILLS-109hr690.txt,8
BILLS-113hr2380.txt,5
BILLS-116hr6738.txt,8
BILLS-115s2717.txt,4
BILLS-113hr4097.txt,9
BILLS-115hr1261.txt,2
BILLS-107hr1070.txt,9
BILLS-111s1957.txt,7
BILLS-115hr2768.txt,5
BILLS-107hr5216.txt,8
BILLS-107s1825.txt,8
BILLS-116hr4891.txt,8
BILLS-117hr4574.txt,3
BILLS-111sres162.txt,3
BILLS-114hr4024.txt,6
BILLS-107hr3673.txt,6
BILLS-112hr2903.txt,5
BILLS-111hr4822.txt,5
BILLS-111hr3195.txt,0
BILLS-116hr7432.txt,5
BILLS-111hr5282.txt,5
BILLS-118s1683.txt,0
BILLS-110s923.txt,8
BILLS-114hr4742.txt,5
BILLS-113s2558.txt,6
BILLS-118hr5951.txt,8
BILLS-114s240.txt,5
BILLS-106s3175.txt,6
BILLS-118hr5616.txt,0
BILLS-115s1395.txt,6
BILLS-115hr911.txt,5
BILLS-110s664.txt,5
BILLS-107s1010.txt,5
BILLS-112hr6344.txt,4
BILLS-117hr2924.txt,8
BILLS-110hr3445.txt,3
BILLS-111hr4003.txt,8
BILLS-117s2630.txt,9
BILLS-118hr7001.txt,1
BILLS-113hr592.txt,2
BILLS-118s702.txt,8
BILLS-111s1162.txt,5
BILLS-111hres183.txt,3
BILLS-108hr4606.txt,8
BILLS-115s735.txt,3
BILLS-108s716.txt,5
BILLS-109s505.txt,6
BILLS-110hr1534.txt,9
BILLS-112hr1359.txt,5
BILLS-110hr7151.txt,9
BILLS-114s532.txt,7
BILLS-111hr1609.txt,5
BILLS-114s1395.txt,3
BILLS-114hr911.txt,4
BILLS-108s2896.txt,5
BILLS-111hres197.txt,4
BILLS-113hr5570.txt,5
BILLS-118s2201.txt,5
BILLS-109hr3532.txt,6
BILLS-118s1708.txt,10
BILLS-110hr6529.txt,1
BILLS-112hr6350.txt,4
BILLS-116s1477.txt,5
BILLS-117s5163.txt,9
BILLS-108hr1024.txt,8
BILLS-110s2325.txt,2
BILLS-111hr5321.txt,0
BILLS-112hr3200.txt,7
BILLS-117sres814.txt,9
BILLS-111hr1147.txt,7
BILLS-108s1409.txt,5
BILLS-110s658.txt,7
BILLS-109hres706.txt,3
BILLS-117hr981.txt,3
BILLS-107hr3908.txt,10
BILLS-116s812.txt,5
BILLS-108hr733.txt,7
BILLS-116hr3091.txt,8
BILLS-109s2114.txt,7
BILLS-116s3506.txt,5
BILLS-111s1638.txt,0
BILLS-118s3889.txt,7
BILLS-107s2243.txt,5
BILLS-114sres417.txt,9
BILLS-117s3260.txt,0
BILLS-113s1858.txt,5
BILLS-109s1409.txt,7
BILLS-112hr5103.txt,7
BILLS-113s1680.txt,2
BILLS-118s3645.txt,5
BILLS-114hr3824.txt,5
BILLS-107hr302.txt,2
BILLS-107s1986.txt,3
BILLS-108hr3627.txt,8
BILLS-116s3274.txt,8
BILLS-117sres800.txt,5
BILLS-110hr6515.txt,3
BILLS-114hr2284.txt,3
BILLS-112hr1403.txt,7
BILLS-107sjres15.txt,8
BILLS-109hr733.txt,2
BILLS-116s1463.txt,5
BILLS-116hr8885.txt,8
BILLS-112s2376.txt,5
BILLS-114hr5500.txt,8
BILLS-115hr5629.txt,4
BILLS-115s1430.txt,7
BILLS-107hr4040.txt,4
BILLS-108s2841.txt,7
BILLS-112hr2687.txt,5
BILLS-110hr5949.txt,4
BILLS-109hr1494.txt,6
BILLS-117s3.txt,6
BILLS-114s1342.txt,8
BILLS-108s2699.txt,5
BILLS-111hres1173.txt,8
BILLS-117hr9118.txt,2
BILLS-118s3862.txt,2
BILLS-115s1424.txt,5
BILLS-108s919.txt,5
BILLS-112s205.txt,3
BILLS-109hr5180.txt,8
BILLS-113s770.txt,5
BILLS-117hr5044.txt,5
BILLS-110hr1285.txt,3
BILLS-116hr2402.txt,0
BILLS-111hr3963.txt,0
BILLS-118hr3298.txt,5
BILLS-110s1837.txt,7
BILLS-106s2294.txt,7
BILLS-107hr3075.txt,5
BILLS-111s3952.txt,6
BILLS-116hr8661.txt,4
BILLS-118hr7798.txt,7
BILLS-117hr6203.txt,5
BILLS-116s2803.txt,0
BILLS-107s1951.txt,5
BILLS-118s1085.txt,4
BILLS-108s931.txt,6
BILLS-115s1418.txt,0
BILLS-107hr3707.txt,8
BILLS-109hr5802.txt,4
BILLS-106hr4341.txt,5
BILLS-108hr4835.txt,6
BILLS-107hr5376.txt,7
BILLS-115hr2608.txt,3
BILLS-116hr7220.txt,8
BILLS-118s2598.txt,5
BILLS-116hr1651.txt,5
BILLS-118hr6492.txt,6
BILLS-117hr6571.txt,5
BILLS-111s1189.txt,7
BILLS-113hr4849.txt,7
BILLS-110hr2968.txt,5
BILLS-112s1657.txt,5
BILLS-117hr956.txt,5
BILLS-110s857.txt,5
BILLS-115hr3270.txt,3
BILLS-107hr2828.txt,3
BILLS-110s300.txt,7
BILLS-116s2426.txt,5
BILLS-111hr3208.txt,5
BILLS-115hr6687.txt,3
BILLS-110hr3121.txt,5
BILLS-111s1406.txt,6
BILLS-111hr2670.txt,5
BILLS-118s3309.txt,7
BILLS-106s2069.txt,3
BILLS-107hr896.txt,4
BILLS-108hr4362.txt,5
BILLS-115hr3099.txt,8
BILLS-108hr2707.txt,7
BILLS-116s2354.txt,5
BILLS-111s661.txt,7
BILLS-107s1206.txt,6
BILLS-109s3746.txt,7
BILLS-107hconres171.txt,5
BILLS-111hr6402.txt,6
BILLS-117s195.txt,5
BILLS-116s4725.txt,9
BILLS-108s266.txt,2
BILLS-113hres526.txt,5
BILLS-110s3211.txt,4
BILLS-118s4472.txt,5
BILLS-112hr2452.txt,8
BILLS-118s4314.txt,5
BILLS-110s2669.txt,10
BILLS-110hr4882.txt,4
BILLS-118s272.txt,8
BILLS-114s730.txt,5
BILLS-108s500.txt,5
BILLS-113hr1272.txt,7
BILLS-109hr243.txt,6
BILLS-107hr2814.txt,5
BILLS-116s3704.txt,6
BILLS-108s528.txt,6
BILLS-109s2316.txt,9
BILLS-112hr960.txt,4
BILLS-109hr2360.txt,0
BILLS-113hr68.txt,4
BILLS-111s649.txt,4
BILLS-112s1482.txt,7
BILLS-109s2470.txt,5
BILLS-116s3062.txt,8
BILLS-110s3239.txt,7
BILLS-117hr9483.txt,3
BILLS-118hr8118.txt,8
BILLS-111hr4229.txt,0
BILLS-111hr2880.txt,8
BILLS-113hr960.txt,4
BILLS-116s2368.txt,5
BILLS-108hr243.txt,7
BILLS-114hr3398.txt,6
BILLS-116s3076.txt,6
BILLS-114hr2938.txt,5
BILLS-117hr4819.txt,4
BILLS-116hr2199.txt,9
BILLS-110s328.txt,0
BILLS-113s1482.txt,2
BILLS-113sres302.txt,5
BILLS-109s1838.txt,3
BILLS-115hr4735.txt,6
BILLS-107hres125.txt,5
BILLS-116hr4265.txt,5
BILLS-112s2174.txt,4
BILLS-107s630.txt,0
BILLS-114s1626.txt,7
BILLS-117s4080.txt,8
BILLS-115s3757.txt,9
BILLS-116s1846.txt,4
BILLS-115s286.txt,5
BILLS-117hr5246.txt,4
BILLS-114hr4408.txt,0
BILLS-115hr2436.txt,8
BILLS-116hr3278.txt,5
BILLS-115s1626.txt,3
BILLS-114s1154.txt,7
BILLS-107s142.txt,5
BILLS-111hr5876.txt,9
BILLS-113hr1299.txt,3
BILLS-106hr3638.txt,4
BILLS-117hr2267.txt,8
BILLS-113hr2948.txt,4
BILLS-115hr6678.txt,4
BILLS-115hr1117.txt,5
BILLS-112s2148.txt,6
BILLS-112hr4976.txt,2
BILLS-115s2461.txt,3
BILLS-107hr3277.txt,5
BILLS-115hr5417.txt,4
BILLS-108hr4389.txt,3
BILLS-117hr2515.txt,4
BILLS-109s3961.txt,6
BILLS-115hr520.txt,2
BILLS-111hr5692.txt,8
BILLS-116hr7022.txt,5
BILLS-109s1810.txt,3
BILLS-110s3588.txt,7
BILLS-116hr3244.txt,8
BILLS-113s228.txt,9
BILLS-118s1293.txt,5
BILLS-118hr3930.txt,3
BILLS-113s2638.txt,3
BILLS-106s2094.txt,3
BILLS-113s558.txt,3
BILLS-116hr5145.txt,4
BILLS-111s850.txt,9
BILLS-115hr7202.txt,5
BILLS-115hr1673.txt,8
BILLS-109s1806.txt,8
BILLS-115s2305.txt,5
BILLS-110s2680.txt,8
BILLS-109hr1870.txt,6
BILLS-116hr1445.txt,0
BILLS-117s1878.txt,6
BILLS-112s1325.txt,8
BILLS-107hr3507.txt,4
BILLS-116hr4529.txt,4
BILLS-116hr3246.txt,4
BILLS-110hr1907.txt,9
BILLS-107hr1310.txt,6
BILLS-113s1443.txt,8
BILLS-118s2798.txt,8
BILLS-117hr1778.txt,4
BILLS-115s2477.txt,5
BILLS-106s2080.txt,7
BILLS-114hr5728.txt,4
BILLS-106hr4627.txt,6
BILLS-112s3268.txt,4
BILLS-117hr7447.txt,7
BILLS-113hr989.txt,5
BILLS-111hres1401.txt,5
BILLS-108s17.txt,10
BILLS-117sres433.txt,0
BILLS-106hr5511.txt,8
BILLS-107hr5638.txt,5
BILLS-113s564.txt,4
BILLS-115hr4737.txt,2
BILLS-116s353.txt,5
BILLS-110hr1091.txt,8
BILLS-118hr4913.txt,8
BILLS-114hr3371.txt,5
BILLS-110hr6098.txt,2
BILLS-116hr2170.txt,8
BILLS-110hr931.txt,3
BILLS-115hr4051.txt,5
BILLS-117hr7321.txt,3
BILLS-109hr1694.txt,8
BILLS-118hr6862.txt,2
BILLS-110hr4857.txt,3
BILLS-108s2499.txt,5
BILLS-115s3033.txt,5
BILLS-114hr1214.txt,3
BILLS-115s1624.txt,9
BILLS-118hr829.txt,3
BILLS-117hr5522.txt,5
BILLS-109hr5380.txt,5
BILLS-109hr3929.txt,5
BILLS-116hr4273.txt,8
BILLS-113s2610.txt,6
BILLS-118hr4907.txt,0
BILLS-116hr6464.txt,8
BILLS-117hr7453.txt,8
BILLS-112s2162.txt,5
BILLS-110hr3679.txt,5
BILLS-107s2725.txt,7
BILLS-114hr287.txt,3
BILLS-114s1803.txt,3
BILLS-110s2125.txt,1
BILLS-112s950.txt,5
BILLS-116hr5186.txt,8
BILLS-113s2823.txt,3
BILLS-106hr4828.txt,10
BILLS-110hr716.txt,7
BILLS-109s2314.txt,7
BILLS-114hr4387.txt,7
BILLS-118hr2423.txt,4
BILLS-106hr4196.txt,5
BILLS-110s2643.txt,9
BILLS-118s2997.txt,2
BILLS-114sres617.txt,5
BILLS-116s1111.txt,8
BILLS-108hr1542.txt,0
BILLS-110hr2215.txt,8
BILLS-109s1609.txt,7
BILLS-116hr1492.txt,8
BILLS-113s1480.txt,5
BILLS-112hr1165.txt,0
BILLS-109hr2376.txt,10
BILLS-112hr976.txt,2
BILLS-111hr1435.txt,7
BILLS-116s3712.txt,0
BILLS-108hr3427.txt,7
BILLS-110s1438.txt,7
BILLS-109s2466.txt,4
BILLS-108hr5056.txt,7
BILLS-112s1494.txt,9
BILLS-108hr1230.txt,5
BILLS-109hr1119.txt,4
BILLS-111hr5135.txt,3
BILLS-112s3283.txt,5
BILLS-118hr6137.txt,5
BILLS-117hr565.txt,8
BILLS-109hr4049.txt,8
BILLS-116s4733.txt,2
BILLS-117hr7484.txt,5
BILLS-117s4041.txt,9
BILLS-118hr1670.txt,5
BILLS-118s2015.txt,7
BILLS-107s197.txt,4
BILLS-117s4727.txt,8
BILLS-109s705.txt,5
BILLS-108s502.txt,8
BILLS-115hr4086.txt,8
BILLS-112hr792.txt,5
BILLS-108s1147.txt,4
BILLS-111hr2100.txt,2
BILLS-117s4733.txt,5
BILLS-113hr4308.txt,3
BILLS-112hr3996.txt,4
BILLS-110s3575.txt,4
BILLS-118hr8640.txt,10
BILLS-116s1139.txt,8
BILLS-112hr2336.txt,8
BILLS-113hr3301.txt,3
BILLS-118s1508.txt,5
BILLS-115s1181.txt,5
BILLS-110hr6729.txt,8
BILLS-107hr880.txt,7
BILLS-112hr6150.txt,5
BILLS-115hr2391.txt,2
BILLS-111s3561.txt,10
BILLS-115hr5171.txt,4
BILLS-106hr5049.txt,7
BILLS-117hr5708.txt,6
BILLS-116s2801.txt,5
BILLS-112hres28.txt,5
BILLS-118s3690.txt,3
BILLS-114hr720.txt,2
BILLS-111hr4798.txt,3
BILLS-118s927.txt,9
BILLS-111hr3791.txt,4
BILLS-114hr1980.txt,8
BILLS-114s2113.txt,6
BILLS-107hr2369.txt,7
BILLS-117hr940.txt,3
BILLS-113s996.txt,5
BILLS-108hr4189.txt,6
BILLS-116sres271.txt,3
BILLS-110s855.txt,6
BILLS-118hr5827.txt,5
BILLS-110s1821.txt,6
BILLS-114hr2245.txt,7
BILLS-117hr954.txt,5
BILLS-118hr1499.txt,5
BILLS-115hr7014.txt,5
BILLS-113s1641.txt,9
BILLS-110hr5963.txt,4
BILLS-108hr1797.txt,7
BILLS-118s3684.txt,5
BILLS-116hr5435.txt,10
BILLS-107hr3705.txt,7
BILLS-109hr1496.txt,2
BILLS-109hr35.txt,2
BILLS-116s4294.txt,5
BILLS-115s1432.txt,4
BILLS-114hr3615.txt,3
BILLS-116hr2414.txt,8
BILLS-113s766.txt,5
BILLS-116hr4065.txt,3
BILLS-117hr3423.txt,8
BILLS-112s2374.txt,5
BILLS-110hr3484.txt,6
BILLS-117s4280.txt,8
BILLS-107s430.txt,5
BILLS-113hr553.txt,5
BILLS-116hres333.txt,5
BILLS-112hr5840.txt,6
BILLS-114s1432.txt,8
BILLS-107s424.txt,7
BILLS-117hr1220.txt,8
BILLS-116hr2400.txt,6
BILLS-117s356.txt,5
BILLS-114hr5516.txt,8
BILLS-110hr299.txt,5
BILLS-112hr90.txt,8
BILLS-112s1669.txt,8
BILLS-118s1911.txt,0
BILLS-110sres440.txt,9
BILLS-116s2829.txt,5
BILLS-117hr1546.txt,8
BILLS-112hr2849.txt,3
BILLS-117hr6229.txt,8
BILLS-111s1809.txt,7
BILLS-108s2857.txt,8
BILLS-117s3276.txt,2
BILLS-114s518.txt,7
BILLS-116hr4924.txt,7
BILLS-108s728.txt,3
BILLS-116s810.txt,5
BILLS-117s1461.txt,8
BILLS-112s1682.txt,4
BILLS-111hr1145.txt,8
BILLS-117s3510.txt,7
BILLS-111hr500.txt,9
BILLS-108hr1026.txt,8
BILLS-110hres1282.txt,2
BILLS-116s4519.txt,5
BILLS-118s1736.txt,5
BILLS-109s2102.txt,5
BILLS-110hr6271.txt,8
BILLS-117hr5907.txt,7
BILLS-114hr3826.txt,5
BILLS-111s3039.txt,5
BILLS-112hr1367.txt,8
BILLS-116s1307.txt,7
BILLS-116hr1690.txt,5
BILLS-110s2455.txt,4
BILLS-117s3262.txt,4
BILLS-111hr5451.txt,6
BILLS-108s2670.txt,3
BILLS-118hr5172.txt,5
BILLS-110s1174.txt,4
BILLS-108hr4604.txt,2
BILLS-107hconres403.txt,8
BILLS-117hr3386.txt,7
BILLS-107hr3936.txt,5
BILLS-111hr3008.txt,2
BILLS-118hr8456.txt,5
BILLS-111hr2316.txt,8
BILLS-118hr1472.txt,8
BILLS-111hr4001.txt,8
BILLS-118hr7003.txt,6
BILLS-118hr342.txt,5
BILLS-117s381.txt,8
BILLS-109hr3524.txt,7
BILLS-111s3763.txt,4
BILLS-107hr2382.txt,7
BILLS-118hr5600.txt,5
BILLS-114s256.txt,0
BILLS-116hr8850.txt,2
BILLS-110s3011.txt,7
BILLS-115s2852.txt,5
BILLS-110hr3335.txt,7
BILLS-109hr1441.txt,3
BILLS-111hr4773.txt,5
BILLS-118s4114.txt,5
BILLS-107s3177.txt,5
BILLS-117s4531.txt,3
BILLS-115s723.txt,5
BILLS-109hr4539.txt,6
BILLS-111hr1794.txt,7
BILLS-118hr3488.txt,8
BILLS-115hr5005.txt,5
BILLS-107hr5214.txt,5
BILLS-113s2228.txt,6
BILLS-117hr9046.txt,8
BILLS-111hr5294.txt,0
BILLS-112s1735.txt,5
BILLS-115hr898.txt,0
BILLS-111s3824.txt,8
BILLS-118s1859.txt,0
BILLS-114hr4998.txt,6
BILLS-116hr4139.txt,7
BILLS-110s1955.txt,0
BILLS-116hr2548.txt,7
BILLS-118s2388.txt,5
BILLS-116hr7430.txt,0
BILLS-112s2228.txt,3
BILLS-107hr1700.txt,8
BILLS-118s3928.txt,5
BILLS-106hr3558.txt,8
BILLS-109s498.txt,3
BILLS-117hr5668.txt,5
BILLS-108hr4943.txt,8
BILLS-114hr5338.txt,3
BILLS-112s1047.txt,8
BILLS-110hr3296.txt,5
BILLS-117s4492.txt,8
BILLS-106hr3570.txt,9
BILLS-106hr4579.txt,7
BILLS-118hr9199.txt,5
BILLS-107s544.txt,3
BILLS-115s3437.txt,0
BILLS-113hr433.txt,8
BILLS-113s2566.txt,4
BILLS-115hr4455.txt,8
BILLS-114s3437.txt,5
BILLS-114s1220.txt,4
BILLS-118s3914.txt,5
BILLS-110hr5618.txt,8
BILLS-110s2535.txt,7
BILLS-112s3687.txt,8
BILLS-106s2447.txt,7
BILLS-112hr1207.txt,7
BILLS-112s398.txt,8
BILLS-110hr6311.txt,8
BILLS-107hr260.txt,5
BILLS-108hr3023.txt,2
BILLS-117hr149.txt,5
BILLS-108hres218.txt,5
BILLS-114hr6180.txt,4
BILLS-113s1084.txt,8
BILLS-111hr3626.txt,8
BILLS-116hr6921.txt,5
BILLS-107s2453.txt,5
BILLS-111hr5257.txt,4
BILLS-109hr889.txt,4
BILLS-118s648.txt,8
BILLS-117hres808.txt,2
BILLS-118s884.txt,5
BILLS-116hr149.txt,0
BILLS-109s1219.txt,4
BILLS-112hr3362.txt,4
BILLS-118s1642.txt,6
BILLS-113s821.txt,7
BILLS-106s2335.txt,8
BILLS-108hr4980.txt,2
BILLS-110s1028.txt,3
BILLS-118hr2741.txt,4
BILLS-112hr3404.txt,4
BILLS-117s2008.txt,5
BILLS-109hr6266.txt,8
BILLS-109hr123.txt,7
BILLS-116s2752.txt,6
BILLS-114s2926.txt,4
BILLS-117s1529.txt,2
BILLS-107hr2584.txt,9
BILLS-118hr550.txt,8
BILLS-117s593.txt,5
BILLS-109hr3336.txt,2
BILLS-113hr382.txt,3
BILLS-110s2509.txt,3
BILLS-110s3617.txt,8
BILLS-113hr5374.txt,3
BILLS-113hr5412.txt,3
BILLS-117hres1311.txt,8
BILLS-118sres730.txt,5
BILLS-110s1766.txt,8
BILLS-115s125.txt,5
BILLS-108hr5308.txt,4
BILLS-107s1166.txt,8
BILLS-117hr2852.txt,9
BILLS-111s3603.txt,7
BILLS-111hr1019.txt,5
BILLS-107hr4687.txt,3
BILLS-115hr4496.txt,5
BILLS-115s131.txt,4
BILLS-115hr873.txt,4
BILLS-118hres1238.txt,9
BILLS-106s2309.txt,5
BILLS-109hr1253.txt,3
BILLS-110s3165.txt,3
BILLS-107hr1927.txt,7
BILLS-114s1585.txt,5
BILLS-118hr1274.txt,8
BILLS-117hres1463.txt,5
BILLS-107hr1099.txt,5
BILLS-116s4337.txt,4
BILLS-108s1231.txt,4
BILLS-118s1118.txt,8
BILLS-109sconres122.txt,2
BILLS-111sres410.txt,3
BILLS-116hr2986.txt,8
BILLS-106hr5459.txt,6
BILLS-113hr1489.txt,7
BILLS-115s3609.txt,6
BILLS-116hr7626.txt,7
BILLS-117hr9522.txt,5
BILLS-117hres363.txt,5
BILLS-110s289.txt,8
BILLS-110hr1867.txt,5
BILLS-106hr3996.txt,5
BILLS-117hr388.txt,9
BILLS-116sres675.txt,4
BILLS-115hjres11.txt,2
BILLS-117hr4774.txt,3
BILLS-114hres812.txt,6
BILLS-115hr5213.txt,5
BILLS-116hr5743.txt,5
BILLS-107hr3473.txt,7
BILLS-113hr4283.txt,4
BILLS-116hr8267.txt,7
BILLS-118s2834.txt,9
BILLS-111hr2935.txt,0
BILLS-118s3294.txt,5
BILLS-116hr7632.txt,2
BILLS-115s2503.txt,7
BILLS-118hr6080.txt,8
BILLS-115hr3104.txt,8
BILLS-111hr689.txt,7
BILLS-109hr1086.txt,5
BILLS-111s918.txt,5
BILLS-110hr6852.txt,5
BILLS-109hr3849.txt,7
BILLS-113s2016.txt,5
BILLS-114hr3563.txt,4
BILLS-117hr4984.txt,5
BILLS-114s1036.txt,8
BILLS-110s2910.txt,3
BILLS-110hr3094.txt,8
BILLS-113hr157.txt,3
BILLS-113hr2816.txt,5
BILLS-114hr2669.txt,5
BILLS-112s171.txt,9
BILLS-115s1988.txt,3
BILLS-117hr4990.txt,4
BILLS-112hr1950.txt,8
BILLS-108s1796.txt,6
BILLS-118hr4873.txt,5
BILLS-109hr3685.txt,5
BILLS-107hr4446.txt,3
BILLS-113s2764.txt,5
BILLS-116s4848.txt,8
BILLS-107hr937.txt,2
BILLS-117sres553.txt,8
BILLS-118hr8091.txt,2
BILLS-114s1744.txt,3
BILLS-116s1930.txt,0
BILLS-117s4109.txt,4
BILLS-110hr4062.txt,5
BILLS-117s2578.txt,5
BILLS-117s5217.txt,2
BILLS-106s2123.txt,7
BILLS-115hr481.txt,4
BILLS-107s1358.txt,9
BILLS-113s2957.txt,0
BILLS-112s824.txt,3
BILLS-114hr4595.txt,8
BILLS-108hr3547.txt,7
BILLS-117s1717.txt,7
BILLS-118hr4126.txt,8
BILLS-107s2137.txt,0
BILLS-117s3100.txt,7
BILLS-109hr6064.txt,7
BILLS-116hr5780.txt,5
BILLS-107hr2976.txt,5
BILLS-110hr6107.txt,2
BILLS-118hr3885.txt,3
BILLS-112hres762.txt,7
BILLS-116s2578.txt,5
BILLS-118s1440.txt,8
BILLS-113hr5638.txt,2
BILLS-107s975.txt,7
BILLS-116s2236.txt,9
BILLS-110hr6891.txt,5
BILLS-115hr4858.txt,3
BILLS-110s510.txt,4
BILLS-107s1364.txt,2
BILLS-116s4647.txt,4
BILLS-116hr363.txt,5
BILLS-118hr7375.txt,2
BILLS-110s3415.txt,7
BILLS-113hr4268.txt,4
BILLS-115sres337.txt,5
BILLS-115s1787.txt,5
BILLS-115s441.txt,8
BILLS-110hr7231.txt,8
BILLS-117s949.txt,5
BILLS-115hr2583.txt,8
BILLS-111s3373.txt,7
BILLS-109hr4897.txt,8
BILLS-109s1741.txt,8
BILLS-109sres242.txt,5
BILLS-111s1564.txt,3
BILLS-110s2079.txt,8
BILLS-116hr7815.txt,6
BILLS-115sres445.txt,4
BILLS-118hr8052.txt,3
BILLS-115hr6083.txt,5
BILLS-117hr3782.txt,4
BILLS-109hr6059.txt,7
BILLS-116hr8299.txt,2
BILLS-108hr2116.txt,7
BILLS-111s3372.txt,5
BILLS-115hr2582.txt,4
BILLS-110s263.txt,7
BILLS-108s1032.txt,8
BILLS-110hr1133.txt,9
BILLS-110s1571.txt,3
BILLS-108s311.txt,0
BILLS-116s2223.txt,5
BILLS-109s1026.txt,2
BILLS-116hr376.txt,8
BILLS-110s2078.txt,9
BILLS-117s3883.txt,3
BILLS-111hr5068.txt,2
BILLS-116hr362.txt,4
BILLS-109s1032.txt,6
BILLS-118hr1705.txt,9
BILLS-111hr2707.txt,5
BILLS-116s4646.txt,5
BILLS-117hr2489.txt,4
BILLS-108s1998.txt,4
BILLS-109hr4882.txt,5
BILLS-108hr2102.txt,4
BILLS-110hr7230.txt,7
BILLS-110s277.txt,8
BILLS-107s1403.txt,8
BILLS-110s1203.txt,5
BILLS-107hr3499.txt,5
BILLS-114s653.txt,7
BILLS-111s1571.txt,7
BILLS-118s4277.txt,9
BILLS-108hr452.txt,4
BILLS-109s880.txt,8
BILLS-106hr3798.txt,9
BILLS-118hr2542.txt,3
BILLS-108s2507.txt,6
BILLS-112hr3607.txt,4
BILLS-116hr6288.txt,5
BILLS-111hr4438.txt,7
BILLS-113sres275.txt,5
BILLS-118hres465.txt,2
BILLS-111hr3431.txt,7
BILLS-116hr1281.txt,3
BILLS-112s831.txt,5
BILLS-106s3228.txt,7
BILLS-109hr4114.txt,3
BILLS-115hr494.txt,8
BILLS-111s3428.txt,2
BILLS-112hr1776.txt,5
BILLS-108hr3546.txt,5
BILLS-107hr705.txt,5
BILLS-113hres479.txt,9
BILLS-107s1359.txt,5
BILLS-109s3619.txt,5
BILLS-112hr1762.txt,8
BILLS-117s3667.txt,5
BILLS-107s2888.txt,5
BILLS-108s2513.txt,3
BILLS-110hr2374.txt,7
BILLS-113hr4255.txt,5
BILLS-110s2736.txt,5
BILLS-112s3484.txt,3
BILLS-118hres317.txt,7
BILLS-112hr817.txt,5
BILLS-118hr4127.txt,5
BILLS-107hr2963.txt,8
BILLS-112s170.txt,2
BILLS-107hr1259.txt,0
BILLS-115s3146.txt,6
BILLS-110hr3081.txt,0
BILLS-117hr1631.txt,5
BILLS-115hr6041.txt,5
BILLS-111hres1560.txt,3
BILLS-117hr8615.txt,3
BILLS-111hres547.txt,5
BILLS-112hr142.txt,2
BILLS-113s2771.txt,8
BILLS-118hr4866.txt,8
BILLS-116hr6505.txt,5
BILLS-115s3634.txt,4
BILLS-115s1745.txt,3
BILLS-117s753.txt,8
BILLS-118sres296.txt,8
BILLS-118sjres31.txt,3
BILLS-109hr4841.txt,5
BILLS-114hr443.txt,4
BILLS-115s2264.txt,5
BILLS-116hr5742.txt,8
BILLS-115hr5212.txt,7
BILLS-114hr2132.txt,8
BILLS-117hr2462.txt,8
BILLS-115hr7363.txt,5
BILLS-109hr485.txt,3
BILLS-116hr7633.txt,9
BILLS-118hr6095.txt,7
BILLS-111hr5097.txt,6
BILLS-108hr3585.txt,4
BILLS-106hr4746.txt,7
BILLS-107hr3300.txt,5
BILLS-114hr5891.txt,2
BILLS-113s2995.txt,8
BILLS-117hr2310.txt,10
BILLS-118hr3853.txt,9
BILLS-107hr3466.txt,5
BILLS-115hr3677.txt,5
BILLS-116hr5756.txt,6
BILLS-117hr389.txt,7
BILLS-112s158.txt,3
BILLS-110hr2638.txt,3
BILLS-109s1224.txt,8
BILLS-110hr4249.txt,5
BILLS-115s2927.txt,8
BILLS-116s1528.txt,9
BILLS-111s3616.txt,5
BILLS-112hr1548.txt,3
BILLS-117sres793.txt,4
BILLS-109s466.txt,5
BILLS-117hr160.txt,9
BILLS-107hr2591.txt,3
BILLS-117hr4588.txt,7
BILLS-118hr7604.txt,5
BILLS-107hr1098.txt,5
BILLS-113s1913.txt,5
BILLS-115s2099.txt,6
BILLS-107s3002.txt,8
BILLS-111s1767.txt,6
BILLS-118hr8523.txt,7
BILLS-115s3393.txt,7
BILLS-110s2508.txt,8
BILLS-107s3016.txt,8
BILLS-113hr3704.txt,8
BILLS-109hr3337.txt,4
BILLS-117s592.txt,6
BILLS-107hr2585.txt,8
BILLS-108hr678.txt,5
BILLS-110hr7032.txt,3
BILLS-111s3602.txt,8
BILLS-112hr6233.txt,3
BILLS-107s90.txt,7
BILLS-108hr4017.txt,7
BILLS-112s1913.txt,3
BILLS-108hr3778.txt,4
BILLS-106s3002.txt,6
BILLS-107hr1932.txt,8
BILLS-110s3170.txt,3
BILLS-112hr1574.txt,4
BILLS-110hr313.txt,0
BILLS-109hr5008.txt,4
BILLS-113s820.txt,6
BILLS-109hr3479.txt,0
BILLS-108hr3750.txt,5
BILLS-118s1643.txt,8
BILLS-116s3303.txt,5
BILLS-111hr5242.txt,3
BILLS-111hr461.txt,5
BILLS-110hr4275.txt,5
BILLS-110s3158.txt,8
BILLS-109hr122.txt,7
BILLS-108hr1621.txt,6
BILLS-117s4478.txt,7
BILLS-111hr1742.txt,8
BILLS-114s479.txt,6
BILLS-108s649.txt,8
BILLS-110s1029.txt,9
BILLS-112s1085.txt,6
BILLS-114hr2495.txt,7
BILLS-112hres561.txt,5
BILLS-108s1218.txt,8
BILLS-111hr6039.txt,7
BILLS-108hr4995.txt,7
BILLS-110hr461.txt,2
BILLS-107s2334.txt,8
BILLS-118s649.txt,7
BILLS-114hr1836.txt,5
BILLS-111hr2539.txt,2
BILLS-112hr3377.txt,8
BILLS-113hr2340.txt,5
BILLS-110hr307.txt,3
BILLS-107hr4876.txt,7
BILLS-108hr122.txt,5
BILLS-113hr1891.txt,7
BILLS-115hr5979.txt,7
BILLS-110hr1319.txt,4
BILLS-118s1657.txt,5
BILLS-110s1968.txt,7
BILLS-114s3350.txt,4
BILLS-115s3422.txt,6
BILLS-117hr8417.txt,2
BILLS-117hr9709.txt,5
BILLS-112hr5935.txt,3
BILLS-113hr432.txt,3
BILLS-116sres63.txt,5
BILLS-114s1221.txt,5
BILLS-113s1708.txt,5
BILLS-116hr8058.txt,3
BILLS-109hr6298.txt,2
BILLS-111hr1965.txt,5
BILLS-112s372.txt,2
BILLS-113s2201.txt,6
BILLS-117hr5655.txt,5
BILLS-109s2088.txt,5
BILLS-117hr3230.txt,8
BILLS-112hr6596.txt,3
BILLS-115s859.txt,8
BILLS-113s175.txt,3
BILLS-117hr5641.txt,5
BILLS-116sres77.txt,5
BILLS-112hr4381.txt,2
BILLS-114s1235.txt,6
BILLS-115s3350.txt,5
BILLS-117s2784.txt,4
BILLS-118hr8286.txt,5
BILLS-112hr3388.txt,8
BILLS-116hr6707.txt,8
BILLS-111hres989.txt,9
BILLS-118hr9198.txt,5
BILLS-117hr1341.txt,3
BILLS-109hres856.txt,8
BILLS-116hr4110.txt,5
BILLS-107hres250.txt,3
BILLS-112s1708.txt,7
BILLS-114hr127.txt,5
BILLS-118s3097.txt,7
BILLS-108hr1184.txt,8
BILLS-115hr7161.txt,8
BILLS-118s1858.txt,5
BILLS-117hr3218.txt,8
BILLS-117hr4577.txt,8
BILLS-118hr2783.txt,6
BILLS-114hr3748.txt,9
BILLS-115hr6519.txt,8
BILLS-113hr3937.txt,5
BILLS-115s2072.txt,8
BILLS-112s3645.txt,8
BILLS-116hr1732.txt,2
BILLS-117hr9047.txt,8
BILLS-116hr3125.txt,2
BILLS-115s865.txt,8
BILLS-115hr127.txt,5
BILLS-115hr5004.txt,3
BILLS-111hr1795.txt,8
BILLS-114hr4755.txt,5
BILLS-114s3378.txt,3
BILLS-110s1940.txt,7
BILLS-114hr2324.txt,4
BILLS-115hr1504.txt,8
BILLS-116hr7425.txt,4
BILLS-115hr7175.txt,5
BILLS-117s2960.txt,8
BILLS-118hres868.txt,7
BILLS-113hr5573.txt,8
BILLS-118hr6308.txt,8
BILLS-111s1175.txt,8
BILLS-116hr3904.txt,5
BILLS-115hr5825.txt,2
BILLS-109hr4538.txt,6
BILLS-107s380.txt,5
BILLS-118s2564.txt,8
BILLS-115hr6492.txt,10
BILLS-113hr3670.txt,5
BILLS-111hr4766.txt,0
BILLS-111s3010.txt,3
BILLS-110s101.txt,0
BILLS-117sres195.txt,4
BILLS-110hr7146.txt,7
BILLS-116hr4919.txt,3
BILLS-115hr4291.txt,6
BILLS-118s1079.txt,8
BILLS-110hr1251.txt,6
BILLS-117hr5090.txt,7
BILLS-109s260.txt,8
BILLS-115s1396.txt,5
BILLS-109s3553.txt,7
BILLS-114hr4806.txt,8
BILLS-109hr718.txt,8
BILLS-117s2633.txt,9
BILLS-117hres1264.txt,5
BILLS-107hr1846.txt,0
BILLS-116hr5391.txt,8
BILLS-111s3986.txt,7
BILLS-111s4031.txt,3
BILLS-112hr1400.txt,5
BILLS-117sconres8.txt,9
BILLS-111hr3747.txt,9
BILLS-111hr515.txt,8
BILLS-107s2532.txt,7
BILLS-112hr3217.txt,6
BILLS-111hr4996.txt,1
BILLS-110hr2016.txt,9
BILLS-110s2454.txt,5
BILLS-116hr1849.txt,5
BILLS-111s3038.txt,2
BILLS-114hr3827.txt,0
BILLS-117hr5906.txt,5
BILLS-107hr301.txt,4
BILLS-117s1460.txt,5
BILLS-110s1149.txt,5
BILLS-114s519.txt,7
BILLS-114hr4184.txt,9
BILLS-113hr2552.txt,8
BILLS-118s3652.txt,5
BILLS-117s5160.txt,4
BILLS-108hr1027.txt,7
BILLS-118s3134.txt,6
BILLS-111hr501.txt,5
BILLS-109s1378.txt,4
BILLS-110s2326.txt,5
BILLS-117s3511.txt,2
BILLS-117hr7863.txt,8
BILLS-114hr1942.txt,8
BILLS-116s3263.txt,10
BILLS-112hr91.txt,3
BILLS-116s3288.txt,8
BILLS-110s868.txt,8
BILLS-116s144.txt,5
BILLS-110hr1286.txt,7
BILLS-111s3979.txt,5
BILLS-110hr3491.txt,7
BILLS-115s3556.txt,5
BILLS-108s2856.txt,5
BILLS-115hr3529.txt,5
BILLS-115hr4246.txt,8
BILLS-106hr5060.txt,5
BILLS-113s2375.txt,1
BILLS-107hr2426.txt,8
BILLS-114s2884.txt,5
BILLS-116hr3079.txt,8
BILLS-111hconres183.txt,8
BILLS-115hr4252.txt,7
BILLS-109hr3280.txt,3
BILLS-117hr5735.txt,5
BILLS-110hr7185.txt,5
BILLS-108s2842.txt,9
BILLS-111sconres47.txt,9
BILLS-117s3288.txt,0
BILLS-109s1387.txt,8
BILLS-110hr3485.txt,6
BILLS-117hr8577.txt,8
BILLS-114hr1765.txt,5
BILLS-110s1808.txt,5
BILLS-115hr4534.txt,5
BILLS-114hr3172.txt,5
BILLS-113hr4692.txt,8
BILLS-117hr6572.txt,4
BILLS-107s419.txt,8
BILLS-114hr6022.txt,5
BILLS-115hr1464.txt,8
BILLS-114hr2244.txt,4
BILLS-114s3218.txt,5
BILLS-115hr5602.txt,5
BILLS-110s854.txt,5
BILLS-113hr1932.txt,5
BILLS-118hr5198.txt,4
BILLS-108hr3181.txt,7
BILLS-107s1946.txt,7
BILLS-108hr1796.txt,9
BILLS-113s1640.txt,6
BILLS-110hr5976.txt,7
BILLS-110s2483.txt,6
BILLS-116s2800.txt,5
BILLS-114s2674.txt,9
BILLS-107s1952.txt,8
BILLS-116hr5420.txt,8
BILLS-115s911.txt,3
BILLS-114hjres68.txt,2
BILLS-112s1640.txt,2
BILLS-111hr1187.txt,2
BILLS-112s1898.txt,5
BILLS-107hr1661.txt,6
BILLS-118s4317.txt,5
BILLS-118hr7572.txt,3
BILLS-116hr564.txt,5
BILLS-113hr4309.txt,6
BILLS-110hr5547.txt,3
BILLS-117s4732.txt,5
BILLS-118hr8899.txt,6
BILLS-118s271.txt,9
BILLS-115s90.txt,2
BILLS-111hr1408.txt,3
BILLS-115hr4087.txt,8
BILLS-116hr5811.txt,0
BILLS-110s317.txt,9
BILLS-112hr1158.txt,2
BILLS-115hr4939.txt,5
BILLS-107s1205.txt,5
BILLS-116s4726.txt,8
BILLS-117s196.txt,8
BILLS-115s1180.txt,8
BILLS-118s1509.txt,8
BILLS-113hr787.txt,4
BILLS-112s99.txt,7
BILLS-117s4040.txt,3
BILLS-109s1146.txt,4
BILLS-118hr7200.txt,7
BILLS-116s2343.txt,2
BILLS-108hr268.txt,7
BILLS-107s1211.txt,8
BILLS-107hr895.txt,4
BILLS-106hr4815.txt,3
BILLS-114hres754.txt,8
BILLS-108hr4407.txt,5
BILLS-116s4054.txt,3
BILLS-118hr3700.txt,8
BILLS-113sres329.txt,7
BILLS-116hres681.txt,6
BILLS-113hr5003.txt,7
BILLS-115sres242.txt,5
BILLS-111s1405.txt,5
BILLS-118s2772.txt,5
BILLS-112hr977.txt,9
BILLS-110hr703.txt,3
BILLS-118hr6888.txt,8
BILLS-118s3444.txt,0
BILLS-108s2315.txt,5
BILLS-111hr5134.txt,8
BILLS-117s2419.txt,6
BILLS-107s2730.txt,8
BILLS-114hr2085.txt,3
BILLS-108hr4349.txt,5
BILLS-110s1439.txt,5
BILLS-117hr3813.txt,3
BILLS-118s1535.txt,6
BILLS-106s2056.txt,5
BILLS-109s4002.txt,7
BILLS-109hres507.txt,8
BILLS-116s3061.txt,5
BILLS-116hr5187.txt,7
BILLS-110s2124.txt,3
BILLS-115sres518.txt,0
BILLS-109hr526.txt,8
BILLS-113s1495.txt,5
BILLS-111hr3237.txt,0
BILLS-116s1110.txt,8
BILLS-108s2467.txt,5
BILLS-118hr2422.txt,5
BILLS-108hr3354.txt,8
BILLS-109hr4712.txt,5
BILLS-113hr1259.txt,6
BILLS-117s1851.txt,8
BILLS-117hr1745.txt,4
BILLS-110hr5584.txt,3
BILLS-115s53.txt,6
BILLS-115hr6653.txt,7
BILLS-117s2380.txt,0
BILLS-113hconres36.txt,7
BILLS-115s285.txt,5
BILLS-114s3026.txt,0
BILLS-110hr6933.txt,5
BILLS-109hr5381.txt,8
BILLS-117hr5251.txt,5
BILLS-118hr4912.txt,5
BILLS-116s4929.txt,7
BILLS-116s2380.txt,8
BILLS-115hr2347.txt,5
BILLS-115s3740.txt,5
BILLS-116s1689.txt,8
BILLS-114s1143.txt,6
BILLS-111hres1366.txt,8
BILLS-110s2865.txt,7
BILLS-118hr6863.txt,5
BILLS-107hr1339.txt,3
BILLS-117s2394.txt,2
BILLS-113s2163.txt,8
BILLS-109hr4935.txt,8
BILLS-116sconres47.txt,9
BILLS-117s1845.txt,5
BILLS-115hr4050.txt,8
BILLS-116s4097.txt,5
BILLS-109hr1865.txt,4
BILLS-117hr1779.txt,7
BILLS-116hr7021.txt,2
BILLS-114hr1229.txt,5
BILLS-110hr918.txt,2
BILLS-116hr6459.txt,3
BILLS-114s1619.txt,0
BILLS-117hr9457.txt,3
BILLS-116hr1322.txt,7
BILLS-111s851.txt,9
BILLS-118hr2387.txt,8
BILLS-109s3976.txt,5
BILLS-114s900.txt,5
BILLS-118s1284.txt,7
BILLS-117s1879.txt,8
BILLS-110s1388.txt,4
BILLS-116hr7035.txt,5
BILLS-117hr5533.txt,9
BILLS-106s2913.txt,2
BILLS-115hr2425.txt,5
BILLS-112hr2482.txt,4
BILLS-118hr6867.txt,8
BILLS-110hr5594.txt,7
BILLS-107s637.txt,7
BILLS-117hr1033.txt,8
BILLS-113s1308.txt,8
BILLS-117hr8771.txt,3
BILLS-116s2384.txt,9
BILLS-109s2488.txt,6
BILLS-116s356.txt,5
BILLS-113hr84.txt,0
BILLS-107hr3258.txt,4
BILLS-115hr4726.txt,5
BILLS-118sres494.txt,9
BILLS-110hr1080.txt,8
BILLS-111hr934.txt,5
BILLS-109s1195.txt,4
BILLS-111hr5871.txt,5
BILLS-110hr5580.txt,8
BILLS-110hr4846.txt,4
BILLS-114s1153.txt,5
BILLS-114hr4369.txt,3
BILLS-117s637.txt,5
BILLS-115s1621.txt,4
BILLS-106hr3617.txt,6
BILLS-116s3930.txt,8
BILLS-112s3537.txt,5
BILLS-109hr1875.txt,5
BILLS-118s1280.txt,1
BILLS-116sres704.txt,3
BILLS-118hr4094.txt,7
BILLS-112s1320.txt,4
BILLS-115hr255.txt,5
BILLS-106s2091.txt,5
BILLS-116hr3531.txt,8
BILLS-111s1398.txt,4
BILLS-117hr9453.txt,8
BILLS-112s76.txt,8
BILLS-110hr3873.txt,5
BILLS-108s1803.txt,5
BILLS-111s841.txt,4
BILLS-117hr2512.txt,7
BILLS-108hr2927.txt,7
BILLS-114s2466.txt,8
BILLS-106hr4144.txt,5
BILLS-107hr1315.txt,6
BILLS-117hr6012.txt,8
BILLS-112hr2441.txt,3
BILLS-110hr3126.txt,5
BILLS-110hres936.txt,6
BILLS-110s3564.txt,8
BILLS-118hr8651.txt,4
BILLS-117hr3181.txt,3
BILLS-110s307.txt,7
BILLS-110hr7340.txt,5
BILLS-110hr1731.txt,8
BILLS-116s4736.txt,9
BILLS-110hr6738.txt,8
BILLS-116s3059.txt,0
BILLS-118sres443.txt,9
BILLS-108s1630.txt,3
BILLS-109hr3723.txt,5
BILLS-111s3570.txt,8
BILLS-111s672.txt,3
BILLS-109s3755.txt,7
BILLS-118hr7204.txt,7
BILLS-117hr6947.txt,0
BILLS-118s507.txt,6
BILLS-117s4044.txt,5
BILLS-117s2421.txt,8
BILLS-112hr2333.txt,7
BILLS-118s513.txt,2
BILLS-115sres534.txt,3
BILLS-116s4722.txt,5
BILLS-109s3999.txt,5
BILLS-116s381.txt,5
BILLS-108s1624.txt,5
BILLS-111s666.txt,7
BILLS-116s2353.txt,8
BILLS-111s3564.txt,2
BILLS-117s1128.txt,5
BILLS-107s1567.txt,2
BILLS-110hr1725.txt,7
BILLS-118sres331.txt,5
BILLS-109s714.txt,1
BILLS-117s4736.txt,4
BILLS-112hr2455.txt,5
BILLS-117s2347.txt,8
BILLS-110hr713.txt,7
BILLS-113s2198.txt,4
BILLS-107hr113.txt,6
BILLS-116hr548.txt,7
BILLS-113s1491.txt,6
BILLS-114sres612.txt,8
BILLS-110s3558.txt,8
BILLS-118hr7238.txt,5
BILLS-110hr4113.txt,10
BILLS-109hr522.txt,8
BILLS-111hr5124.txt,9
BILLS-110s1429.txt,6
BILLS-111hr1342.txt,8
BILLS-116hr2834.txt,6
BILLS-109s4006.txt,5
BILLS-108s1618.txt,2
BILLS-108hr244.txt,6
BILLS-107s804.txt,8
BILLS-113hr967.txt,5
BILLS-108s2311.txt,8
BILLS-112hr3011.txt,0
BILLS-111hr5130.txt,8
BILLS-110hr5219.txt,5
BILLS-118hr6654.txt,9
BILLS-117s1672.txt,5
BILLS-112hr1160.txt,6
BILLS-110hr707.txt,9
BILLS-106hr4187.txt,7
BILLS-115s518.txt,7
BILLS-106hr4408.txt,8
BILLS-111s3969.txt,6
BILLS-112hr81.txt,7
BILLS-109s3594.txt,5
BILLS-113s763.txt,4
BILLS-117hres992.txt,6
BILLS-110hr2947.txt,8
BILLS-109hr907.txt,4
BILLS-114s1423.txt,8
BILLS-117s2192.txt,5
BILLS-115hr5148.txt,3
BILLS-107hr2436.txt,4
BILLS-116s4291.txt,6
BILLS-116hr2377.txt,8
BILLS-111hconres193.txt,3
BILLS-107s347.txt,8
BILLS-115hr6455.txt,5
BILLS-116hr8896.txt,5
BILLS-117hr5043.txt,0
BILLS-112hr230.txt,8
BILLS-116hr2405.txt,8
BILLS-115s1345.txt,5
BILLS-114hr3162.txt,6
BILLS-112s564.txt,8
BILLS-118s1914.txt,5
BILLS-118hr390.txt,7
BILLS-112s3053.txt,5
BILLS-117hr6562.txt,8
BILLS-117hr9651.txt,8
BILLS-117sres608.txt,8
BILLS-115hr731.txt,10
BILLS-112s1122.txt,9
BILLS-116s2804.txt,8
BILLS-116hr5424.txt,5
BILLS-113s1888.txt,5
BILLS-118hr6481.txt,4
BILLS-114hr3638.txt,5
BILLS-109hr18.txt,8
BILLS-112s1888.txt,8
BILLS-115hr4518.txt,8
BILLS-115hr2169.txt,5
BILLS-116hr8672.txt,5
BILLS-116hr1130.txt,6
BILLS-112s3047.txt,2
BILLS-117hres1260.txt,5
BILLS-118hr6318.txt,6
BILLS-117s4246.txt,5
BILLS-111hr4004.txt,6
BILLS-110hr2984.txt,6
BILLS-117s2637.txt,8
BILLS-118hr7006.txt,6
BILLS-112hr6343.txt,3
BILLS-112s1863.txt,6
BILLS-113hres737.txt,7
BILLS-108hr4167.txt,5
BILLS-116s4534.txt,0
BILLS-109s2649.txt,8
BILLS-110s1171.txt,5
BILLS-118hr5177.txt,5
BILLS-109s502.txt,5
BILLS-108s1354.txt,5
BILLS-114s521.txt,5
BILLS-110hr1533.txt,8
BILLS-113hr1063.txt,3
BILLS-108hr2270.txt,6
BILLS-116s2623.txt,0
BILLS-110hr7142.txt,8
BILLS-117sres191.txt,7
BILLS-112hr6425.txt,5
BILLS-118hr8453.txt,4
BILLS-113hr5205.txt,5
BILLS-112sres547.txt,4
BILLS-118hr8447.txt,5
BILLS-111hr3019.txt,3
BILLS-110hr5999.txt,8
BILLS-111s1617.txt,8
BILLS-117s4534.txt,5
BILLS-116hr762.txt,8
BILLS-110hr5741.txt,9
BILLS-111hr6161.txt,7
BILLS-109hr3253.txt,8
BILLS-118s1069.txt,8
BILLS-111s302.txt,5
BILLS-113hr1077.txt,5
BILLS-110hr7156.txt,3
BILLS-109hr5622.txt,8
BILLS-109hr5144.txt,3
BILLS-109s3543.txt,9
BILLS-114s253.txt,2
BILLS-109hr3535.txt,5
BILLS-110hr1241.txt,7
BILLS-117s390.txt,3
BILLS-116s1458.txt,8
BILLS-112s1687.txt,6
BILLS-111s4021.txt,3
BILLS-108hr5245.txt,3
BILLS-110s887.txt,7
BILLS-111hr1140.txt,5
BILLS-109s2675.txt,8
BILLS-118hr9017.txt,1
BILLS-118s739.txt,4
BILLS-116hr6688.txt,3
BILLS-113hr4899.txt,0
BILLS-108hr1745.txt,5
BILLS-118s2548.txt,3
BILLS-109hr4514.txt,4
BILLS-109s2107.txt,4
BILLS-106hr4385.txt,5
BILLS-117s2179.txt,5
BILLS-118s3642.txt,8
BILLS-111hr4992.txt,5
BILLS-117hres1248.txt,2
BILLS-117s5170.txt,5
BILLS-109hr734.txt,5
BILLS-111hr511.txt,3
BILLS-111s3982.txt,4
BILLS-109hr4266.txt,2
BILLS-107hr2224.txt,8
BILLS-115s1225.txt,8
BILLS-116hr8048.txt,3
BILLS-118s3905.txt,3
BILLS-114s1231.txt,3
BILLS-115hr4322.txt,5
BILLS-107hr2542.txt,8
BILLS-114s3426.txt,5
BILLS-117s541.txt,6
BILLS-117hr5889.txt,8
BILLS-117hr3220.txt,8
BILLS-107hr2556.txt,8
BILLS-114hr5301.txt,1
BILLS-116s2780.txt,3
BILLS-115hr6521.txt,8
BILLS-110hr3287.txt,9
BILLS-117hr8375.txt,7
BILLS-116s1289.txt,2
BILLS-117hr7046.txt,5
BILLS-114hr679.txt,7
BILLS-114s1225.txt,5
BILLS-115s2738.txt,5
BILLS-107hr1739.txt,8
BILLS-114hr5467.txt,8
BILLS-114hr2308.txt,1
BILLS-118s1860.txt,5
BILLS-111s3809.txt,8
BILLS-117s227.txt,6
BILLS-115hr5996.txt,9
BILLS-117s2964.txt,7
BILLS-118s856.txt,5
BILLS-108hr1194.txt,7
BILLS-118s1690.txt,9
BILLS-108hr3783.txt,3
BILLS-114hr4751.txt,3
BILLS-116hr4896.txt,5
BILLS-106hr3549.txt,7
BILLS-112hjres9.txt,2
BILLS-115hr5000.txt,2
BILLS-115hr123.txt,5
BILLS-110hr5806.txt,5
BILLS-115hr1266.txt,6
BILLS-112hr2904.txt,3
BILLS-114s1219.txt,7
BILLS-110hres1456.txt,5
BILLS-116s2964.txt,5
BILLS-108hconres268.txt,7
BILLS-115s875.txt,5
BILLS-113s159.txt,8
BILLS-117hr2664.txt,9
BILLS-109hr2978.txt,4
BILLS-110s924.txt,4
BILLS-112hr378.txt,5
BILLS-118s1684.txt,4
BILLS-114hr4745.txt,3
BILLS-114s2076.txt,9
BILLS-107hr98.txt,4
BILLS-114hr123.txt,0
BILLS-107s2481.txt,5
BILLS-116hr7435.txt,8
BILLS-114s1594.txt,0
BILLS-116hr8935.txt,7
BILLS-117hr616.txt,7
BILLS-118hr3314.txt,5
BILLS-111s3606.txt,6
BILLS-117hr3591.txt,5
BILLS-107s1163.txt,4
BILLS-114s2923.txt,5
BILLS-117hr4598.txt,5
BILLS-107hr3847.txt,5
BILLS-111sres17.txt,5
BILLS-111hr5508.txt,8
BILLS-109s1552.txt,5
BILLS-112hr4346.txt,5
BILLS-111s1777.txt,8
BILLS-117hr7091.txt,5
BILLS-115s3397.txt,7
BILLS-113hr5371.txt,2
BILLS-115sres124.txt,8
BILLS-109hr1530.txt,7
BILLS-118hr8533.txt,7
BILLS-117s2031.txt,0
BILLS-117s1538.txt,8
BILLS-107hr2595.txt,3
BILLS-118hr541.txt,7
BILLS-109hr2039.txt,6
BILLS-108hr2310.txt,9
BILLS-109s462.txt,5
BILLS-108s117.txt,3
BILLS-115hr876.txt,3
BILLS-116s2025.txt,5
BILLS-109hr5030.txt,8
BILLS-107s80.txt,5
BILLS-117hr3585.txt,8
BILLS-111hr4164.txt,5
BILLS-118hr7166.txt,7
BILLS-111s1005.txt,8
BILLS-118hr1517.txt,9
BILLS-112sres341.txt,7
BILLS-118hr5759.txt,5
BILLS-109hr3469.txt,9
BILLS-109hr5018.txt,8
BILLS-111hr3623.txt,5
BILLS-118s3044.txt,5
BILLS-110hr2614.txt,7
BILLS-118hr6536.txt,8
BILLS-111hr317.txt,5
BILLS-114hr2485.txt,4
BILLS-118hr2988.txt,5
BILLS-108hr640.txt,8
BILLS-112hr1202.txt,3
BILLS-116hr4855.txt,4
BILLS-110hres1481.txt,3
BILLS-112s1081.txt,5
BILLS-110hres1495.txt,5
BILLS-110hr6300.txt,8
BILLS-111hr5520.txt,7
BILLS-110hr4271.txt,4
BILLS-108s2067.txt,8
BILLS-114hr1826.txt,7
BILLS-110s2242.txt,7
BILLS-115hr5969.txt,6
BILLS-116s4468.txt,7
BILLS-107hr517.txt,5
BILLS-113hr1659.txt,7
BILLS-110s1993.txt,6
BILLS-110hr840.txt,5
BILLS-115hr4120.txt,2
BILLS-116s3688.txt,2
BILLS-114s1033.txt,7
BILLS-109s1793.txt,3
BILLS-115s3156.txt,5
BILLS-111hr5911.txt,7
BILLS-116s4681.txt,9
BILLS-117hr3750.txt,6
BILLS-115s1033.txt,7
BILLS-117hr3744.txt,8
BILLS-112s612.txt,8
BILLS-113s2761.txt,6
BILLS-111hres543.txt,4
BILLS-117hr8611.txt,7
BILLS-113hr152.txt,6
BILLS-113hr2813.txt,4
BILLS-112hr3824.txt,4
BILLS-110hr3085.txt,8
BILLS-114s858.txt,8
BILLS-106s2873.txt,7
BILLS-115hr4134.txt,5
BILLS-117s1921.txt,9
BILLS-117hr5453.txt,6
BILLS-115hr321.txt,4
BILLS-112hr608.txt,9
BILLS-106hr4742.txt,4
BILLS-113s2991.txt,8
BILLS-114hr5895.txt,8
BILLS-108hr2847.txt,4
BILLS-109hr481.txt,6
BILLS-115hr6079.txt,3
BILLS-116s1909.txt,8
BILLS-115s2506.txt,4
BILLS-118hr6085.txt,2
BILLS-117hr9533.txt,3
BILLS-115hr3101.txt,5
BILLS-110s298.txt,8
BILLS-118hr8916.txt,7
BILLS-113hr4286.txt,0
BILLS-117s4865.txt,3
BILLS-107hr1261.txt,5
BILLS-116hr7151.txt,3
BILLS-117hr7293.txt,0
BILLS-111hr2065.txt,9
BILLS-111s1575.txt,5
BILLS-118hr6708.txt,2
BILLS-112hr4144.txt,7
BILLS-117hres399.txt,5
BILLS-111hr6203.txt,5
BILLS-108hres745.txt,5
BILLS-117hr372.txt,2
BILLS-108s1022.txt,5
BILLS-113hr1315.txt,1
BILLS-116hr5975.txt,8
BILLS-110s515.txt,3
BILLS-107s1361.txt,5
BILLS-106hr4965.txt,5
BILLS-111s3404.txt,8
BILLS-114hres142.txt,8
BILLS-114s1796.txt,5
BILLS-118hr7370.txt,6
BILLS-111hr4372.txt,7
BILLS-118hr1715.txt,8
BILLS-118s467.txt,0
BILLS-113hr5601.txt,5
BILLS-106hr4971.txt,2
BILLS-110hr129.txt,5
BILLS-108s1750.txt,7
BILLS-108s473.txt,8
BILLS-115hr3698.txt,3
BILLS-111hr4400.txt,5
BILLS-111s1561.txt,3
BILLS-114sconres58.txt,2
BILLS-110hr6116.txt,5
BILLS-109s648.txt,5
BILLS-111hr1550.txt,8
BILLS-118hr2552.txt,4
BILLS-113hr1329.txt,9
BILLS-109s890.txt,9
BILLS-114hr2687.txt,7
BILLS-115hr6910.txt,5
BILLS-117s3663.txt,3
BILLS-110s2054.txt,5
BILLS-116s1706.txt,7
BILLS-113hr5629.txt,4
BILLS-110s529.txt,5
BILLS-108s1778.txt,6
BILLS-111s2726.txt,6
BILLS-107hr701.txt,7
BILLS-109hres463.txt,5
BILLS-116hr3492.txt,8
BILLS-114s119.txt,5
BILLS-106hr4795.txt,0
BILLS-111s2732.txt,5
BILLS-117s4118.txt,9
BILLS-108hr1341.txt,3
BILLS-107s2640.txt,5
BILLS-110s3438.txt,2
BILLS-118s3534.txt,5
BILLS-110hr2364.txt,8
BILLS-111hr5722.txt,5
BILLS-117s3111.txt,8
BILLS-117s2568.txt,8
BILLS-110hr2403.txt,5
BILLS-107s2899.txt,8
BILLS-108s328.txt,7
BILLS-114hr5843.txt,0
BILLS-106hr4794.txt,5
BILLS-116hr2955.txt,3
BILLS-109s3608.txt,8
BILLS-112s1282.txt,4
BILLS-109hr325.txt,7
BILLS-117hr8189.txt,7
BILLS-117s3104.txt,5
BILLS-112hr3616.txt,2
BILLS-112hr2508.txt,5
BILLS-118hr4122.txt,0
BILLS-110hr7209.txt,9
BILLS-116s2568.txt,5
BILLS-118s1336.txt,5
BILLS-108hr2885.txt,2
BILLS-109s2502.txt,3
BILLS-116hr2799.txt,5
BILLS-114hr5857.txt,7
BILLS-108hr3543.txt,2
BILLS-110s528.txt,5
BILLS-108hr5132.txt,6
BILLS-116s1707.txt,5
BILLS-113hr2147.txt,6
BILLS-118hr6053.txt,8
BILLS-117s3662.txt,4
BILLS-107hr4481.txt,3
BILLS-110sconres86.txt,8
BILLS-107s1374.txt,7
BILLS-111hr4367.txt,6
BILLS-118s4500.txt,7
BILLS-115hr6087.txt,2
BILLS-118s466.txt,8
BILLS-110hr5350.txt,4
BILLS-115hr6939.txt,3
BILLS-111s1560.txt,2
BILLS-117s2232.txt,7
BILLS-110s266.txt,5
BILLS-115hr3841.txt,5
BILLS-113hr1300.txt,8
BILLS-117hr5491.txt,3
BILLS-109hr3124.txt,3
BILLS-114hr2876.txt,8
BILLS-116s4131.txt,6
BILLS-108s472.txt,8
BILLS-117hr4957.txt,3
BILLS-108hr4562.txt,8
BILLS-115s451.txt,7
BILLS-117sjres55.txt,2
BILLS-116hr5974.txt,4
BILLS-113hr1314.txt,4
BILLS-111s3363.txt,8
BILLS-108s466.txt,3
BILLS-109s2258.txt,5
BILLS-112hr4145.txt,3
BILLS-118hr6709.txt,3
BILLS-111s1574.txt,8
BILLS-117hr7292.txt,2
BILLS-118hr8724.txt,5
BILLS-107s959.txt,5
BILLS-110s3377.txt,5
BILLS-111hr896.txt,1
BILLS-108hr4210.txt,5
BILLS-116s4643.txt,9
BILLS-111hr6564.txt,5
BILLS-109hr3656.txt,3
BILLS-110hr6895.txt,4
BILLS-118hr3117.txt,6
BILLS-118hr4678.txt,7
BILLS-109hr5227.txt,5
BILLS-107s1360.txt,3
BILLS-110sconres92.txt,4
BILLS-113hr1499.txt,2
BILLS-116s4870.txt,5
BILLS-117hr2467.txt,9
BILLS-118hr6084.txt,7
BILLS-116s1908.txt,5
BILLS-112s3330.txt,2
BILLS-107hr1506.txt,8
BILLS-115hr6078.txt,7
BILLS-109s1962.txt,4
BILLS-118s4299.txt,5
BILLS-117hr1608.txt,4
BILLS-117hr6167.txt,7
BILLS-115hr7400.txt,5
BILLS-116hr5747.txt,8
BILLS-118hr965.txt,7
BILLS-115s1768.txt,5
BILLS-115hr5217.txt,7
BILLS-106hr3986.txt,5
BILLS-116hr5753.txt,5
BILLS-115hr3672.txt,5
BILLS-116hr3322.txt,9
BILLS-115hr5203.txt,5
BILLS-107hr5012.txt,3
BILLS-111hr3385.txt,6
BILLS-116hr8277.txt,7
BILLS-114s1768.txt,5
BILLS-107s2696.txt,5
BILLS-113s428.txt,2
BILLS-109hr3871.txt,5
BILLS-108hr2846.txt,5
BILLS-116hr5035.txt,3
BILLS-117hr1152.txt,7
BILLS-117s3689.txt,5
BILLS-114hr1402.txt,5
BILLS-117s2597.txt,7
BILLS-117hr8610.txt,5
BILLS-109hr1096.txt,7
BILLS-109hr3859.txt,2
BILLS-115s1032.txt,7
BILLS-117hr4994.txt,5
BILLS-116sres659.txt,2
BILLS-114s859.txt,7
BILLS-113s366.txt,3
BILLS-118hr6906.txt,4
BILLS-110hr4933.txt,7
BILLS-114hr1370.txt,2
BILLS-115s2249.txt,8
BILLS-117hr5446.txt,7
BILLS-106hr4019.txt,3
BILLS-110hr1687.txt,0
BILLS-112s161.txt,8
BILLS-117hr3037.txt,5
BILLS-106hr5307.txt,5
BILLS-113s2774.txt,5
BILLS-117hr3751.txt,8
BILLS-111s2900.txt,4
BILLS-116s4680.txt,7
BILLS-115hr4647.txt,9
BILLS-115s3631.txt,5
BILLS-117s3845.txt,4
BILLS-110hr6301.txt,2
BILLS-110hres1494.txt,2
BILLS-108s1209.txt,8
BILLS-108hr4984.txt,3
BILLS-115hres701.txt,3
BILLS-110hr316.txt,3
BILLS-114hr4787.txt,8
BILLS-116s3306.txt,8
BILLS-108hr3755.txt,5
BILLS-110hr6467.txt,2
BILLS-111hr5247.txt,2
BILLS-118s658.txt,8
BILLS-108s2066.txt,8
BILLS-112hr2078.txt,3
BILLS-111hr4159.txt,8
BILLS-114sres217.txt,7
BILLS-118s3045.txt,8
BILLS-113s1080.txt,8
BILLS-108hr5330.txt,7
BILLS-116hr3685.txt,1
BILLS-109hr5019.txt,4
BILLS-118hr5980.txt,8
BILLS-106s2325.txt,3
BILLS-109hr3468.txt,8
BILLS-110hr6473.txt,4
BILLS-113s831.txt,0
BILLS-109s2700.txt,4
BILLS-108s658.txt,7
BILLS-108hr3027.txt,5
BILLS-108hr641.txt,7
BILLS-111hr316.txt,6
BILLS-108hr4760.txt,5
BILLS-109s463.txt,5
BILLS-117hr165.txt,5
BILLS-111s3175.txt,4
BILLS-109hr2038.txt,4
BILLS-116hr1904.txt,5
BILLS-116hr617.txt,3
BILLS-107s597.txt,5
BILLS-107hr66.txt,5
BILLS-117s4327.txt,9
BILLS-107s1176.txt,8
BILLS-109hr5031.txt,3
BILLS-111s3613.txt,3
BILLS-115hr4492.txt,6
BILLS-109s305.txt,7
BILLS-108hr4006.txt,5
BILLS-115s135.txt,8
BILLS-108s116.txt,5
BILLS-107s95.txt,8
BILLS-112hr6236.txt,3
BILLS-109hr5025.txt,10
BILLS-107hr5589.txt,4
BILLS-114s3382.txt,9
BILLS-110hr1320.txt,3
BILLS-115hr863.txt,6
BILLS-109hr2992.txt,8
BILLS-108hres220.txt,5
BILLS-116hr165.txt,2
BILLS-110hr2629.txt,7
BILLS-112hr2050.txt,3
BILLS-113hr2379.txt,0
BILLS-115hr6291.txt,2
BILLS-118s3079.txt,5
BILLS-111hr5509.txt,8
BILLS-117hres1473.txt,6
BILLS-110hr6329.txt,3
BILLS-108s1221.txt,4
BILLS-108hr2305.txt,8
BILLS-117hr4599.txt,9
BILLS-116hr3134.txt,6
BILLS-118hr2786.txt,8
BILLS-116hr5545.txt,8
BILLS-111hr4824.txt,4
BILLS-114s1218.txt,7
BILLS-113s1731.txt,4
BILLS-108hr1181.txt,4
BILLS-118s3092.txt,5
BILLS-115s2705.txt,5
BILLS-111hr5284.txt,6
BILLS-107s568.txt,4
BILLS-108hr3796.txt,7
BILLS-118s1685.txt,8
BILLS-112hr379.txt,3
BILLS-110s925.txt,5
BILLS-115hr650.txt,3
BILLS-114s2063.txt,6
BILLS-109s47.txt,5
BILLS-111s3820.txt,7
BILLS-118s857.txt,9
BILLS-107hr1710.txt,0
BILLS-116hr1737.txt,2
BILLS-108s843.txt,8
BILLS-116hr3120.txt,8
BILLS-106hr3548.txt,3
BILLS-109s488.txt,3
BILLS-114s2705.txt,8
BILLS-114s1224.txt,3
BILLS-117s4482.txt,6
BILLS-112hr2939.txt,8
BILLS-118s3910.txt,7
BILLS-115hr6520.txt,9
BILLS-115hr5029.txt,5
BILLS-114hr5300.txt,2
BILLS-109hr5794.txt,6
BILLS-115hr2746.txt,8
BILLS-112s377.txt,5
BILLS-111sres158.txt,5
BILLS-116hr5579.txt,6
BILLS-107hr4126.txt,5
BILLS-110s919.txt,8
BILLS-111s3808.txt,5
BILLS-116hr2570.txt,8
BILLS-118s1861.txt,7
BILLS-107hr4898.txt,5
BILLS-117hr818.txt,5
BILLS-112hr2087.txt,3
BILLS-117hr8412.txt,3
BILLS-117hr5122.txt,6
BILLS-111hr37.txt,0
BILLS-113s170.txt,4
BILLS-114s3427.txt,9
BILLS-112s363.txt,5
BILLS-117s554.txt,8
BILLS-116s747.txt,8
BILLS-108hr866.txt,7
BILLS-114s1230.txt,4
BILLS-117s4496.txt,5
BILLS-116hr6064.txt,7
BILLS-118s3904.txt,1
BILLS-116hr8049.txt,8
BILLS-117hr8360.txt,3
BILLS-111hr5455.txt,7
BILLS-109hr1479.txt,5
BILLS-109hr6316.txt,4
BILLS-111hr276.txt,7
BILLS-107s1980.txt,3
BILLS-108s738.txt,9
BILLS-110s1158.txt,8
BILLS-109s2106.txt,6
BILLS-113s951.txt,2
BILLS-111s3983.txt,5
BILLS-111hr1155.txt,5
BILLS-116hr5394.txt,3
BILLS-117s1317.txt,8
BILLS-111s4034.txt,5
BILLS-112s1692.txt,6
BILLS-112s3085.txt,4
BILLS-113hr2231.txt,3
BILLS-110s2323.txt,7
BILLS-110hres1292.txt,7
BILLS-109hr4273.txt,4
BILLS-118s1726.txt,3
BILLS-114hr2296.txt,8
BILLS-116hr2389.txt,5
BILLS-117s3272.txt,3
BILLS-111hr4987.txt,4
BILLS-112hr3560.txt,3
BILLS-116s1317.txt,5
BILLS-113s1692.txt,5
BILLS-107s2245.txt,5
BILLS-114sres411.txt,5
BILLS-113hr5238.txt,5
BILLS-117hr3396.txt,10
BILLS-116s2636.txt,8
BILLS-110hr1526.txt,8
BILLS-114hres547.txt,6
BILLS-108s2648.txt,9
BILLS-115hr6497.txt,6
BILLS-108s2890.txt,7
BILLS-118hr8446.txt,5
BILLS-117hr7696.txt,8
BILLS-112hr5887.txt,5
BILLS-111s1170.txt,3
BILLS-116hr8854.txt,3
BILLS-118hr3275.txt,7
BILLS-106s2279.txt,8
BILLS-107hr2386.txt,4
BILLS-115hr2197.txt,8
BILLS-115s1393.txt,2
BILLS-110s662.txt,7
BILLS-117s2636.txt,7
BILLS-112hr4233.txt,5
BILLS-117s4521.txt,5
BILLS-113hr3675.txt,5
BILLS-111s1602.txt,4
BILLS-116s828.txt,9
BILLS-114s2856.txt,6
BILLS-117s1459.txt,9
BILLS-108s1355.txt,5
BILLS-108hr4600.txt,0
BILLS-115s733.txt,4
BILLS-118s1097.txt,8
BILLS-107s1943.txt,7
BILLS-113hr2580.txt,2
BILLS-116hr8115.txt,3
BILLS-111hr4788.txt,4
BILLS-118s3858.txt,9
BILLS-111hr5496.txt,5
BILLS-118hr6494.txt,3
BILLS-113hr219.txt,6
BILLS-111hr3781.txt,5
BILLS-118s1929.txt,8
BILLS-107hr4708.txt,3
BILLS-114hr4630.txt,9
BILLS-117hr788.txt,5
BILLS-106s2292.txt,2
BILLS-116hr5343.txt,8
BILLS-107hr1664.txt,3
BILLS-112hr2865.txt,5
BILLS-118hr7946.txt,9
BILLS-116s2805.txt,7
BILLS-108hconres309.txt,8
BILLS-108s937.txt,8
BILLS-108hr4827.txt,5
BILLS-115hr5175.txt,4
BILLS-116hr8129.txt,5
BILLS-115hr6454.txt,8
BILLS-111hr289.txt,5
BILLS-117hr1542.txt,7
BILLS-114s1350.txt,5
BILLS-116hr6104.txt,2
BILLS-114s2659.txt,2
BILLS-117hr5724.txt,7
BILLS-112s203.txt,7
BILLS-113s776.txt,8
BILLS-112hr6395.txt,5
BILLS-107hr4734.txt,7
BILLS-115hres852.txt,5
BILLS-117hr5042.txt,3
BILLS-117hr9678.txt,9
BILLS-113hr4873.txt,4
BILLS-115s2895.txt,6
BILLS-107s434.txt,5
BILLS-109hr906.txt,4
BILLS-112sjres44.txt,5
BILLS-106hr4409.txt,9
BILLS-112hr225.txt,4
BILLS-115hr4257.txt,7
BILLS-117hr3341.txt,5
BILLS-115hr5149.txt,3
BILLS-112hr1388.txt,4
BILLS-107hr5358.txt,8
BILLS-107s352.txt,7
BILLS-110hr5218.txt,6
BILLS-111hr5131.txt,7
BILLS-109sres468.txt,8
BILLS-118hr9200.txt,5
BILLS-109hr537.txt,5
BILLS-112hr6168.txt,2
BILLS-108hr245.txt,4
BILLS-117s1115.txt,9
BILLS-107hr660.txt,8
BILLS-112s940.txt,9
BILLS-115s519.txt,8
BILLS-107hr2806.txt,0
BILLS-114hr4397.txt,6
BILLS-108hr523.txt,3
BILLS-118s2987.txt,8
BILLS-113s1484.txt,5
BILLS-117s3064.txt,6
BILLS-112hr4019.txt,2
BILLS-111hr5657.txt,9
BILLS-118hr6641.txt,8
BILLS-110hr6063.txt,0
BILLS-107hr112.txt,4
BILLS-118hconres90.txt,2
BILLS-116hr3295.txt,9
BILLS-112hres160.txt,2
BILLS-112hr1613.txt,3
BILLS-108s248.txt,8
BILLS-118hr1648.txt,5
BILLS-109hr1109.txt,7
BILLS-107s2721.txt,0
BILLS-109hr2428.txt,9
BILLS-113hr1512.txt,3
BILLS-111s667.txt,5
BILLS-116s4723.txt,7
BILLS-110s2109.txt,9
BILLS-111hr2662.txt,8
BILLS-118hr8644.txt,6
BILLS-117s4737.txt,5
BILLS-115s95.txt,7
BILLS-114s1191.txt,5
BILLS-117s3058.txt,3
BILLS-108hr4416.txt,9
BILLS-114s736.txt,5
BILLS-113hres246.txt,0
BILLS-115s531.txt,3
BILLS-115hr4096.txt,9
BILLS-118sres324.txt,8
BILLS-106s2709.txt,5
BILLS-118hr3705.txt,5
BILLS-110s306.txt,6
BILLS-110s3565.txt,9
BILLS-118s3469.txt,5
BILLS-107s193.txt,5
BILLS-113hr4318.txt,5
BILLS-113hr3311.txt,4
BILLS-112hr3038.txt,5
BILLS-109hr1135.txt,5
BILLS-116hr2809.txt,5
BILLS-111s3571.txt,7
BILLS-116s2346.txt,6
BILLS-109hr3722.txt,3
BILLS-110hr6739.txt,9
BILLS-108hres156.txt,7
BILLS-114hr4432.txt,5
BILLS-117hr2513.txt,9
BILLS-115hr526.txt,3
BILLS-115hr5405.txt,5
BILLS-107hr5614.txt,6
BILLS-116hres109.txt,8
BILLS-116hr1333.txt,7
BILLS-114s1608.txt,4
BILLS-112s3522.txt,0
BILLS-115hr1105.txt,2
BILLS-110s2848.txt,3
BILLS-116hr7024.txt,9
BILLS-115hr240.txt,4
BILLS-107hr5172.txt,9
BILLS-112s1335.txt,2
BILLS-114s911.txt,5
BILLS-110hr1917.txt,7
BILLS-116hr3256.txt,5
BILLS-116hr5627.txt,5
BILLS-118s1281.txt,3
BILLS-118hr805.txt,7
BILLS-117hr9334.txt,6
BILLS-117hr1768.txt,8
BILLS-113s1335.txt,2
BILLS-115hr6118.txt,5
BILLS-115s3779.txt,8
BILLS-112s77.txt,8
BILLS-111hr2689.txt,5
BILLS-117hr2507.txt,7
BILLS-111s854.txt,8
BILLS-112hr1808.txt,6
BILLS-106hr5529.txt,6
BILLS-117hr8764.txt,4
BILLS-112s2166.txt,8
BILLS-112s3278.txt,6
BILLS-116s1840.txt,7
BILLS-115s280.txt,7
BILLS-107hr3259.txt,2
BILLS-117hr3631.txt,8
BILLS-113s574.txt,4
BILLS-113s212.txt,5
BILLS-110hr4847.txt,3
BILLS-107s144.txt,5
BILLS-115sjres37.txt,3
BILLS-117hr1998.txt,5
BILLS-115s42.txt,5
BILLS-115s7.txt,5
BILLS-114s1146.txt,3
BILLS-117hr1754.txt,5
BILLS-109hr4930.txt,7
BILLS-115hr2424.txt,5
BILLS-108hr20.txt,8
BILLS-116hr2174.txt,3
BILLS-115s1634.txt,5
BILLS-111s868.txt,6
BILLS-112hr6183.txt,0
BILLS-110hr3682.txt,10
BILLS-116hr6474.txt,3
BILLS-107s2906.txt,3
BILLS-110s2876.txt,4
BILLS-110hr5583.txt,8
BILLS-106hr3614.txt,5
BILLS-106s2904.txt,8
BILLS-115s1622.txt,8
BILLS-113s2170.txt,0
BILLS-113s576.txt,4
BILLS-115hr518.txt,6
BILLS-116hr4275.txt,8
BILLS-115s282.txt,9
BILLS-110hr1083.txt,6
BILLS-117hr8766.txt,0
BILLS-115hr6132.txt,5
BILLS-115hr1891.txt,0
BILLS-115hr6126.txt,0
BILLS-107hr2151.txt,4
BILLS-115hr4731.txt,2
BILLS-116s355.txt,4
BILLS-109hr3085.txt,8
BILLS-115hr3738.txt,5
BILLS-117sres353.txt,4
BILLS-109hres299.txt,4
BILLS-116s3927.txt,4
BILLS-114hres948.txt,5
BILLS-111hr5866.txt,5
BILLS-110s2862.txt,6
BILLS-117hr7327.txt,5
BILLS-118hr6864.txt,5
BILLS-115s3021.txt,7
BILLS-117s2393.txt,1
BILLS-113hr2970.txt,8
BILLS-117s608.txt,5
BILLS-117hr3169.txt,2
BILLS-115hr6668.txt,2
BILLS-115hr1107.txt,7
BILLS-112s3520.txt,2
BILLS-115hr7210.txt,5
BILLS-116hr1331.txt,8
BILLS-112s2158.txt,7
BILLS-114hr6227.txt,5
BILLS-116s4906.txt,5
BILLS-110s489.txt,9
BILLS-112s759.txt,8
BILLS-108hr2924.txt,4
BILLS-116hr2638.txt,7
BILLS-118hr2394.txt,5
BILLS-115hr4719.txt,3
BILLS-112s1445.txt,6
BILLS-117hr2505.txt,7
BILLS-116s369.txt,7
BILLS-115hr1675.txt,8
BILLS-113s1451.txt,8
BILLS-107s2086.txt,5
BILLS-107hr5164.txt,5
BILLS-114hr2900.txt,8
BILLS-116s3728.txt,4
BILLS-118hr5362.txt,4
BILLS-111hr6360.txt,8
BILLS-112hr2456.txt,8
BILLS-118s4310.txt,5
BILLS-113hr5776.txt,0
BILLS-117hr7496.txt,5
BILLS-112hr2330.txt,7
BILLS-107hr3298.txt,5
BILLS-106s2079.txt,5
BILLS-111s665.txt,5
BILLS-108hr2703.txt,8
BILLS-107hconres175.txt,5
BILLS-113s2819.txt,5
BILLS-108s276.txt,6
BILLS-108hr3409.txt,7
BILLS-109s4039.txt,8
BILLS-113hr1504.txt,5
BILLS-116s2344.txt,3
BILLS-111s3573.txt,3
BILLS-109hr5351.txt,0
BILLS-109s3756.txt,8
BILLS-118s4462.txt,10
BILLS-109s1141.txt,2
BILLS-110hr5232.txt,6
BILLS-109s1627.txt,8
BILLS-114s1187.txt,6
BILLS-108hr1578.txt,8
BILLS-112hr2442.txt,5
BILLS-110hres935.txt,8
BILLS-117s2350.txt,3
BILLS-118hr4068.txt,9
BILLS-117s1659.txt,3
BILLS-112hr6624.txt,5
BILLS-109hr2358.txt,8
BILLS-111s117.txt,1
BILLS-116s2422.txt,9
BILLS-117hr4835.txt,3
BILLS-108s510.txt,4
BILLS-116s4053.txt,6
BILLS-110s2651.txt,5
BILLS-117s3066.txt,8
BILLS-118hr6657.txt,0
BILLS-117s4709.txt,4
BILLS-108hr1550.txt,6
BILLS-113hr2743.txt,5
BILLS-108hr521.txt,6
BILLS-115s1805.txt,5
BILLS-108hr2059.txt,7
BILLS-106s2723.txt,7
BILLS-117hr3814.txt,2
BILLS-118sres468.txt,5
BILLS-115hr4902.txt,7
BILLS-110s3229.txt,0
BILLS-114hr295.txt,5
BILLS-118s3325.txt,5
BILLS-118hr6131.txt,5
BILLS-118hr9202.txt,7
BILLS-114s1805.txt,5
BILLS-117s3714.txt,2
BILLS-112s3291.txt,0
BILLS-115s269.txt,4
BILLS-110hr1068.txt,5
BILLS-118s1526.txt,5
BILLS-106s2051.txt,8
BILLS-111s2889.txt,5
BILLS-112hr964.txt,2
BILLS-116hr1480.txt,8
BILLS-110s2645.txt,8
BILLS-118s2749.txt,8
BILLS-111hr3230.txt,5
BILLS-117hr1971.txt,7
BILLS-117hr8564.txt,5
BILLS-112hr233.txt,5
BILLS-114s293.txt,4
BILLS-107hr4736.txt,5
BILLS-116hr2406.txt,5
BILLS-115hr3248.txt,8
BILLS-117hr3431.txt,8
BILLS-118s1917.txt,9
BILLS-112hr6397.txt,3
BILLS-107hr5428.txt,5
BILLS-113s774.txt,5
BILLS-107hr2421.txt,3
BILLS-118hr2814.txt,4
BILLS-117hr2049.txt,8
BILLS-115hr4241.txt,5
BILLS-108s1380.txt,5
BILLS-117hr1540.txt,5
BILLS-108s2851.txt,4
BILLS-107s350.txt,8
BILLS-114s1346.txt,7
BILLS-116hr6112.txt,9
BILLS-112hres12.txt,8
BILLS-108hr1961.txt,7
BILLS-108s909.txt,5
BILLS-112s215.txt,9
BILLS-117s1498.txt,5
BILLS-114hr3613.txt,5
BILLS-109hr33.txt,5
BILLS-109s3597.txt,5
BILLS-116hr8659.txt,5
BILLS-110hr3482.txt,5
BILLS-112s2372.txt,3
BILLS-109hr904.txt,3
BILLS-114s1420.txt,5
BILLS-107hr1882.txt,3
BILLS-114s2101.txt,9
BILLS-110s853.txt,5
BILLS-114hr2243.txt,0
BILLS-110sconres3.txt,8
BILLS-118hr3288.txt,3
BILLS-115hr726.txt,3
BILLS-114hr1992.txt,0
BILLS-118hr6496.txt,6
BILLS-117hr4404.txt,8
BILLS-114s2667.txt,8
BILLS-117hr4410.txt,5
BILLS-112s229.txt,7
BILLS-107hr4078.txt,7
BILLS-114s2673.txt,9
BILLS-118hr7944.txt,2
BILLS-107hr1100.txt,3
BILLS-114hr726.txt,5
BILLS-117hr7119.txt,7
BILLS-111hres1639.txt,5
BILLS-113s1135.txt,8
BILLS-114hr1986.txt,2
BILLS-111s1199.txt,0
BILLS-116hr5341.txt,3
BILLS-113hr1921.txt,8
BILLS-117s378.txt,8
BILLS-108hr2501.txt,5
BILLS-118sres656.txt,7
BILLS-109hr3536.txt,4
BILLS-109s273.txt,3
BILLS-108s1425.txt,8
BILLS-108hr4170.txt,6
BILLS-118hr1460.txt,8
BILLS-111s1172.txt,8
BILLS-112hr5885.txt,5
BILLS-112hr4225.txt,8
BILLS-118hr5160.txt,8
BILLS-112hr596.txt,5
BILLS-109hr3250.txt,2
BILLS-115s731.txt,8
BILLS-110hr1530.txt,5
BILLS-107hr3930.txt,8
BILLS-108hr2273.txt,7
BILLS-117s2152.txt,2
BILLS-116hres484.txt,5
BILLS-113hr2569.txt,8
BILLS-118hr1312.txt,7
BILLS-118s2577.txt,7
BILLS-113hr3677.txt,7
BILLS-109s1425.txt,5
BILLS-117hr7858.txt,3
BILLS-115sres721.txt,5
BILLS-115s2698.txt,5
BILLS-111hr2476.txt,5
BILLS-118hr1474.txt,4
BILLS-118s706.txt,9
BILLS-118hr7005.txt,5
BILLS-107hr1699.txt,3
BILLS-114sres349.txt,5
BILLS-112hr6340.txt,5
BILLS-112hr41.txt,9
BILLS-110hr248.txt,5
BILLS-118s1718.txt,5
BILLS-109s267.txt,5
BILLS-117s387.txt,8
BILLS-115hr915.txt,0
BILLS-111hr5331.txt,6
BILLS-110s2335.txt,5
BILLS-117s3502.txt,2
BILLS-110hr2777.txt,3
BILLS-112hr3210.txt,4
BILLS-118s3127.txt,8
BILLS-109hr737.txt,9
BILLS-107s2535.txt,9
BILLS-106hjres105.txt,3
BILLS-112hr69.txt,4
BILLS-110hr260.txt,8
BILLS-111s3759.txt,5
BILLS-109s2662.txt,4
BILLS-106hr5098.txt,7
BILLS-110hr7169.txt,8
BILLS-111hr4991.txt,4
BILLS-117s3264.txt,8
BILLS-111hr260.txt,7
BILLS-113hr3893.txt,2
BILLS-113hr2555.txt,9
BILLS-109hr4517.txt,5
BILLS-109hr3278.txt,6
BILLS-109hr5609.txt,5
BILLS-107s1028.txt,7
BILLS-109hr4271.txt,8
BILLS-111hr5325.txt,4
BILLS-117s4279.txt,8
BILLS-109hr723.txt,3
BILLS-108hr1020.txt,6
BILLS-116s1473.txt,8
BILLS-109hr1309.txt,3
BILLS-118hr7039.txt,8
BILLS-116hr6714.txt,4
BILLS-116hr8739.txt,9
BILLS-113s2560.txt,8
BILLS-118s1863.txt,8
BILLS-108hr3970.txt,9
BILLS-117s224.txt,5
BILLS-115s692.txt,8
BILLS-109hr5796.txt,4
BILLS-116s2783.txt,8
BILLS-110sres532.txt,5
BILLS-115hr6522.txt,7
BILLS-114s1226.txt,3
BILLS-118hr7818.txt,3
BILLS-110hr3290.txt,8
BILLS-108s2931.txt,0
BILLS-117s4494.txt,8
BILLS-112hr435.txt,2
BILLS-114s495.txt,3
BILLS-117hr2129.txt,5
BILLS-118hr2974.txt,2
BILLS-114hr5316.txt,8
BILLS-117hr2897.txt,5
BILLS-114hr3001.txt,7
BILLS-115s1226.txt,8
BILLS-116hr2566.txt,8
BILLS-115hr3328.txt,3
BILLS-114s1554.txt,7
BILLS-113s21.txt,5
BILLS-110s1953.txt,6
BILLS-109hres879.txt,8
BILLS-108hr1183.txt,8
BILLS-116hr7350.txt,3
BILLS-114hr646.txt,8
BILLS-118s4099.txt,5
BILLS-116hr5547.txt,7
BILLS-117hr4570.txt,3
BILLS-115hr134.txt,5
BILLS-118hr2948.txt,3
BILLS-116hr7344.txt,5
BILLS-116hr8077.txt,2
BILLS-110hr5805.txt,8
BILLS-113hr3924.txt,7
BILLS-107s2496.txt,3
BILLS-114hr134.txt,0
BILLS-109hr694.txt,5
BILLS-111s3822.txt,7
BILLS-115s137.txt,7
BILLS-110s1774.txt,8
BILLS-115hr4490.txt,8
BILLS-110hr1336.txt,8
BILLS-107hr4681.txt,5
BILLS-117s2754.txt,6
BILLS-118sconres13.txt,9
BILLS-115hr6287.txt,3
BILLS-114s1583.txt,6
BILLS-107hr64.txt,8
BILLS-108s2058.txt,8
BILLS-109s1545.txt,9
BILLS-107hr2596.txt,5
BILLS-117hr5849.txt,3
BILLS-111s3177.txt,8
BILLS-112hr1229.txt,2
BILLS-108hres550.txt,5
BILLS-109hr5999.txt,4
BILLS-114s456.txt,2
BILLS-109s2058.txt,0
BILLS-115s645.txt,5
BILLS-118hr6509.txt,6
BILLS-107s3011.txt,6
BILLS-112sres430.txt,8
BILLS-113hr3703.txt,2
BILLS-112hr2734.txt,5
BILLS-111hr328.txt,7
BILLS-109hr6248.txt,8
BILLS-113hr5414.txt,5
BILLS-110hr3535.txt,4
BILLS-118hr1500.txt,7
BILLS-110s2269.txt,5
BILLS-108hr4010.txt,5
BILLS-116hr3863.txt,5
BILLS-111s3605.txt,7
BILLS-117hr3592.txt,5
BILLS-118s882.txt,5
BILLS-113hr2353.txt,5
BILLS-117s5007.txt,6
BILLS-110hr2603.txt,4
BILLS-111hr5245.txt,8
BILLS-113hr4722.txt,5
BILLS-110s1748.txt,5
BILLS-113s827.txt,8
BILLS-116s3304.txt,9
BILLS-110hr314.txt,5
BILLS-107hr4865.txt,9
BILLS-118hres1202.txt,7
BILLS-107s1148.txt,2
BILLS-109hr5769.txt,7
BILLS-113s199.txt,2
BILLS-118hr3459.txt,5
BILLS-116hr5584.txt,2
BILLS-109s2070.txt,6
BILLS-111hr5523.txt,2
BILLS-109s1579.txt,3
BILLS-109hr125.txt,3
BILLS-117hr8389.txt,7
BILLS-114sres573.txt,8
BILLS-111hr300.txt,8
BILLS-114hr685.txt,0
BILLS-110s3639.txt,8
BILLS-118s128.txt,7
BILLS-116hr7387.txt,8
BILLS-111hr3146.txt,0
BILLS-116s2768.txt,6
BILLS-116s3476.txt,5
BILLS-106hr3589.txt,4
BILLS-106s3039.txt,5
BILLS-106hr4580.txt,8
BILLS-112hr1567.txt,0
BILLS-111s3639.txt,0
BILLS-118s1888.txt,5
BILLS-111hr472.txt,4
BILLS-118hr6253.txt,7
BILLS-110hr2398.txt,8
BILLS-117hr7247.txt,3
BILLS-113s2004.txt,9
BILLS-113s364.txt,7
BILLS-117s998.txt,4
BILLS-115hr2546.txt,5
BILLS-112s177.txt,7
BILLS-109s878.txt,8
BILLS-109hr5594.txt,8
BILLS-115s1756.txt,3
BILLS-116s4696.txt,5
BILLS-112s611.txt,5
BILLS-117hr3747.txt,5
BILLS-110hr30.txt,7
BILLS-114hr2109.txt,4
BILLS-113s2762.txt,3
BILLS-117s3853.txt,7
BILLS-115s2539.txt,5
BILLS-107s2864.txt,6
BILLS-111hr843.txt,2
BILLS-116s1922.txt,9
BILLS-117hr9518.txt,5
BILLS-118hr4861.txt,5
BILLS-115hr4645.txt,8
BILLS-108hr2878.txt,4
BILLS-113s2776.txt,6
BILLS-106hr5305.txt,7
BILLS-118hr797.txt,8
BILLS-109s2299.txt,5
BILLS-114s697.txt,7
BILLS-117hres359.txt,5
BILLS-113hr145.txt,8
BILLS-109s1948.txt,3
BILLS-116hr5745.txt,4
BILLS-107s2680.txt,1
BILLS-112s3332.txt,6
BILLS-107s2858.txt,5
BILLS-106hr4755.txt,3
BILLS-114hr5882.txt,5
BILLS-112s1525.txt,5
BILLS-107s1389.txt,5
BILLS-107hr4468.txt,10
BILLS-108s1960.txt,5
BILLS-116hr8513.txt,5
BILLS-117hr7509.txt,8
BILLS-108hr1395.txt,8
BILLS-114hr336.txt,5
BILLS-115s2511.txt,7
BILLS-113hr2838.txt,5
BILLS-117s4872.txt,6
BILLS-118s2826.txt,2
BILLS-115hr5201.txt,6
BILLS-114s873.txt,9
BILLS-117s768.txt,7
BILLS-106hr4027.txt,5
BILLS-114hres633.txt,5
BILLS-118hr5216.txt,9
BILLS-116s590.txt,0
BILLS-109hr4891.txt,7
BILLS-116s3884.txt,5
BILLS-110s264.txt,5
BILLS-113hr5164.txt,3
BILLS-111s1562.txt,7
BILLS-118hr1070.txt,3
BILLS-117hres1101.txt,2
BILLS-118hr1716.txt,3
BILLS-109s3636.txt,8
BILLS-115s335.txt,2
BILLS-118hres1028.txt,3
BILLS-117hr3790.txt,7
BILLS-112hr1759.txt,1
BILLS-112hr192.txt,8
BILLS-108s302.txt,8
BILLS-116hr365.txt,7
BILLS-109hr1043.txt,7
BILLS-118hr8726.txt,8
BILLS-111hr5709.txt,7
BILLS-116hr403.txt,7
BILLS-114s654.txt,4
BILLS-108s1021.txt,3
BILLS-116s584.txt,2
BILLS-116s2556.txt,5
BILLS-115s1959.txt,8
BILLS-117s3112.txt,7
BILLS-111hr6228.txt,2
BILLS-118hr2545.txt,9
BILLS-115hr4876.txt,3
BILLS-106hr5488.txt,0
BILLS-116s3106.txt,8
BILLS-108hr3555.txt,8
BILLS-110s2043.txt,4
BILLS-110hr2401.txt,7
BILLS-113hr2145.txt,8
BILLS-114s1971.txt,9
BILLS-107hr702.txt,8
BILLS-110hr6673.txt,6
BILLS-118hr5558.txt,7
BILLS-107hr2964.txt,5
BILLS-117s973.txt,3
BILLS-110hr664.txt,4
BILLS-109hr2210.txt,5
BILLS-112s1294.txt,5
BILLS-111hr116.txt,5
BILLS-117hr1805.txt,7
BILLS-118hr1058.txt,2
BILLS-117hr9281.txt,7
BILLS-111hr5735.txt,9
BILLS-112s3483.txt,5
BILLS-109hr3669.txt,5
BILLS-107s2656.txt,3
BILLS-116hr358.txt,8
BILLS-113hr4535.txt,3
BILLS-116hr1293.txt,6
BILLS-117hr1804.txt,8
BILLS-116s1062.txt,5
BILLS-117s2219.txt,3
BILLS-117s1710.txt,8
BILLS-109hr2211.txt,3
BILLS-108hr2138.txt,8
BILLS-118s1335.txt,9
BILLS-108hr4549.txt,0
BILLS-115hres266.txt,8
BILLS-117hr358.txt,3
BILLS-116hr5787.txt,5
BILLS-115hr6906.txt,5
BILLS-110s2724.txt,7
BILLS-109hr326.txt,5
BILLS-117hr1810.txt,8
BILLS-114hr1398.txt,8
BILLS-118s4259.txt,6
BILLS-116s1710.txt,4
BILLS-108hr1343.txt,9
BILLS-110hr2400.txt,8
BILLS-113hr4521.txt,3
BILLS-112s837.txt,5
BILLS-116hr2956.txt,8
BILLS-115hr492.txt,5
BILLS-110hr4059.txt,9
BILLS-117hr6831.txt,5
BILLS-114s1794.txt,10
BILLS-118hr1703.txt,0
BILLS-118s2166.txt,8
BILLS-110hr2428.txt,8
BILLS-112hr1980.txt,5
BILLS-113hr1471.txt,7
BILLS-110s517.txt,5
BILLS-117sres583.txt,8
BILLS-116s3891.txt,4
BILLS-117hr4798.txt,9
BILLS-116s3649.txt,5
BILLS-108s1020.txt,5
BILLS-118hr5203.txt,6
BILLS-112hr4146.txt,7
BILLS-118s2600.txt,5
BILLS-118hr1065.txt,8
BILLS-117hr7291.txt,5
BILLS-118s4271.txt,7
BILLS-107hr1288.txt,5
BILLS-118s2614.txt,7
BILLS-110s265.txt,5
BILLS-117hr4954.txt,8
BILLS-115s334.txt,3
BILLS-114s3197.txt,7
BILLS-110hr6882.txt,8
BILLS-111hres582.txt,7
BILLS-110hr3722.txt,5
BILLS-107s796.txt,8
BILLS-111s1205.txt,4
BILLS-117s3649.txt,6
BILLS-109s1020.txt,5
BILLS-117hr8808.txt,4
BILLS-116hr370.txt,3
BILLS-118s2199.txt,9
BILLS-110s2095.txt,5
BILLS-112s2039.txt,3
BILLS-116hr7621.txt,8
BILLS-108s1961.txt,8
BILLS-115hr3117.txt,0
BILLS-114hr5897.txt,7
BILLS-108hr2845.txt,5
BILLS-111s923.txt,8
BILLS-118s1490.txt,5
BILLS-111sres417.txt,7
BILLS-115hjres16.txt,0
BILLS-117s769.txt,0
BILLS-116hr3321.txt,5
BILLS-114hr5129.txt,5
BILLS-106hr5338.txt,0
BILLS-114hr6420.txt,2
BILLS-116hr8274.txt,3
BILLS-115s3168.txt,5
BILLS-118s2827.txt,8
BILLS-114s1019.txt,2
BILLS-111sres365.txt,8
BILLS-118hr966.txt,7
BILLS-116hr5744.txt,3
BILLS-115hr3665.txt,7
BILLS-110s65.txt,5
BILLS-114hr5883.txt,5
BILLS-114s2276.txt,3
BILLS-107s2859.txt,5
BILLS-115hr7365.txt,0
BILLS-117hr6602.txt,5
BILLS-115s2504.txt,5
BILLS-107hr1505.txt,4
BILLS-113s2777.txt,4
BILLS-115hr4644.txt,8
BILLS-118hr4860.txt,0
BILLS-107s2871.txt,10
BILLS-116hr6503.txt,5
BILLS-113hr622.txt,4
BILLS-117s2580.txt,5
BILLS-118hr8082.txt,5
BILLS-115s3632.txt,5
BILLS-117hr7534.txt,8
BILLS-117s755.txt,8
BILLS-118hr3869.txt,2
BILLS-109s2298.txt,8
BILLS-114hr3564.txt,2
BILLS-106s2865.txt,8
BILLS-113s371.txt,8
BILLS-115hr3895.txt,7
BILLS-118sres284.txt,4
BILLS-117s741.txt,3
BILLS-115hr2547.txt,0
BILLS-109s879.txt,5
BILLS-106hr5310.txt,8
BILLS-118sjres23.txt,3
BILLS-115s3140.txt,4
BILLS-117hr1637.txt,8
BILLS-112s3469.txt,5
BILLS-112sres182.txt,4
BILLS-107s2865.txt,6
BILLS-117s2594.txt,4
BILLS-115hr1728.txt,5
BILLS-112s2011.txt,7
BILLS-117s3852.txt,6
BILLS-117hr7520.txt,8
BILLS-110hr31.txt,7
BILLS-112s610.txt,2
BILLS-115hr4650.txt,4
BILLS-114hr4579.txt,2
BILLS-110hr6316.txt,9
BILLS-110hr467.txt,5
BILLS-118hr8519.txt,5
BILLS-117s3305.txt,3
BILLS-113hr4051.txt,7
BILLS-118hr6252.txt,5
BILLS-117hr7911.txt,5
BILLS-110s2254.txt,7
BILLS-114hr1830.txt,4
BILLS-118s3046.txt,4
BILLS-107hr4870.txt,5
BILLS-114hr4790.txt,7
BILLS-118hjres130.txt,4
BILLS-110hr6470.txt,7
BILLS-117s1260.txt,5
BILLS-115hr690.txt,5
BILLS-114s319.txt,5
BILLS-112hr3365.txt,7
BILLS-114hr6193.txt,4
BILLS-109hr124.txt,4
BILLS-108hr1627.txt,4
BILLS-113s1929.txt,2
BILLS-112s3694.txt,7
BILLS-107hr273.txt,8
BILLS-106s2454.txt,5
BILLS-108hr4987.txt,7
BILLS-115s3395.txt,5
BILLS-117hr7093.txt,9
BILLS-113hr3702.txt,2
BILLS-111hr2265.txt,8
BILLS-118hr6508.txt,5
BILLS-115s644.txt,5
BILLS-117hr5684.txt,3
BILLS-116s787.txt,3
BILLS-112hr6235.txt,4
BILLS-116s2033.txt,7
BILLS-110s1761.txt,5
BILLS-111s1013.txt,7
BILLS-118hres649.txt,6
BILLS-110s3176.txt,0
BILLS-110hr5151.txt,8
BILLS-118s2370.txt,5
BILLS-115hr7198.txt,5
BILLS-114s1582.txt,0
BILLS-117sres795.txt,5
BILLS-110s701.txt,7
BILLS-111s3610.txt,3
BILLS-109hr3443.txt,5
BILLS-115s136.txt,7
BILLS-115hr5957.txt,7
BILLS-111hr1778.txt,9
BILLS-108s1236.txt,7
BILLS-110hr1451.txt,7
BILLS-117s4442.txt,3
BILLS-112hr4350.txt,5
BILLS-107s3004.txt,2
BILLS-113hr4092.txt,8
BILLS-115hr121.txt,6
BILLS-116s778.txt,8
BILLS-107s1820.txt,5
BILLS-116hr5234.txt,3
BILLS-114hr4753.txt,5
BILLS-116sres316.txt,9
BILLS-108hr3959.txt,5
BILLS-118hr5940.txt,8
BILLS-110s3189.txt,7
BILLS-114hr135.txt,3
BILLS-110s2297.txt,5
BILLS-115s2712.txt,5
BILLS-111hr5287.txt,8
BILLS-116hr3651.txt,7
BILLS-118hr5954.txt,8
BILLS-115hr5016.txt,5
BILLS-115hr135.txt,5
BILLS-111s3189.txt,7
BILLS-108hr4944.txt,7
BILLS-108hr695.txt,8
BILLS-117hr2100.txt,2
BILLS-111hr1787.txt,8
BILLS-111hr4827.txt,7
BILLS-116s2796.txt,7
BILLS-106hr3577.txt,3
BILLS-117hr2128.txt,5
BILLS-114s494.txt,2
BILLS-116s3488.txt,8
BILLS-116hr1708.txt,8
BILLS-114hr6178.txt,5
BILLS-112s2207.txt,2
BILLS-117s231.txt,9
BILLS-118s1876.txt,4
BILLS-113s2575.txt,8
BILLS-113s615.txt,7
BILLS-117hr2896.txt,7
BILLS-112hjres59.txt,3
BILLS-115s1233.txt,4
BILLS-115hr2023.txt,5
BILLS-113s601.txt,5
BILLS-117hr2882.txt,8
BILLS-117hr8411.txt,4
BILLS-113s1068.txt,5
BILLS-116hr8738.txt,8
BILLS-113hr4904.txt,7
BILLS-117sconres46.txt,9
BILLS-117hr9069.txt,5
BILLS-114s1227.txt,8
BILLS-115s3342.txt,5
BILLS-112hres598.txt,5
BILLS-107hr2554.txt,6
BILLS-117s543.txt,4
BILLS-107s1808.txt,2
BILLS-117s1466.txt,9
BILLS-111s328.txt,5
BILLS-113s2398.txt,5
BILLS-118hr2626.txt,4
BILLS-113hr2554.txt,4
BILLS-111hr261.txt,3
BILLS-117hr9690.txt,7
BILLS-115hr928.txt,2
BILLS-109hr4270.txt,7
BILLS-116s3265.txt,5
BILLS-106s2252.txt,7
BILLS-107s1029.txt,5
BILLS-114hr2295.txt,0
BILLS-111s3758.txt,5
BILLS-110s649.txt,7
BILLS-109hres717.txt,5
BILLS-112hr68.txt,5
BILLS-114sres360.txt,5
BILLS-108hr1035.txt,0
BILLS-115sres708.txt,9
BILLS-113hr4131.txt,5
BILLS-110hr2010.txt,5
BILLS-117s1472.txt,5
BILLS-114hr5288.txt,9
BILLS-113hr4119.txt,5
BILLS-111s1601.txt,8
BILLS-111s3016.txt,2
BILLS-111hr1618.txt,4
BILLS-118hr5175.txt,5
BILLS-108s1430.txt,4
BILLS-115hres886.txt,5
BILLS-112hr5648.txt,4
BILLS-115s3587.txt,5
BILLS-118hr7004.txt,5
BILLS-117hres953.txt,5
BILLS-117s4244.txt,10
BILLS-112hr2133.txt,6
BILLS-118hr1461.txt,8
BILLS-113hr583.txt,3
BILLS-109hr3537.txt,9
BILLS-109s272.txt,7
BILLS-107hr2385.txt,9
BILLS-114s2841.txt,8
BILLS-108hr2266.txt,4
BILLS-109hr3251.txt,8
BILLS-115s724.txt,7
BILLS-107s386.txt,8
BILLS-118s4113.txt,5
BILLS-116hr7231.txt,6
BILLS-113hr2597.txt,4
BILLS-107hr1101.txt,4
BILLS-117hr1569.txt,9
BILLS-118s2589.txt,6
BILLS-109hr5813.txt,0
BILLS-116hr2349.txt,8
BILLS-115hr2619.txt,7
BILLS-113sres81.txt,5
BILLS-106s2291.txt,8
BILLS-117hr4377.txt,5
BILLS-116hr5340.txt,8
BILLS-106hr4436.txt,5
BILLS-115hr7007.txt,5
BILLS-115s2666.txt,3
BILLS-113sres95.txt,5
BILLS-115hr727.txt,4
BILLS-111s3943.txt,9
BILLS-113hr1934.txt,8
BILLS-110s852.txt,6
BILLS-116hr5354.txt,9
BILLS-118s1094.txt,3
BILLS-116hr3043.txt,5
BILLS-116hr8116.txt,5
BILLS-108hr1790.txt,5
BILLS-114hr733.txt,5
BILLS-113hr3845.txt,5
BILLS-118hr6497.txt,8
BILLS-117hr5733.txt,7
BILLS-116s4293.txt,5
BILLS-112s214.txt,8
BILLS-113s2367.txt,9
BILLS-106hr5072.txt,5
BILLS-117hr1555.txt,0
BILLS-116hr6113.txt,8
BILLS-107hr1883.txt,5
BILLS-109s1381.txt,6
BILLS-109hr905.txt,1
BILLS-113hr554.txt,5
BILLS-117s5199.txt,9
BILLS-109hr5191.txt,4
BILLS-118s1902.txt,9
BILLS-118hr386.txt,4
BILLS-115hr4532.txt,7
BILLS-115hr2157.txt,0
BILLS-112s566.txt,7
BILLS-117hr3430.txt,5
BILLS-114s292.txt,5
BILLS-115hres851.txt,5
BILLS-116s38.txt,8
BILLS-112hr5847.txt,5
BILLS-113hr540.txt,8
BILLS-116s1499.txt,10
BILLS-117hr7130.txt,8
BILLS-118hr8486.txt,7
BILLS-113hr3879.txt,5
BILLS-117hr1541.txt,0
BILLS-118s3867.txt,8
BILLS-111sconres55.txt,8
BILLS-114hr5277.txt,7
BILLS-118hr4733.txt,8
BILLS-109hr6103.txt,7
BILLS-115sres278.txt,5
BILLS-113hr4327.txt,5
BILLS-111hr1426.txt,2
BILLS-108s1168.txt,8
BILLS-118hr2424.txt,6
BILLS-107hr111.txt,9
BILLS-112hr1176.txt,5
BILLS-117s806.txt,10
BILLS-110s339.txt,8
BILLS-109hr4700.txt,5
BILLS-114hr4394.txt,8
BILLS-113hres279.txt,7
BILLS-118s1255.txt,4
BILLS-108hr2058.txt,5
BILLS-116hr3282.txt,9
BILLS-107s1559.txt,6
BILLS-108hr1551.txt,5
BILLS-118s3442.txt,5
BILLS-110s2888.txt,2
BILLS-111hr3225.txt,8
BILLS-117s3067.txt,6
BILLS-111hr5132.txt,5
BILLS-113hr4455.txt,5
BILLS-111hr3543.txt,7
BILLS-107hconres148.txt,6
BILLS-112hr1604.txt,3
BILLS-109s4010.txt,9
BILLS-111hr1354.txt,5
BILLS-118s1533.txt,7
BILLS-118hr5439.txt,5
BILLS-109s4038.txt,8
BILLS-109hr3721.txt,4
BILLS-108s277.txt,8
BILLS-111hr6375.txt,3
BILLS-108s511.txt,5
BILLS-118hr621.txt,5
BILLS-115hr6682.txt,6
BILLS-110hr4893.txt,2
BILLS-110s3572.txt,3
BILLS-111s1417.txt,7
BILLS-113hr3460.txt,2
BILLS-110hr5541.txt,7
BILLS-116hr562.txt,5
BILLS-116s4046.txt,8
BILLS-110s1365.txt,7
BILLS-116s3729.txt,4
BILLS-117s1894.txt,8
BILLS-109hr5344.txt,3
BILLS-117hr3829.txt,4
BILLS-111sres588.txt,3
BILLS-115s1186.txt,5
BILLS-116s4720.txt,4
BILLS-107hr1465.txt,8
BILLS-113hr4482.txt,3
BILLS-109s3970.txt,3
BILLS-114hr4343.txt,8
BILLS-118hr6681.txt,5
BILLS-113hr2795.txt,3
BILLS-109s1801.txt,4
BILLS-116hr8300.txt,3
BILLS-115hr1106.txt,2
BILLS-111hres1348.txt,9
BILLS-114hr5049.txt,5
BILLS-115hr243.txt,2
BILLS-117s609.txt,9
BILLS-110s488.txt,6
BILLS-112s1450.txt,4
BILLS-117hr4161.txt,7
BILLS-116hr4248.txt,7
BILLS-118s4488.txt,3
BILLS-112s3247.txt,5
BILLS-115hr7211.txt,3
BILLS-116s3098.txt,5
BILLS-116hr2611.txt,4
BILLS-112s1478.txt,5
BILLS-111s2877.txt,8
BILLS-109hr5393.txt,4
BILLS-108s1829.txt,7
BILLS-114s3034.txt,5
BILLS-117hr4149.txt,7
BILLS-117hr8773.txt,0
BILLS-107hr1459.txt,3
BILLS-114hr1561.txt,8
BILLS-116s1857.txt,9
BILLS-114s1623.txt,8
BILLS-107hconres22.txt,0
BILLS-113s2165.txt,7
BILLS-116s3926.txt,4
BILLS-109s919.txt,5
BILLS-114hr3410.txt,8
BILLS-108hr23.txt,5
BILLS-115hr4056.txt,5
BILLS-106hr5264.txt,7
BILLS-116hr4512.txt,8
BILLS-114hr5075.txt,6
BILLS-107hr2622.txt,7
BILLS-115s1623.txt,5
BILLS-118hr3909.txt,4
BILLS-117s635.txt,7
BILLS-108hr37.txt,8
BILLS-116hr9036.txt,8
BILLS-115s55.txt,5
BILLS-115s3034.txt,6
BILLS-116hr6463.txt,8
BILLS-117hr5243.txt,4
BILLS-107hr2144.txt,8
BILLS-112hr6194.txt,2
BILLS-114s3020.txt,7
BILLS-110hr6935.txt,4
